stratum,year,species,estimate,se,ponds,fit,lo,hi
26,1955,BWTE,965628,124305,664698,,,
26,1956,BWTE,526024,80576,557221,595774.1184744284,485639.75714255456,730884.9718821339
26,1957,BWTE,575693,81803,421417,643060.7852536255,544343.692144177,759680.2893078825
26,1958,BWTE,708447,85824,403035,664650.9457856021,570611.9875261728,774187.870901385
26,1959,BWTE,571864,88549,249349,566358.1273927577,474429.2894983841,676099.7593613445
26,1960,BWTE,564205,119538,515330,562376.0446709131,477684.6768997331,662082.8151163113
26,1961,BWTE,648343,174184,358196,452362.32240156806,389868.9365832476,524872.9804479968
26,1962,BWTE,247038,45874,395508,344370.2682057852,297183.74903550535,399049.01263613865
26,1963,BWTE,361940,75819,543023,332565.58997276676,284796.9348168201,388346.42551568075
26,1964,BWTE,445244,69198,366657,272361.22405771364,234551.44752936534,316265.94997214345
26,1965,BWTE,334829,70910,601686,327435.38619644294,282287.1275948418,379804.5381916765
26,1966,BWTE,251321,56630,490191,353752.60311014956,306972.30306496343,407661.873588393
26,1967,BWTE,325913,91026,377493,329993.82533896714,283039.681837353,384737.3062849227
26,1968,BWTE,209753,70785,266132,280687.50979256415,232347.00493125344,339085.404508923
26,1969,BWTE,224547,61207,483245,366002.7701445075,317172.4076837594,422350.8240572353
26,1970,BWTE,251056,72906,531228,423667.87373169465,368582.92488070094,486985.3026708496
26,1971,BWTE,457686,79464,585392,448036.56649537047,389377.4790120029,515532.5506403328
26,1972,BWTE,366006,60680,517134,440327.0669968719,385219.83967823966,503317.60194909835
26,1973,BWTE,366939,101349,683871,515140.9302651063,445552.6341723043,595597.820956379
26,1974,BWTE,855431,218723,947344,657630.4727965215,548997.908120942,787758.6277711341
26,1975,BWTE,624486,135667,428156,558555.9780596988,486581.5960466189,641176.6971070064
26,1976,BWTE,488455,150962,459595,516847.3271966483,451949.4493286398,591064.2440811384
26,1977,BWTE,544647,103196,433788,515587.5339859813,450807.07455101155,589676.8711238694
26,1978,BWTE,256789,52582,295812,455860.5216263741,391707.5727116821,530520.2902738579
26,1979,BWTE,395836,76634,617173,472266.18273787375,403996.67712912516,552072.2322340199
26,1980,BWTE,553333,92789,281191,450021.67522888136,388927.6081650658,520712.60544161964
26,1981,BWTE,740889,123511,365159,388915.2333997859,340058.6172803696,444791.1362460902
26,1982,BWTE,341609,85878,374594,383715.33799186477,334726.89613030385,439873.40817958594
26,1983,BWTE,236166,58621,318745,344050.1286321269,297227.16931674926,398249.22897824965
26,1984,BWTE,353792,93881,386351,309111.11203021946,267831.88712551823,356752.4412646951
26,1985,BWTE,200965,46166,493458,303591.6977222354,261683.23994900304,352211.7768941981
26,1986,BWTE,241978,59465,514467,305551.2316920109,262304.9873018057,355927.4878791533
26,1987,BWTE,487350,149239,325047,278209.83422017936,239635.65687321505,322993.3010251908
26,1988,BWTE,416535,95219,229287,245406.76454862635,205543.8644612741,293000.6217605763
26,1989,BWTE,274275,44086,273985,267795.9623093674,229003.9107412434,313159.1822911361
26,1990,BWTE,440378,88059,467916,372597.69163544005,318501.9594382577,435881.27387634106
26,1991,BWTE,443970,60675,445659,413251.1538356253,355389.15369320323,480533.8440179349
26,1992,BWTE,546843,122554,328103,332210.434763755,287319.18372318347,384115.573265211
26,1993,BWTE,308900,81975,344031,285358.9742766713,246111.356791911,330865.44750181277
26,1994,BWTE,232169,66920,406094,280329.7458885121,242366.14568280496,324239.86530183576
26,1995,BWTE,234587,54801,417916,275884.1142894344,238050.24155014206,319731.0114942005
26,1996,BWTE,312660,70833,522064,323700.47085406666,279680.22965758626,374649.273419968
26,1997,BWTE,209871,51242,653604,421924.99001798604,360350.03691370337,494021.5872499272
26,1998,BWTE,406558,141601,358099,354867.60046643834,306656.4480156271,410658.2942433036
26,1999,BWTE,251439,60568,469520,408067.349146697,354803.9927034642,469326.62783979566
26,2000,BWTE,401764,66836,345901,379273.01472632354,329945.17382446455,435975.52293983
26,2001,BWTE,290175,65727,226432,286026.1039204969,241373.45174386777,338939.2310250928
26,2002,BWTE,171144,30302,249379,265615.2475404746,225878.69475513865,312342.2499074918
26,2003,BWTE,163328,50289,384054,316700.1915266729,275295.50320595736,364332.18176467787
26,2004,BWTE,194029,42710,270952,293324.9467617928,249576.74001766264,344741.75913476374
26,2005,BWTE,403933,88146,539557,383134.4026976302,333843.2417870489,439703.2863229419
26,2006,BWTE,519162,94030,539787,449384.9328848002,393566.65857152187,513119.73081474093
26,2007,BWTE,489195,128001,524874,445667.4976547643,390966.5444848156,508021.7764606539
26,2008,BWTE,555288,89062,525585,425998.42255807633,373583.11676110746,485767.8194756742
26,2009,BWTE,291395,54185,346492,319803.87916932144,277035.03413361014,369175.4057446047
26,2010,BWTE,140630,21884,245872,227657.4558395485,187818.67048744176,275946.56625365355
26,2011,BWTE,203858,40750,485855,312690.29679434584,272513.1672874321,358790.8161744276
26,2012,BWTE,343313,76680,421176,348559.5267119282,302590.1974605582,401512.4900980302
26,2013,BWTE,379341,74827,631385,513792.6372307133,449307.84947806346,587532.2996897248
26,2014,BWTE,461381,79055,621016,639125.5806716384,559912.0791100365,729545.8039021557
26,2015,BWTE,636466,136435,602328,689066.3859467135,604722.9308302111,785173.606017892
26,2016,BWTE,516457,97205,450480,553610.6427641339,483376.2835273235,634050.0231935624
26,2017,BWTE,1059797,221380,756627,716868.1351777462,610442.5310781236,841848.1627182873
26,2018,BWTE,708533,142816,600352,575682.3081495804,494930.9092625784,669608.8559314521
26,2019,BWTE,486416,68090,560981,458300.2307496013,389763.0314696962,538889.234089581
26,2022,BWTE,365718,61806,485905,,,
26,2023,BWTE,321248,70334,338841,282638.08937141596,228139.41750714215,350155.5778322422
26,2024,BWTE,436463,97502,352198,287175.5320890291,233631.43771728632,352990.96318712184
26,2025,BWTE,309225,55057,331507,306011.4907885293,244838.60799083853,382468.40750753693
26,2026,BWTE,257903,57981,455078,360541.70829394134,274596.19642592984,473387.1958586191
27,1955,BWTE,370553,71660,256278,,,
27,1956,BWTE,243837,59276,236564,228369.94789649887,170143.31865868476,306522.95672491594
27,1957,BWTE,226942,45298,122624,211718.04079688506,164462.30535377347,272551.9911839362
27,1958,BWTE,259742,76325,163615,228247.02436120284,180634.58874211568,288409.3489100239
27,1959,BWTE,183504,78997,78160,172298.16873367067,133499.39146449737,222372.99079278033
27,1960,BWTE,159568,29307,144335,170527.63051366108,137187.285821384,211970.61079308073
27,1961,BWTE,138858,33983,105836,129125.21801711306,104281.68707729866,159887.34355254442
27,1962,BWTE,40896,15395,84878,83564.0813252262,66612.76136180923,104829.09798320601
27,1963,BWTE,50870,16865,127949,82434.64266447641,67245.49375357998,101054.65707667796
27,1964,BWTE,100744,41937,97113,68182.93720782886,55224.8622960387,84181.52138371562
27,1965,BWTE,104516,30326,197469,101643.9979209724,82627.46021597408,125037.15213264279
27,1966,BWTE,140224,42849,162580,110428.3908290085,91213.01566108773,133691.76989382776
27,1967,BWTE,134265,39312,155856,113334.88657771425,93947.64057621494,136722.92818426905
27,1968,BWTE,36993,22007,43628,51155.94231427326,37046.63355974767,70638.81876988224
27,1969,BWTE,69957,17248,156377,95628.9687170852,78705.53596015202,116191.31419832082
27,1970,BWTE,98903,24734,187139,131954.62041275747,108542.15870086757,160417.13244584415
27,1971,BWTE,144921,43197,196601,137542.17170793205,112681.52294658411,167887.76459031473
27,1972,BWTE,53064,15992,92732,88997.65595718566,72896.97130554565,108654.48349938546
27,1973,BWTE,40087,14328,136385,103435.2262550021,86180.23582054427,124145.00759433993
27,1974,BWTE,240108,117028,259125,167035.95498888835,133198.4293771107,209469.51393891242
27,1975,BWTE,230985,43651,205809,173802.70863567022,142084.6638036465,212601.2809576738
27,1976,BWTE,148043,56722,144151,144231.66315179502,120606.3835039496,172484.83912007537
27,1977,BWTE,94454,27200,53011,89480.80493656379,69439.94417574228,115305.60035922998
27,1978,BWTE,44691,12973,89800,89990.66736356242,74065.52255669098,109339.94567230319
27,1979,BWTE,58681,10807,124870,105888.29617204929,88377.75627217704,126868.24987600956
27,1980,BWTE,88611,23854,68122,88451.66524721877,72442.38220987364,107998.89300078411
27,1981,BWTE,197403,42480,80505,79602.98695975091,65956.21862902265,96073.35994434907
27,1982,BWTE,55648,14110,86406,78404.91062737508,65079.97991154515,94458.08094658218
27,1983,BWTE,77291,16572,56044,63802.97094552923,50635.582031416634,80394.436839895
27,1984,BWTE,31886,13933,69838,56140.032607756744,45318.75578693742,69545.22926484293
27,1985,BWTE,58471,14532,170249,70817.31910728296,57358.092396871645,87434.78864050003
27,1986,BWTE,48654,10624,70722,57567.92599078232,46456.20440815684,71337.42726296217
27,1987,BWTE,48387,13991,151517,67726.50843318382,55062.178901970234,83303.64028485604
27,1988,BWTE,87584,20214,61562,56183.60390475086,44911.65983130495,70284.58443937717
27,1989,BWTE,74822,14709,111181,71129.9002641892,58498.910271281056,86488.15316611722
27,1990,BWTE,33958,6733,116410,89709.56714962001,73747.43987596972,109126.58733248479
27,1991,BWTE,75035,28088,83147,76255.74354288033,62872.661077449375,92487.55060827521
27,1992,BWTE,91669,28576,78342,65048.00887415955,53326.38221345618,79346.15630881937
27,1993,BWTE,119979,38136,139138,85109.92500127699,70211.19459233595,103170.14794836855
27,1994,BWTE,137373,28966,122543,78144.6705663296,64889.406560220355,94107.6496400531
27,1995,BWTE,74770,23505,93242,59812.315539158764,48990.71534242997,73024.30807858553
27,1996,BWTE,91112,39117,138365,78690.26954789231,65345.87553073977,94759.74529726907
27,1997,BWTE,86233,21278,199007,122293.65714768578,99503.0299538628,150304.35339999537
27,1998,BWTE,55032,15841,78697,77609.14977696812,63108.576984447805,95441.54561729693
27,1999,BWTE,79414,18660,104612,90123.98682453837,75150.594852896,108080.75461077424
27,2000,BWTE,126087,41337,89314,89910.90302420217,74767.50381372747,108121.44408040615
27,2001,BWTE,40114,8969,67556,72771.27465501816,59234.0719128627,89402.2349621069
27,2002,BWTE,45466,13740,80102,74340.47688777205,61415.57795122073,89985.41881818313
27,2003,BWTE,70344,22557,167198,115401.32176156163,94990.17269960775,140198.34563760585
27,2004,BWTE,31209,6968,61827,74115.75975711578,58984.88423927911,93128.0261921158
27,2005,BWTE,83188,13160,98248,84375.1145302543,70607.98032789226,100826.56264820608
27,2006,BWTE,156471,18473,165211,129207.4969277162,108849.648734383,153372.81705946723
27,2007,BWTE,74326,42332,323372,215369.99200426278,167017.2290011732,277721.2490789821
27,2008,BWTE,143717,34049,123835,130755.81629023587,110020.99435980301,155398.37276704764
27,2009,BWTE,80137,19690,95757,86441.25734019968,71916.11754427479,103900.0884044452
27,2010,BWTE,64961,10605,93710,75673.51962928993,62485.970060409905,91644.27738816102
27,2011,BWTE,111666,28744,209769,135772.99300368395,112789.44253777096,163439.9923823112
27,2012,BWTE,101174,30688,143670,128711.48642514278,108804.77541953423,152260.29072613135
27,2013,BWTE,217626,34335,219067,196988.93886767182,164356.0082680327,236101.1468040068
27,2014,BWTE,160795,46992,217032,247810.0823209973,206582.90470858727,297264.85348129953
27,2015,BWTE,235891,32359,178291,230528.039489264,194219.47529997368,273624.3464188314
27,2016,BWTE,234944,74481,137733,177150.52680245644,148767.10719524656,210949.24636264337
27,2017,BWTE,390266,93343,168492,186714.57625068323,155912.76648068876,223601.52905625096
27,2018,BWTE,201907,49298,197911,193845.54224220113,157021.0611288537,239306.0776499116
27,2019,BWTE,115374,22720,157955,141893.1092192179,114567.56282426484,175736.08050631147
27,2022,BWTE,55228,9140,88749,,,
27,2023,BWTE,44872,12079,90994,69090.16329896072,51503.27556773327,92682.46751411707
27,2024,BWTE,53566,16107,87529,72133.92098033888,53369.47268265652,97495.85848332154
27,2025,BWTE,100554,23575,98323,82252.2550852985,60932.43744906747,111031.72218035984
27,2026,BWTE,82930,17093,110957,95454.39805095001,68202.32741867252,133595.7650145329
28,1955,BWTE,188775,24023,188752,,,
28,1956,BWTE,114932,27151,149253,110245.4115458264,80792.17917480772,150435.9814408677
28,1957,BWTE,96440,28111,77390,104832.6182868687,78280.67541084145,140390.68772978778
28,1958,BWTE,88232,19292,115683,115589.29431423073,89726.0803756881,148907.48491541235
28,1959,BWTE,91310,11518,78194,107575.24973032817,84053.87992051696,137678.76468624172
28,1960,BWTE,109777,11922,142519,110658.63096777478,86137.1990268753,142160.7940123703
28,1961,BWTE,70367,22958,81952,78686.33480185515,62602.23630296062,98902.84517291002
28,1962,BWTE,39249,7765,73218,52854.840222245104,42083.28308480694,66383.4646476911
28,1963,BWTE,6926,4080,49067,34888.266604234646,26681.738482000856,45618.88452168346
28,1964,BWTE,56565,12555,62074,33252.69524948111,26198.157882403906,42206.850814405516
28,1965,BWTE,41512,11079,95495,44502.55287827404,36316.75318258228,54533.43262066237
28,1966,BWTE,87240,19231,134933,63917.93779002854,51955.9264689481,78634.00864907479
28,1967,BWTE,166265,53366,215824,99173.53993443647,76397.36496834186,128739.92482859756
28,1968,BWTE,27175,11552,47294,46977.909996583985,35989.541285022555,61321.26025639514
28,1969,BWTE,59130,19497,125330,64860.18086438714,52955.36050206251,79441.30720434172
28,1970,BWTE,49613,16506,86500,61526.639712046905,50764.015039557395,74571.07936214638
28,1971,BWTE,79894,23708,121414,69315.13961118061,56958.90880973298,84351.83678407238
28,1972,BWTE,42279,7429,60060,51697.353504624094,41512.770081155155,64380.5834724412
28,1973,BWTE,25412,9141,121316,69663.18700721498,57147.88119732145,84919.32723184963
28,1974,BWTE,80193,24595,124084,85838.53412937299,70557.4485829264,104429.14376105307
28,1975,BWTE,146093,29427,178280,106460.02414464428,84549.14210637959,134049.10397101552
28,1976,BWTE,96075,32239,104144,93945.22749532686,77775.73022017439,113476.34723793829
28,1977,BWTE,64010,14527,45431,64342.4322434466,50525.976963130044,81937.03191575162
28,1978,BWTE,37065,11193,88634,66784.04176919252,55014.45845233443,81071.5648304268
28,1979,BWTE,79685,12052,100739,74165.77375413808,61069.71674956962,90070.20646757398
28,1980,BWTE,105820,15307,59124,63412.192207756525,52001.11219241588,77327.30995664967
28,1981,BWTE,109386,35539,58943,54902.32046961679,44998.24476822803,66986.27487525444
28,1982,BWTE,43882,9675,66784,52730.233084468426,43356.41368755209,64130.707423816784
28,1983,BWTE,82887,13592,58022,47579.92233359577,38683.454190730896,58522.41110912624
28,1984,BWTE,28174,7705,42892,38454.27564661851,30051.906905958225,49205.90630516486
28,1985,BWTE,18701,4650,89250,39412.196801686456,32070.25929441371,48434.94536401941
28,1986,BWTE,34235,8081,46371,34870.44378781498,27388.140545094608,44396.87491588209
28,1987,BWTE,32896,8935,58119,33184.75000935485,26659.249571138338,41307.525564244715
28,1988,BWTE,47338,20173,52705,35411.012434148426,28261.98851653132,44368.42088722617
28,1989,BWTE,49139,13823,57836,39720.60941296063,31897.390766848457,49462.56650486713
28,1990,BWTE,21839,9426,66153,46676.63888811608,37740.4398624381,57728.755304200684
28,1991,BWTE,29486,7381,73487,51501.6988972014,41760.982890266365,63514.42915670028
28,1992,BWTE,40729,10159,47976,38627.659138090916,30462.462775578504,48981.464876330996
28,1993,BWTE,39621,14348,90746,46785.603658315405,37930.853652770005,57707.44654762405
28,1994,BWTE,36258,10054,69750,39858.14400042957,32156.973521065447,49403.643104605915
28,1995,BWTE,44230,8038,58766,32196.199535434476,25416.665555981574,40784.0777635585
28,1996,BWTE,63272,23531,130494,54419.64249076958,43595.24509259555,67931.66278875148
28,1997,BWTE,32018,9553,143245,74029.67030004272,59015.879106119355,92863.00852823806
28,1998,BWTE,16691,5511,66328,52642.61919621833,42391.017044359396,65373.41043122719
28,1999,BWTE,43301,7575,67172,51987.85866571153,42041.02182522122,64288.100795508566
28,2000,BWTE,40383,16566,63063,52939.643265649145,42765.10753171916,65534.87155423332
28,2001,BWTE,23920,8334,56585,48881.41763723627,39187.688011435195,60973.05331023037
28,2002,BWTE,16343,4946,59887,47628.0209883901,38300.261224440066,59227.49116455122
28,2003,BWTE,33188,13006,159493,77900.92717320952,61200.01603000829,99159.36053791377
28,2004,BWTE,78674,32667,97648,72000.88049704373,58584.596545593195,88489.58767369934
28,2005,BWTE,84591,28806,52992,50227.61895608346,39492.688700184844,63880.525460038036
28,2006,BWTE,122661,39763,170624,85144.74802229812,67899.86910572146,106769.39751522678
28,2007,BWTE,68264,32896,253077,131640.58398032933,99519.10591910318,174129.81347288922
28,2008,BWTE,93312,32223,87338,76794.4601474033,62768.85987844212,93954.05812296047
28,2009,BWTE,82259,17238,107409,66317.08418908644,54851.00527162903,80180.03742252587
28,2010,BWTE,43634,6857,132128,74184.6982557048,61091.241336122745,90084.42675130052
28,2011,BWTE,71676,19640,154782,86774.32025225992,70734.27636146,106451.68145587215
28,2012,BWTE,91334,15866,107654,75618.40736560019,62288.26484571407,91801.29751043001
28,2013,BWTE,97818,23946,157948,109300.17563558804,89154.21565339976,133998.46890487257
28,2014,BWTE,129973,48176,177836,151019.30341833457,121293.02856463628,188030.83965213542
28,2015,BWTE,147099,35824,124503,127955.83561762443,104563.16621351524,156581.86779818725
28,2016,BWTE,80741,26032,90495,92386.12612401207,74287.62554570127,114893.917223819
28,2017,BWTE,145481,64344,138182,114049.65886558601,91570.33938129638,142047.35698526134
28,2018,BWTE,153316,49956,204452,147183.67613025638,110788.90663629468,195534.32899498753
28,2019,BWTE,64491,23604,118747,87986.62753262011,68889.9032777878,112377.08657170033
28,2022,BWTE,26527,6954,64846,,,
28,2023,BWTE,41533,6826,85951,48195.19340628756,35698.73237744811,65066.082540701835
28,2024,BWTE,64828,13599,96686,56273.93608392045,41423.54023420026,76448.21916410261
28,2025,BWTE,83479,13855,70181,52951.74458010371,37901.98063258473,73977.32802559693
28,2026,BWTE,46075,13207,83860,57873.55291771963,40204.71269355092,83307.35137568462
29,1955,BWTE,25282,7981,157117,,,
29,1956,BWTE,18966,13185,95044,57378.22170592148,35947.413135729556,91585.4588396396
29,1957,BWTE,9481,7325,67026,56660.83423980011,36325.01253999242,88381.2533640704
29,1958,BWTE,22122,10503,98759,64918.84170625797,43623.6095714033,96609.52062171609
29,1959,BWTE,56884,31203,111453,72243.20706971991,49286.27214772948,105893.19784776746
29,1960,BWTE,44243,19578,160368,74808.62641614552,50527.745961523186,110757.57447268724
29,1961,BWTE,39542,9547,49751,41063.15021010651,28486.265791174417,59192.81655021914
29,1962,BWTE,19557,10648,52549,26433.98973208818,18693.78641004591,37379.041240175764
29,1963,BWTE,7112,2829,57578,22909.019739870735,16490.372138889812,31826.036490958166
29,1964,BWTE,32003,17030,118608,30567.4563780989,22648.69809219041,41254.88297930745
29,1965,BWTE,13228,3767,104179,33627.627531719845,25439.15763031853,44451.83876939259
29,1966,BWTE,54419,17281,76200,30546.19065446588,23210.955079532632,40199.5419965186
29,1967,BWTE,86491,22228,169890,49851.30541386492,37264.96451851709,66688.71642777378
29,1968,BWTE,51398,19223,80902,41014.86737226212,31822.822254547336,52862.04133965114
29,1969,BWTE,9586,5323,94544,40356.07863273173,31769.23148027356,51263.848910619075
29,1970,BWTE,41304,11739,77844,37307.03002652314,29416.93854737261,47313.36971583706
29,1971,BWTE,31792,6897,78039,36380.87143928359,28823.045952851524,45920.46964247848
29,1972,BWTE,33502,7417,61204,33613.10128867263,26173.92627983151,43166.644780885304
29,1973,BWTE,26779,6291,83588,40501.46965416521,32245.579726679673,50871.12894391662
29,1974,BWTE,33980,12748,64073,42179.756478918,32991.5505234597,53926.89426208436
29,1975,BWTE,106611,21698,145626,60424.826125754014,47813.966985203115,76361.77967533046
29,1976,BWTE,87762,38321,123706,68178.29391681848,54781.657147363425,84851.02502292236
29,1977,BWTE,47847,13100,55778,52037.931761749394,40485.14343155646,66887.40887428242
29,1978,BWTE,54691,12695,145626,57155.69884272741,45067.589204052536,72486.102937736
29,1979,BWTE,58721,12524,153665,64912.34267403484,50741.96152815741,83039.99499690474
29,1980,BWTE,86805,35878,52135,49892.35300264624,38828.383012307255,64108.950592963345
29,1981,BWTE,100397,17817,64692,41088.76782013312,32654.084123466855,51702.16486836082
29,1982,BWTE,57005,23606,103313,43702.06329708175,34933.463313976106,54671.65735205085
29,1983,BWTE,22789,9155,64305,39853.71765760527,31297.89651385734,50748.42043869882
29,1984,BWTE,15364,8591,38815,29545.298328835812,21513.85022206344,40575.00839364792
29,1985,BWTE,17181,7879,75313,28003.19949021224,21967.087989988835,35697.912351696345
29,1986,BWTE,37001,15421,95957,31786.46802542143,25216.76344979368,40067.77283463813
29,1987,BWTE,27999,14027,72083,30997.62382642197,24330.3991417197,39491.85861224835
29,1988,BWTE,1448,1423,74322,32107.081486926498,25224.165040972908,40868.13894270243
29,1989,BWTE,19916,6054,105858,41670.67963802316,32659.216912885448,53168.62146837503
29,1990,BWTE,24993,7963,121656,52706.76933838297,40864.285637926805,67981.20879204107
29,1991,BWTE,31744,13858,93444,49372.685976294444,38924.46383395358,62625.45146190103
29,1992,BWTE,36854,17077,48799,31412.062043935766,23610.026855619348,41792.31340506606
29,1993,BWTE,58058,32553,115923,40804.375119829616,32305.740635515365,51538.73572207638
29,1994,BWTE,60810,22511,121988,44462.04298773007,35303.43266101148,55996.63028875893
29,1995,BWTE,77247,21669,118814,42066.6555918049,33597.18889847532,52671.177878213406
29,1996,BWTE,38827,16064,112943,41929.22025942359,33583.16484907077,52349.429229327165
29,1997,BWTE,30340,4204,104584,44124.13105670275,35385.15156400509,55021.35374459066
29,1998,BWTE,43596,42892,56219,34403.57415885063,26221.038949838516,45139.550616884466
29,1999,BWTE,17389,7203,74707,40838.31550625038,32286.554645991655,51655.18686259396
29,2000,BWTE,9589,2507,54849,38023.2080549755,29301.438552033986,49341.07068581431
29,2001,BWTE,13573,4412,75130,42191.98960050961,33617.58143046998,52953.362814971064
29,2002,BWTE,11206,5941,87493,46034.590373453095,37024.85187407021,57236.785661140166
29,2003,BWTE,55726,18489,177655,64331.74786625308,50088.73162477362,82624.84693224376
29,2004,BWTE,56254,15469,80278,49667.01044494994,39753.38745206023,62052.87359507581
29,2005,BWTE,77441,12552,59577,38731.511294422766,30212.75663907929,49652.2043675295
29,2006,BWTE,66013,9715,120208,53101.34500978016,43429.866186804844,64926.58369517198
29,2007,BWTE,36717,22949,124028,61438.96553248151,50342.23689568307,74981.69963172896
29,2008,BWTE,25340,7828,111987,56164.07424840926,46020.25339430484,68543.80416278186
29,2009,BWTE,26615,5445,137018,57228.64567432871,46846.16728899607,69912.18439522527
29,2010,BWTE,44375,7678,206651,71853.60259849748,56861.03324184303,90799.26818113969
29,2011,BWTE,83180,13206,235202,86259.87100103522,67043.26388249619,110984.53318377135
29,2012,BWTE,59924,14191,134028,66744.114578041,54414.728969367236,81867.11420201103
29,2013,BWTE,56782,22118,118100,63542.69295484243,51678.56459117503,78130.53361476069
29,2014,BWTE,82167,15980,202551,108188.35286403714,85258.21472389568,137285.53586699584
29,2015,BWTE,149397,48031,117447,86275.85403922298,69266.42816639393,107462.20336807678
29,2016,BWTE,65533,21018,78925,56769.33995150469,43722.451800448696,73709.45191359175
29,2017,BWTE,48397,12722,105054,60570.20430635891,47737.26379272824,76852.95214328801
29,2018,BWTE,107283,29060,176261,83245.33710042635,63488.36836863977,109150.48420722375
29,2019,BWTE,40620,13180,109795,54652.28299746775,41877.871701839875,71323.39623419967
29,2022,BWTE,6505,2229,71991,,,
29,2023,BWTE,43255,10849,126614,40897.22597313286,28837.235087313216,58000.81343558962
29,2024,BWTE,33108,11603,140437,48368.930575434606,33045.40745369873,70798.14186855635
29,2025,BWTE,79947,26031,79948,40586.58669885396,27966.58591463243,58901.398436400435
29,2026,BWTE,39679,11367,66210,37281.29743957997,24067.843689999798,57749.05125197959
30,1955,BWTE,117367,14722,525462,,,
30,1956,BWTE,230283,33835,315811,214608.13137407418,161792.60580610204,284664.73991442967
30,1957,BWTE,298307,81160,164066,180132.45305260515,137059.13487346857,236742.3424400303
30,1958,BWTE,61704,14266,209975,193743.81732621012,152356.10035626413,246374.55713527362
30,1959,BWTE,61704,22441,57531,109022.20348006673,76383.91678566039,155606.59038998658
30,1960,BWTE,99675,45354,166280,123364.49311804754,97463.58505046926,156148.55696506644
30,1961,BWTE,42709,19440,142170,108852.94964085467,86362.99012044513,137199.56463977712
30,1962,BWTE,39862,18383,160311,88033.0677636995,70377.59951159445,110117.72316291282
30,1963,BWTE,96807,25761,144989,69918.4428057563,55515.657237886655,88057.83607017444
30,1964,BWTE,71225,26754,196851,76350.45815947067,62367.27438102227,93468.770585474
30,1965,BWTE,88084,17895,327925,116440.76801739467,96510.19920699572,140487.2497195914
30,1966,BWTE,203966,48296,350761,147958.22843732324,123063.52747491433,177888.91486775875
30,1967,BWTE,167964,47466,282303,143538.0368257652,120469.83967058036,171023.45343974233
30,1968,BWTE,92170,16195,231448,129830.01638196339,108882.34368968997,154807.77307457014
30,1969,BWTE,141811,31345,386743,185075.7780465955,154818.41846538428,221246.56716611065
30,1970,BWTE,255267,54775,278096,161591.43286820585,136939.6942996592,190680.9512752422
30,1971,BWTE,217127,99389,294264,159306.30148291757,135364.34446111007,187482.88401350344
30,1972,BWTE,230001,73543,349128,186249.99190509605,157887.2459854385,219707.80013382222
30,1973,BWTE,96414,30586,266781,174674.7677680409,148190.5848673609,205892.1254823872
30,1974,BWTE,136968,49478,427648,239664.4892510762,201518.65461221014,285031.0186841578
30,1975,BWTE,255376,37148,395299,267627.11536355084,227340.46916849207,315052.8946288548
30,1976,BWTE,181565,42308,201874,197915.7884519646,166363.33632003484,235452.47519687752
30,1977,BWTE,294909,64285,176065,168825.21528008493,140036.45784399565,203532.37830479085
30,1978,BWTE,93117,37063,274088,195675.02964974238,166948.25846711334,229344.81365656143
30,1979,BWTE,198621,37374,433416,241833.31161036697,202141.94344947283,289318.23651460686
30,1980,BWTE,290589,65976,265432,211096.55810056542,180184.17306446246,247312.2699070969
30,1981,BWTE,180501,29170,145930,152498.9516479506,125851.2646563644,184789.00722391668
30,1982,BWTE,52055,20769,283612,161619.2594725628,137690.41055590924,189706.63916971342
30,1983,BWTE,125840,18502,384934,186555.26537339683,157600.63551625807,220829.48412316685
30,1984,BWTE,170148,34414,283066,162173.50791402522,138331.713572443,190124.4912676312
30,1985,BWTE,325166,69941,622251,190612.13558622505,153330.89502927367,236958.026142121
30,1986,BWTE,167043,37044,343774,170137.0931564945,143647.32844143256,201511.7912864193
30,1987,BWTE,136125,28817,223794,131000.08143525082,110412.77175465328,155426.05319406
30,1988,BWTE,140707,72806,217588,130840.78196537569,109916.19491194746,155748.7523929031
30,1989,BWTE,158862,70367,208088,143196.81997079527,120035.01556237973,170827.8967906007
30,1990,BWTE,146822,50323,212982,158833.1552640879,133740.69368974466,188633.47059998353
30,1991,BWTE,181724,71412,194812,155705.10274286498,131036.29791356527,185018.0400865577
30,1992,BWTE,258261,33152,247891,171958.58216533947,146171.00249915573,202295.62276200845
30,1993,BWTE,116013,33450,167698,122565.74145029995,100788.8154723191,149047.89690069883
30,1994,BWTE,133704,44949,407268,199778.97507682015,168411.56203005015,236988.7102859552
30,1995,BWTE,125855,25324,344941,198577.24465915575,170178.56227437992,231714.97966262206
30,1996,BWTE,217003,33522,408311,229484.24324108494,195989.97529049127,268702.61000787246
30,1997,BWTE,161430,28838,461590,290374.6485545449,246012.0006867778,342737.08716563106
30,1998,BWTE,154764,28901,146488,145075.25989339678,117254.6331762183,179496.79652748563
30,1999,BWTE,154192,24847,313141,232319.70929893447,198788.1310476086,271507.3935466265
30,2000,BWTE,203682,44397,214417,214412.42493021756,182909.26550634188,251341.49348416802
30,2001,BWTE,105556,36469,139687,149134.01038681407,122563.21856757448,181465.1517314059
30,2002,BWTE,91493,41771,72858,88093.83252674284,65749.39681858015,118031.85587638375
30,2003,BWTE,82280,15163,136837,115661.15667821198,93447.59809428702,143155.13118533263
30,2004,BWTE,71220,16633,148151,137961.88217162344,112649.54282319949,168961.9012676284
30,2005,BWTE,287227,51549,411543,273523.7055931528,235155.5208664426,318152.07759422023
30,2006,BWTE,439890,124708,456112,365652.63350848644,315257.8331218864,424103.17633566645
30,2007,BWTE,449625,89110,477294,388700.05895088776,334817.73195880273,451253.68642964837
30,2008,BWTE,710464,100566,422393,349290.3159517269,303858.61856679694,401514.7748420282
30,2009,BWTE,343036,75968,328293,268587.4157214792,235116.89526199197,306822.69686981715
30,2010,BWTE,226004,53106,244447,193616.41837393676,165970.48046462977,225867.3793014674
30,2011,BWTE,279042,54444,455751,294963.2612564142,254876.01917965457,341355.47852265206
30,2012,BWTE,279343,34744,317751,266909.07717673696,231657.43062731868,307525.01780936244
30,2013,BWTE,469434,111349,547969,459631.8513791163,391896.9307830186,539073.9814677525
30,2014,BWTE,472572,115300,491388,536220.1482595195,461238.59460959426,623391.1271948882
30,2015,BWTE,353114,78007,356857,429096.48856841325,372645.349314485,494099.2738550336
30,2016,BWTE,237147,45913,327781,371484.47578164324,322176.69031545863,428338.61013234436
30,2017,BWTE,399853,63791,461745,457756.26094846585,386728.46760190435,541829.2471120069
30,2018,BWTE,269509,35669,343056,316774.764989954,268924.4282430291,373139.221267608
30,2019,BWTE,157942,38956,247386,192317.2001471008,159678.2682526741,231627.67154947922
30,2022,BWTE,113857,27107,282063,,,
30,2023,BWTE,166788,28919,199835,133746.67525771563,104805.40102767322,170679.87877618615
30,2024,BWTE,124584,25285,208458,135926.94308235872,107048.85919342501,172595.33632516838
30,2025,BWTE,159348,22902,202630,144397.7908960841,112063.26502777541,186062.06066279864
30,2026,BWTE,226909,64518,304799,186636.8112321177,136150.92042130348,255843.2891904474
31,1955,BWTE,479488,240418,844690,,,
31,1956,BWTE,641577,191571,414848,247777.07783486228,187179.35666516615,327992.7946873249
31,1957,BWTE,403137,125328,399228,250507.89342854082,195806.58534586505,320490.7769529743
31,1958,BWTE,109946,38624,318945,252956.70581068224,199427.1751589864,320854.4420467298
31,1959,BWTE,61081,14603,218670,205576.9625295612,159518.15453172926,264934.65679152164
31,1960,BWTE,146595,35872,692558,262663.88107431494,201058.98965230354,343144.63899541146
31,1961,BWTE,54961,25419,219363,156897.24837181275,122431.66350038629,201065.1970482181
31,1962,BWTE,51297,42844,383369,128600.62202402503,103942.7060035882,159108.03769525915
31,1963,BWTE,69618,28212,198501,83722.76365213793,64662.41779702524,108401.47016392909
31,1964,BWTE,86070,31375,357343,92661.84239396757,75649.82938372981,113499.48976476004
31,1965,BWTE,73527,25425,439897,117920.91999769247,97811.18279637046,142165.16941678556
31,1966,BWTE,128501,44312,587304,158854.77597627227,131543.80552337208,191836.01804790457
31,1967,BWTE,191720,58547,642054,196358.67072006216,162261.70522635215,237620.62350548984
31,1968,BWTE,136753,30814,329573,143271.73061971826,118183.5594120948,173685.65388349965
31,1969,BWTE,114049,39824,469731,161915.00561244963,136260.37383644076,192399.80270381732
31,1970,BWTE,118295,43016,603695,199601.5475635891,166993.83172720193,238576.34367515374
31,1971,BWTE,201901,62141,406953,166335.29531865494,140067.5029334476,197529.26188660762
31,1972,BWTE,222092,65129,646164,206762.60692918982,173423.7303967875,246510.52959328203
31,1973,BWTE,157647,65701,466551,202286.68410995931,171138.91832290904,239103.43111432905
31,1974,BWTE,170891,34384,836676,274797.365805503,226854.09943275576,332872.94539734424
31,1975,BWTE,442420,112736,806149,317953.83189449814,263992.3151157605,382945.3867703112
31,1976,BWTE,222596,72796,398981,247394.02905717233,209526.29455949325,292105.60775589297
31,1977,BWTE,376723,114203,254673,189338.81737768007,154468.73620500037,232080.54035220356
31,1978,BWTE,139567,49472,393614,199309.33466414898,168066.98866246827,236359.38979096324
31,1979,BWTE,204900,45568,697459,244360.2379092068,201821.03324389775,295865.7227707439
31,1980,BWTE,274871,87969,311330,211614.97435076584,177064.16975450958,252907.73074847218
31,1981,BWTE,150712,37239,160516,152254.42295669485,119123.59196801129,194599.6500516969
31,1982,BWTE,56266,27659,629722,176879.0655352416,145197.49744878436,215473.43703809977
31,1983,BWTE,155085,47838,715446,217585.1320948821,177651.0924649727,266495.9108995174
31,1984,BWTE,117035,37161,548332,192899.7153414075,160959.47883571888,231178.06076381638
31,1985,BWTE,324174,105759,737129,186913.06385855525,152487.8487348268,229110.01585277912
31,1986,BWTE,131163,40297,402474,161352.36055798613,134901.03804667218,192990.24406785576
31,1987,BWTE,127458,47653,260876,128709.79018787047,105125.76360303421,157584.6825975159
31,1988,BWTE,230701,122883,378725,151258.54620719157,125662.07372911007,182068.8384471016
31,1989,BWTE,122415,63522,220599,144549.9178259067,116554.36188462417,179269.81372142717
31,1990,BWTE,173771,69857,284859,163520.94869090308,135072.9110400605,197960.4974445436
31,1991,BWTE,115171,45096,213222,151201.4248039156,121896.95016641339,187550.80280124466
31,1992,BWTE,259651,95586,376385,190482.42907206476,159435.84821090082,227574.64015996267
31,1993,BWTE,112213,58136,189633,125437.89822722669,97899.44831797217,160722.72706337145
31,1994,BWTE,169611,46977,564677,203004.2121539891,169254.1059666153,243484.2565083205
31,1995,BWTE,195954,63920,680902,270738.1232309059,224864.7162947329,325969.91016820597
31,1996,BWTE,401003,115342,666917,290483.3489852808,242781.72162221067,347557.36747351964
31,1997,BWTE,361444,117264,497368,268421.65661454346,228181.51558362905,315758.2048458667
31,1998,BWTE,268226,87737,284623,205232.7056237219,170134.42807423623,247571.6639741752
31,1999,BWTE,319731,136947,344405,237306.74303975518,200425.65156061394,280974.46536231134
31,2000,BWTE,328131,114713,272859,226389.07905523296,189308.34416065126,270732.9956464197
31,2001,BWTE,97502,26109,202365,182533.41411747035,148512.4032138049,224347.90999518902
31,2002,BWTE,66230,25650,127377,130400.10574190175,99335.78242944408,171178.8759461057
31,2003,BWTE,280282,120520,275468,178997.3840797031,148830.0227110291,215279.57144497844
31,2004,BWTE,155902,80409,277817,208261.02502335267,173930.78463573527,249367.32525304967
31,2005,BWTE,291714,60245,527635,302833.1722628696,259266.27146847185,353721.0208769675
31,2006,BWTE,420722,123960,624197,387383.5493459082,330018.1671565311,454720.46462416655
31,2007,BWTE,478343,139603,1076681,542750.9101512068,433333.468490378,679796.4429015811
31,2008,BWTE,494281,159429,382709,325016.5674895046,276151.5161024511,382528.29690592474
31,2009,BWTE,396103,152616,437833,269731.0087705001,231871.58687637417,313772.0238708761
31,2010,BWTE,309900,100507,761893,370541.2410346234,307935.07401048526,445875.84492828435
31,2011,BWTE,235723,68214,586465,347283.1697597049,295262.4977721578,408469.07720537717
31,2012,BWTE,395752,112821,392778,269133.96783671295,229260.61199893153,315942.1586289337
31,2013,BWTE,299459,53619,459849,320731.8175671914,274773.8150644733,374376.6442075888
31,2014,BWTE,214675,66363,405130,342531.86438488227,290944.75019607734,403265.8366920596
31,2015,BWTE,353526,126267,397514,358080.66527671646,303145.3704083349,422971.2057693706
31,2016,BWTE,271287,68881,384075,344030.57509291277,290798.58863117796,407006.9155283054
31,2017,BWTE,383719,87281,477636,373534.73555430956,313627.2944935553,444885.3818381395
31,2018,BWTE,261577,86541,346804,257458.72640462828,212796.3020039109,311495.05502532184
31,2019,BWTE,113273,37106,247444,161700.58463293605,127913.44684637188,204412.27810893714
31,2022,BWTE,168603,48728,457794,,,
31,2023,BWTE,247994,76504,329244,185328.95127884712,142835.75500209696,240463.7423004698
31,2024,BWTE,115938,35435,252485,160183.3032730616,120416.86677886824,213082.197983019
31,2025,BWTE,161275,55500,219272,156611.02208497596,112234.87894507454,218532.88807398142
31,2026,BWTE,277353,86882,433399,215728.17010421498,153127.14015272877,303921.5865332269
32,1955,BWTE,652380,81954,958005,,,
32,1956,BWTE,803504,118049,729674,437108.78642838675,346305.3241689794,551721.4949882417
32,1957,BWTE,408580,82720,344416,348644.69325449684,281144.14051344554,432351.6112145649
32,1958,BWTE,80419,16632,368032,346923.65517982736,286327.67630142585,420343.6568829249
32,1959,BWTE,63557,12593,160002,217223.00849975093,169189.8141219402,278892.88528725854
32,1960,BWTE,64854,15178,394964,274598.265562093,227974.93116324718,330756.5751416531
32,1961,BWTE,89624,25927,252231,195163.6634548532,161488.85133849518,235860.58862528863
32,1962,BWTE,35014,9955,311113,161938.1934572958,135283.19271762267,193845.05919334717
32,1963,BWTE,168844,33671,268896,126267.3704801983,104334.75207488849,152810.5308242828
32,1964,BWTE,247811,78010,322555,129221.30350115258,108400.90565552012,154040.64364186116
32,1965,BWTE,195170,42431,610148,223800.40412166202,191625.49223159064,261377.65023709173
32,1966,BWTE,385835,76656,595118,274289.71750888566,236180.31789650634,318548.3439143817
32,1967,BWTE,441728,112535,688814,344197.3179548727,295392.3773305321,401065.8459028636
32,1968,BWTE,195575,42925,404228,251405.96642735257,215644.70084728088,293097.67273174383
32,1969,BWTE,354443,71676,781769,401560.34884376376,342904.8541202859,470249.14295019256
32,1970,BWTE,403202,83174,733388,431061.95619473496,369193.639831318,503297.97166421637
32,1971,BWTE,390537,78300,495343,316742.57239436044,275208.12892179535,364545.3990042053
32,1972,BWTE,204368,49025,357204,242663.0880611559,207612.3097043311,283631.420464602
32,1973,BWTE,170818,30261,326802,235979.29092991087,199231.77249220686,279504.74490689853
32,1974,BWTE,374352,62439,755035,453538.2772740289,392070.71125727164,524642.5276019108
32,1975,BWTE,929993,146062,785676,581511.839092827,504912.8392130513,669731.4719351686
32,1976,BWTE,510549,106828,553390,495591.9689442041,434718.64560442604,564989.3377370522
32,1977,BWTE,507204,162058,265677,315942.47250862175,265225.6266159676,376357.47046191234
32,1978,BWTE,260091,63247,566432,406576.3770504849,351907.6096731849,469737.92504520004
32,1979,BWTE,452153,110698,660383,482047.3820210684,414995.1988570784,559933.4140571406
32,1980,BWTE,408479,87517,358224,362877.31266426906,314930.1762221814,418124.25098807376
32,1981,BWTE,257346,41732,126223,201653.31701827445,159593.90745198482,254797.07160316771
32,1982,BWTE,212026,38813,704505,332148.7837854535,279106.41068598063,395271.5177663147
32,1983,BWTE,338452,56726,711918,424291.44788146415,360456.39907542,499431.3686956688
32,1984,BWTE,330739,71554,266938,252802.47977368036,212111.11440987934,301300.07075548806
32,1985,BWTE,335030,82415,722930,310895.3797116402,264499.67575631663,365429.3217927948
32,1986,BWTE,251277,51635,615206,337255.7381072441,288826.81661278324,393804.95973388053
32,1987,BWTE,189721,46491,347497,250583.0272345579,214263.05699578172,293059.63621750905
32,1988,BWTE,183841,86048,149146,148469.47475846906,116844.18156664234,188654.53666157354
32,1989,BWTE,187096,77408,222911,180475.20323468352,148818.88714495386,218865.3578014929
32,1990,BWTE,235149,66504,277138,245813.73982001538,208745.13250292328,289464.9276837918
32,1991,BWTE,330650,80748,437338,372146.4158183104,321727.1735290128,430467.0733506622
32,1992,BWTE,441101,77377,349776,327850.7287382006,283033.7636209022,379764.2336344613
32,1993,BWTE,159610,32024,337279,278014.4323811491,238175.48311344493,324517.1316621103
32,1994,BWTE,462096,72627,742871,490934.0894657129,424919.26644114725,567204.8768654978
32,1995,BWTE,248651,57350,343488,283849.29057593184,240293.04513598868,335300.67303805106
32,1996,BWTE,714957,95133,1041421,678081.2780866347,579967.1409394399,792793.5692129423
32,1997,BWTE,707823,105822,972050,880021.3472052837,758374.0968458416,1021181.465398107
32,1998,BWTE,561617,93072,344989,419764.10910193954,360684.8706943367,488520.37223226845
32,1999,BWTE,920421,168093,807043,797974.2043966937,692247.5636969488,919848.4245750231
32,2000,BWTE,493517,68900,322493,469435.0436605024,406820.87107380043,541686.2208540947
32,2001,BWTE,420969,94895,378874,454020.9141016284,397912.15577247593,518041.4507355366
32,2002,BWTE,190021,45709,193792,274243.3077156153,226739.59944982204,331699.4120537189
32,2003,BWTE,830619,159582,851096,708690.860238107,605572.2098405258,829368.8634048963
32,2004,BWTE,400485,104434,372215,513268.2679806613,444374.4810083062,592843.0325659129
32,2005,BWTE,558070,80776,550857,613177.8262517249,545082.2212981468,689780.4256234121
32,2006,BWTE,826719,154175,636964,767511.8292785138,683908.4392124111,861335.193875994
32,2007,BWTE,869476,156918,600079,766357.1725633399,682473.9537328411,860550.5202461991
32,2008,BWTE,756207,188764,251415,376743.18112760957,311189.2291713992,456106.48191160406
32,2009,BWTE,475689,116074,640724,619972.1325389047,545979.2974389823,703992.709847745
32,2010,BWTE,439526,79404,766013,810720.288024284,720951.0954954874,911667.0874360185
32,2011,BWTE,1019614,151479,924670,1007567.949459001,888664.7056441201,1142380.4347458424
32,2012,BWTE,1162996,146418,880236,1104931.9032534612,985056.5459513546,1239395.3584138784
32,2013,BWTE,1327495,167621,888564,1292909.9985737691,1158043.4897664366,1443483.149971482
32,2014,BWTE,1458105,181330,867290,1487599.1626186396,1329570.2700949318,1664410.914111123
32,2015,BWTE,1563385,156051,770225,1453749.3317196828,1301194.486612212,1624190.0355555885
32,2016,BWTE,829978,148996,503192,917020.4000555837,812202.7181416933,1035365.1808037886
32,2017,BWTE,1237780,135616,584358,904546.3833940788,805050.834297781,1016338.5029282033
32,2018,BWTE,692469,89624,554663,762239.9511082203,667735.0178763724,870120.2236079714
32,2019,BWTE,301043,63588,359802,424547.6653933036,356814.9361539444,505137.8233593376
32,2022,BWTE,315303,71001,383770,,,
32,2023,BWTE,538699,123703,564886,498608.1215903068,399059.583607305,622989.8218920089
32,2024,BWTE,345899,58394,338242,380426.8166275068,312415.96219164366,463243.1768020901
32,2025,BWTE,343965,61348,330774,368768.97012724995,300012.5901441823,453282.82144211757
32,2026,BWTE,403332,69010,359149,417868.42342684546,327713.79204887117,532824.7499305664
33,1955,BWTE,101056,31177,213286,,,
33,1956,BWTE,83832,28253,103113,67306.93055368388,45009.36714576512,100650.66869052096
33,1957,BWTE,49296,13555,72860,60011.62803324199,40927.517153754496,87994.47779034944
33,1958,BWTE,34507,9146,108156,73393.74213624303,51506.314354774804,104582.15564907678
33,1959,BWTE,7394,8016,79415,67362.80262363321,47865.83954275119,94801.37026026032
33,1960,BWTE,40669,11958,90004,59246.49823250331,42700.380749039796,82204.12772063984
33,1961,BWTE,8871,8587,80336,45457.282947927066,33115.35037619574,62398.99471192859
33,1962,BWTE,54707,34306,45186,24595.521813592106,17326.36647524355,34914.40020890945
33,1963,BWTE,14786,14311,43277,17550.792873839455,12326.831361627375,24988.605868276267
33,1964,BWTE,27063,10270,64668,20524.34754593083,15162.930925341858,27781.491867256496
33,1965,BWTE,35439,13897,112182,32664.4189267911,25020.593135312458,42643.44406444401
33,1966,BWTE,49442,13336,132956,44551.56883617733,34317.458832473945,57837.682430216235
33,1967,BWTE,136354,43135,194890,66861.58992661827,50368.381304837865,88755.52661617646
33,1968,BWTE,32660,13619,65120,34819.302056973516,26299.065592030656,46099.881058213185
33,1969,BWTE,53577,19660,140011,50709.331484824004,39494.83467968499,65108.1671943404
33,1970,BWTE,42748,19951,102559,46154.34453998115,36217.502827714925,58817.51511275275
33,1971,BWTE,48399,17770,120441,48663.100162018905,38304.19807486192,61823.44067745428
33,1972,BWTE,39831,19957,63142,33418.80424639435,25448.174115606937,43885.91779454622
33,1973,BWTE,22836,12362,85656,39146.11559098835,30554.204019063407,50154.092212872354
33,1974,BWTE,54441,13309,122930,55978.45087443271,44275.40919019309,70774.88428938924
33,1975,BWTE,148439,36765,192745,81574.35275134034,63128.72925902525,105409.61468583276
33,1976,BWTE,24120,8656,96831,63523.22795142621,50201.99795847567,80379.28077497137
33,1977,BWTE,9093,3505,44546,39380.358306838854,28827.666869553334,53795.98104114767
33,1978,BWTE,24576,11130,161583,59116.868073191254,45647.21255021204,76561.17198698183
33,1979,BWTE,57878,19450,130155,64615.06491420783,50526.80612146971,82631.5165029443
33,1980,BWTE,36489,14367,48114,41071.96775247436,30703.022825508062,54942.685762484994
33,1981,BWTE,11089,6722,28420,27603.13875491737,19077.470075166035,39938.90521757717
33,1982,BWTE,6605,5314,119019,39273.42258524254,30432.243699642506,50683.141761813546
33,1983,BWTE,17679,6742,95962,43624.839228536875,34069.227971987115,55860.573044992554
33,1984,BWTE,10966,7777,35218,26339.01648854972,18473.33062905461,37553.801396970775
33,1985,BWTE,7137,4394,108016,30919.15042885326,24035.9358404867,39773.52367665077
33,1986,BWTE,20223,9258,112817,37331.028526710856,29165.10261785566,47783.32890242932
33,1987,BWTE,18810,8883,150913,45229.99888232954,34646.21368452396,59046.9370628325
33,1988,BWTE,62212,34837,37148,25715.132359182448,18330.564620938265,36074.61340797612
33,1989,BWTE,14902,6977,71109,31928.069176527915,24557.89893114973,41510.13098470417
33,1990,BWTE,50186,23561,56782,34548.76292880932,26276.713610502808,45424.897405510426
33,1991,BWTE,83617,34208,157120,67989.98017054173,51698.76796591442,89414.84653248245
33,1992,BWTE,42672,19723,34489,27202.009487909076,19154.286563864105,38631.00396421244
33,1993,BWTE,27006,10798,93982,39020.21761980535,30690.66405044108,49610.441161995186
33,1994,BWTE,60242,22070,178041,69954.87000977762,54288.586427516166,90142.0383199464
33,1995,BWTE,19430,7528,52691,29499.398525523437,21933.0352931746,39675.972875421336
33,1996,BWTE,99197,20327,197625,70506.11686714602,54819.34707292127,90681.71696884728
33,1997,BWTE,86095,39225,163437,86903.68012925702,69048.34359377288,109376.26055796245
33,1998,BWTE,51403,9672,49289,38834.44812614119,29056.291595022496,51903.19474630753
33,1999,BWTE,30026,12738,93533,57979.444462966385,46369.71429387497,72495.93902885538
33,2000,BWTE,32641,14218,36607,35252.36957536683,25650.48371873422,48448.581878812765
33,2001,BWTE,41111,25024,41981,33455.30997573187,24848.316829152704,45043.60489557029
33,2002,BWTE,6911,3204,68500,46938.23849342802,37131.31899410068,59335.30756653072
33,2003,BWTE,177946,37155,258746,119997.47245778493,91073.53368672369,158107.3316622163
33,2004,BWTE,122008,44861,156775,111105.52584948056,88717.11196003498,139143.82018939572
33,2005,BWTE,47186,12946,115679,87949.95373665552,72139.14368236199,107226.03523461423
33,2006,BWTE,50558,10546,87593,73595.4426860605,59931.795374755005,90374.21873129321
33,2007,BWTE,59873,23401,144895,99384.40766910987,81234.37300273383,121589.66854348
33,2008,BWTE,30697,14536,51422,52205.119771946964,39742.0842467474,68576.53749315826
33,2009,BWTE,108183,39669,109183,68909.8376632519,56374.073837365446,84233.1483879443
33,2010,BWTE,49338,15769,189975,115285.11520546653,92204.12444627739,144143.85330106868
33,2011,BWTE,160117,51330,227698,152787.10006907192,119351.6746660294,195589.19481303997
33,2012,BWTE,109722,23112,135196,114818.38116735281,94358.16674948143,139715.09947721584
33,2013,BWTE,138834,60738,99533,93347.3649547135,76319.28411302737,114174.68920546489
33,2014,BWTE,154375,49857,123776,126646.14452720132,103794.55833311171,154528.77473720175
33,2015,BWTE,207023,46220,106691,127446.04812391027,103804.00302721141,156472.7246418831
33,2016,BWTE,79420,27318,58942,70736.7298367018,53639.1939532092,93284.11892906847
33,2017,BWTE,143044,53620,125860,122738.47221316992,98107.62801153949,153553.12187805783
33,2018,BWTE,74784,16236,122674,120543.50909412655,95319.90347193198,152441.79919888935
33,2019,BWTE,32317,11193,109404,94955.87166193838,74088.33938627614,121700.89973360529
33,2022,BWTE,85689,26585,88260,,,
33,2023,BWTE,112090,37306,140805,92370.40949217147,64268.612046879585,132759.86952274173
33,2024,BWTE,87406,35908,91405,78273.62372719347,56888.76989214638,107697.1814121099
33,2025,BWTE,70056,15212,62774,63167.52275874842,44711.61736615429,89241.59237633493
33,2026,BWTE,77177,20823,48899,58227.65775899223,37572.86052094352,90236.94446177312
34,1955,BWTE,412690,61235,1198551,,,
34,1956,BWTE,481112,96479,746712,567126.077012895,447777.81178542384,718284.7804485741
34,1957,BWTE,451825,93035,636051,584284.1506031816,480309.05475913285,710767.2971463798
34,1958,BWTE,957014,297788,466716,569739.4595370946,477531.333349669,679752.3619584817
34,1959,BWTE,532762,125166,169001,380569.4843162418,302743.69553576707,478401.811593197
34,1960,BWTE,553218,51436,487277,377292.92703407607,316586.50845794583,449639.9846073981
34,1961,BWTE,213167,67673,58913,157629.3997263147,112068.69353829425,221712.47717443932
34,1962,BWTE,140786,39927,269424,147038.14272276245,120985.63906024933,178700.6754131609
34,1963,BWTE,55173,16203,239079,146356.361332794,121639.90316384808,176095.0473112637
34,1964,BWTE,90370,14898,481798,177940.69412467707,150790.5771303724,209979.23894273836
34,1965,BWTE,103687,24859,435059,191892.36329197962,164271.08447073092,224158.00813893077
34,1966,BWTE,73558,19315,569686,231845.92159653647,197247.65943598625,272512.8983261366
34,1967,BWTE,288302,77893,545139,257178.95095112358,219679.26731975583,301079.90444108855
34,1968,BWTE,148137,28135,123577,119499.56880330118,91080.99940378814,156785.13672063407
34,1969,BWTE,143029,28716,267136,139786.2638743694,116536.51741342458,167674.47665038833
34,1970,BWTE,284470,43876,721304,265895.69356229255,223864.13807907712,315818.87327571213
34,1971,BWTE,198134,42336,608658,282754.4158947669,241354.2709163435,331256.03870379634
34,1972,BWTE,196559,44808,545974,261279.64878334262,225006.76979711684,303400.00405277417
34,1973,BWTE,190647,30666,227611,181757.14902757618,149075.80839580522,221603.09964525478
34,1974,BWTE,295135,79100,943095,305218.62168409664,252820.72162341393,368476.153475674
34,1975,BWTE,271173,80058,763930,377259.3362695066,320277.0191364993,444379.70350239566
34,1976,BWTE,506188,83196,656617,348883.97710391413,299875.8804766989,405901.3658796157
34,1977,BWTE,213047,33589,338738,275122.4603704661,236416.8527948952,320164.8584078143
34,1978,BWTE,210338,55102,545474,266555.48486466525,229453.28228435424,309657.0500280946
34,1979,BWTE,307031,42177,667777,286059.05856912246,241286.95076221184,339138.8748167149
34,1980,BWTE,182299,30242,273319,236601.90876755136,202060.32800162485,277048.26467468933
34,1981,BWTE,113250,27605,97262,161655.602792553,124331.78341127883,210183.85803877274
34,1982,BWTE,161221,20530,247506,148571.1391596038,124948.60110827402,176659.70803510395
34,1983,BWTE,173345,29574,464631,179870.18617513386,153994.92226249658,210093.18618654564
34,1984,BWTE,262912,76563,260341,163670.4731132533,137937.1714119476,194204.5316350158
34,1985,BWTE,219016,54719,560424,158265.13099950276,134053.92469440502,186849.073963257
34,1986,BWTE,178471,32538,529120,173910.39016608428,147282.11548369628,205352.9969228863
34,1987,BWTE,100553,22239,251539,143485.0429038175,120496.35101299516,170859.59337382755
34,1988,BWTE,78695,20374,213804,127999.75154885503,106254.96608086844,154194.5473315491
34,1989,BWTE,42390,13992,63931,84861.99039310782,59478.88588371262,121077.5438457222
34,1990,BWTE,203483,41313,453632,168878.1687420274,139419.85492181501,204560.79152897024
34,1991,BWTE,131677,28597,257812,190873.3680341357,161268.15785021483,225913.42959676578
34,1992,BWTE,172058,47227,378313,200896.03663145934,172048.1829145407,234580.89966736687
34,1993,BWTE,86278,29141,202973,137521.24512177435,111825.87858616324,169120.8966918256
34,1994,BWTE,98467,22200,472266,181499.170334561,155894.01950630205,211309.89460953826
34,1995,BWTE,279520,51311,560989,225395.96604823714,194475.5977906693,261232.4738320231
34,1996,BWTE,333026,33780,572991,246628.25761692735,213590.67904613056,284775.9917558229
34,1997,BWTE,332276,59637,578141,279178.49100262666,242499.4574905208,321405.37816069287
34,1998,BWTE,389213,86896,403037,260288.62082667294,226659.63525232815,298907.06413794786
34,1999,BWTE,326873,46889,614884,347923.0865318978,299297.64931403147,404448.46265689464
34,2000,BWTE,357279,61437,348144,287592.82465711527,249277.42356643913,331797.5274732969
34,2001,BWTE,304751,60142,480083,302721.28109982004,261426.8482334229,350538.4953763148
34,2002,BWTE,174591,61935,157284,176718.93735847337,142701.18630542085,218845.9930127554
34,2003,BWTE,264347,43960,333625,202500.95008145776,174696.50473099772,234730.71110973944
34,2004,BWTE,274673,58699,281582,215155.56445520793,183939.34837248342,251669.4623833093
34,2005,BWTE,181133,25753,528010,288600.825849931,252217.47942465413,330232.6106472088
34,2006,BWTE,269143,26341,653893,370542.19571039145,321108.3182101927,427586.303485301
34,2007,BWTE,348970,57960,488059,337532.98240536015,295771.9198968246,385190.43407230603
34,2008,BWTE,250754,46720,381112,270126.01390400645,234937.7164828417,310584.713600026
34,2009,BWTE,227895,55052,415188,248346.6757440218,216764.49790110916,284530.3172350841
34,2010,BWTE,223371,48462,539068,273918.51277208386,239352.4479218082,313476.4331459086
34,2011,BWTE,501411,84816,580653,300656.56324663037,262126.87663666328,344849.67807620735
34,2012,BWTE,302403,57732,590340,333637.36612519494,291553.01778521494,381796.39820076065
34,2013,BWTE,239145,68619,511762,347214.7998952483,304213.4219956548,396294.5371556265
34,2014,BWTE,414718,78593,489857,376847.1017206703,328772.8181848185,431950.9710667039
34,2015,BWTE,587921,88666,597424,473168.3930522749,411107.5403235771,544597.9609312265
34,2016,BWTE,381783,57975,610225,495604.3554949932,428350.0803609334,573418.0719159476
34,2017,BWTE,315707,68559,510220,391200.35728554084,337440.3706405234,453525.22358199547
34,2018,BWTE,244581,48769,406454,272944.7075298338,230771.53326871514,322824.9702782818
34,2019,BWTE,263262,69049,242083,153828.4704612045,120358.59701717248,196605.80058986112
34,2022,BWTE,302144,38990,539452,,,
34,2023,BWTE,212212,35701,578161,229788.70907369436,180244.54391707425,292951.1743892128
34,2024,BWTE,137093,21123,336424,182886.76675254403,144100.70949741275,232112.45503131943
34,2025,BWTE,215447,41365,482120,200860.9307214523,157395.36235828733,256329.74749566233
34,2026,BWTE,238572,71393,564512,232154.0392554692,167955.4575644086,320891.6145041714
35,1955,BWTE,305526,88505,732851,,,
35,1956,BWTE,302431,64081,452487,372721.63056535437,287394.90834114904,483381.6113624091
35,1957,BWTE,313165,46147,299313,365574.16124633077,297690.8544050864,448937.09495388117
35,1958,BWTE,407114,92836,343959,391976.56463338295,318473.30940754875,482444.28240348725
35,1959,BWTE,360521,73046,77376,239635.59893428694,183591.03427541468,312788.80530978326
35,1960,BWTE,207758,36834,270172,247052.56835820337,203427.9355126805,300032.39908306586
35,1961,BWTE,173690,77998,41837,112348.741544389,81691.38872190673,154511.26396659092
35,1962,BWTE,62086,19970,59938,69811.93946936619,52185.25158037488,93392.41921576337
35,1963,BWTE,99665,26952,129744,86135.0939209801,69574.29899926209,106637.86069701906
35,1964,BWTE,213217,59447,393969,159014.90488072863,130808.9079401692,193302.8902419447
35,1965,BWTE,173188,53839,332170,181554.5353871831,152723.03606850962,215828.92907439038
35,1966,BWTE,68434,16232,388506,209501.46818485876,175779.4013863338,249692.88110810315
35,1967,BWTE,169608,36714,298965,204235.6600031524,173863.1009013626,239914.07377801093
35,1968,BWTE,114934,48712,58512,80604.11018343824,58902.76715695051,110300.80405479227
35,1969,BWTE,159680,39521,179628,116668.06599403257,96705.04265886298,140752.0978073883
35,1970,BWTE,448632,77873,518056,255525.14110600593,212266.36166390474,307599.8345919128
35,1971,BWTE,235289,42161,391727,258257.8653861123,219042.8987443533,304493.4367474476
35,1972,BWTE,120037,24586,302777,216440.52652875037,185832.07671749772,252090.50208946885
35,1973,BWTE,249526,94512,117041,137675.8423570514,110213.05156655742,171981.78708695862
35,1974,BWTE,280428,67255,460946,235996.40344872832,198632.80485130326,280388.2394070193
35,1975,BWTE,312749,93871,480885,319406.7542150732,271012.51889784035,376442.664173257
35,1976,BWTE,354592,75910,670848,364034.0754747083,299349.048723603,442696.6067598418
35,1977,BWTE,230331,41154,170320,238198.12658496154,199677.39579218777,284150.07759634056
35,1978,BWTE,174672,40277,280655,208808.99230998047,179279.6985536452,243202.07821223477
35,1979,BWTE,262219,32631,480873,246590.57362234098,204466.422766251,297393.1375955578
35,1980,BWTE,114437,20266,137210,192344.6886873447,160665.43617416956,230270.30671441663
35,1981,BWTE,68611,28690,52607,120670.24600123706,91509.4347372422,159123.5735616773
35,1982,BWTE,117705,21873,210367,127210.66656449201,106901.83694582245,151377.6951838876
35,1983,BWTE,152806,27896,323346,164014.51965773216,137923.11721493196,195041.72470693156
35,1984,BWTE,101792,39855,131871,131683.38396238754,108627.24089548964,159633.1957696404
35,1985,BWTE,116806,29615,207783,113764.0469596165,96369.19684867168,134298.70543544143
35,1986,BWTE,128322,22182,346258,137361.23294062007,114427.01796647548,164892.07400733995
35,1987,BWTE,102161,26027,184291,127942.10793398529,107950.98041630774,151635.33410687497
35,1988,BWTE,59187,15128,63390,82886.23390905306,63456.230786538195,108265.61373833928
35,1989,BWTE,52773,16097,73088,78024.45819264866,60901.245869674625,99962.09419564214
35,1990,BWTE,66065,16942,97383,97651.00129669212,79375.83404496335,120133.76828072066
35,1991,BWTE,93850,22414,144762,128071.44151641306,107907.56583892235,152003.1890680986
35,1992,BWTE,188689,41588,229072,169882.54530868382,144405.23226909796,199854.80267623888
35,1993,BWTE,68953,17879,96326,99924.3481350899,79708.57680955384,125267.26420017902
35,1994,BWTE,56043,14507,287995,151807.8385464337,129411.41615497567,178080.26933684095
35,1995,BWTE,218942,36613,331352,195079.69853435378,167364.78463173052,227384.08718412882
35,1996,BWTE,281458,31498,381601,229365.2255035245,196486.58970349075,267745.53291230544
35,1997,BWTE,325293,52736,319462,236121.79213648173,204503.01237288944,272629.2394171843
35,1998,BWTE,163799,31185,241799,220981.35300188116,192241.37364141262,254017.94342995924
35,1999,BWTE,359662,36326,362340,300675.51371246716,257934.05121583145,350499.533195046
35,2000,BWTE,207176,33233,209192,245051.8650775535,212003.75199361105,283251.6689600718
35,2001,BWTE,297576,32660,292752,263778.4460278796,226254.70433470796,307525.4006031706
35,2002,BWTE,137890,28503,15108,55980.725521203916,36737.98779553998,85302.48437452044
35,2003,BWTE,282799,39774,287201,148463.41914789713,122330.4027596985,180179.1404903776
35,2004,BWTE,130453,28684,224794,222328.36815103053,192370.4243780382,256951.67770469032
35,2005,BWTE,231677,40993,281204,245791.29374789353,213991.49298977974,282316.6437048441
35,2006,BWTE,221052,31222,260191,255348.2913989403,222825.49836710852,292617.9920977247
35,2007,BWTE,173527,31591,213295,227362.1716795792,197358.32703909706,261927.41844945744
35,2008,BWTE,75268,15464,119297,151620.12168601688,125077.11348725049,183795.90525508786
35,2009,BWTE,188875,30781,279243,201061.96595464068,173574.23268697108,232902.73865966254
35,2010,BWTE,115094,29944,166660,159282.5990368286,135068.79697383175,187837.2127712256
35,2011,BWTE,292946,45796,375711,241804.66158148437,207247.2358523971,282124.3628271045
35,2012,BWTE,357347,67412,361262,296182.74391223956,255919.6795227942,342780.2736974351
35,2013,BWTE,284140,61292,338206,322283.88192598225,279959.1667783226,371007.3213338444
35,2014,BWTE,394779,85036,366144,390284.66547185986,336436.32554250205,452751.7052650687
35,2015,BWTE,501936,65045,342781,407972.9622385963,350740.23530363175,474544.7518265142
35,2016,BWTE,304095,103931,203441,259966.89308123005,219023.47926913458,308564.1125044061
35,2017,BWTE,340386,66160,289242,283706.27560228395,240960.78761260037,334034.64361813094
35,2018,BWTE,157275,42841,162021,161874.02682334112,130801.08477111551,200328.6181139543
35,2019,BWTE,64042,22207,166272,128865.76942261291,103384.62930244431,160627.22902745285
35,2022,BWTE,228567,49850,283909,,,
35,2023,BWTE,126892,25081,304188,165815.18725695845,126962.96673739902,216556.66240005396
35,2024,BWTE,119303,16393,227039,145014.45424965298,113462.37033814922,185340.67178970343
35,2025,BWTE,158819,38714,209939,137466.08544307933,106164.33068945026,177996.92725724317
35,2026,BWTE,96721,22942,195145,138305.59597442148,101782.72628782436,187934.0294319482
36,1955,BWTE,0,0,69259,,,
36,1956,BWTE,8670,,54593,10977.784958049198,6650.6757961177245,18120.228121105974
36,1957,BWTE,0,0,82296,13817.92368979396,8626.175582409749,22134.37615231464
36,1958,BWTE,8671,,31778,12015.292969230446,7490.653535119589,19272.986590499644
36,1959,BWTE,17342,,45630,11192.527999950898,7294.916976087047,17172.598871287006
36,1960,BWTE,3716,3591,16413,6729.344026869733,4012.7194613652223,11285.132556104643
36,1961,BWTE,12519,,33134,5897.404517237446,3881.68478802889,8959.867155414626
36,1962,BWTE,0,0,25166,4492.618837087195,2896.1680530792532,6969.079019392925
36,1963,BWTE,9274,,47754,4849.090668135759,3336.932809558554,7046.494984989509
36,1964,BWTE,9274,,77402,6504.654994302949,4551.573718385124,9295.803871967575
36,1965,BWTE,0,0,141807,10355.690968387986,6944.434462246978,15442.630500116098
36,1966,BWTE,0,0,115818,11317.689532010541,7840.567973595665,16336.838960435565
36,1967,BWTE,55327,,128954,12918.725985195797,8912.41058555919,18725.964146107814
36,1968,BWTE,0,0,39765,6845.505387746192,4813.108576207502,9736.107813006436
36,1969,BWTE,9960,,59610,7243.485958427504,5261.9919388568815,9971.14580174264
36,1970,BWTE,16691,2665,79444,9133.776264563514,6632.674160862144,12578.014060057456
36,1971,BWTE,9586,4734,69920,8840.517188475547,6444.076445870859,12128.152857312925
36,1972,BWTE,7861,4422,103819,10953.459403722518,7825.323200604833,15332.053364865995
36,1973,BWTE,0,0,82621,10925.840588415469,7910.680068855864,15090.231373840928
36,1974,BWTE,5948,3400,141671,14529.284996530145,10013.63106752647,21081.276221068245
36,1975,BWTE,0,0,59721,11393.675176360852,8254.93834615396,15725.839319551515
36,1976,BWTE,4674,4362,75452,11116.572774893973,8044.03283049001,15362.715799854088
36,1977,BWTE,6818,2475,35568,8783.866583614461,6155.149908654219,12535.245006828512
36,1978,BWTE,6818,2074,129904,11326.169008441311,7745.227449317173,16562.72914478269
36,1979,BWTE,14736,6968,67575,11056.657609257089,7919.5820356907825,15436.379967706147
36,1980,BWTE,17914,8460,32444,7720.5175959246635,5371.248202235839,11097.307311952285
36,1981,BWTE,12596,7516,30420,6390.390572845856,4403.512959992711,9273.753034119554
36,1982,BWTE,10737,1871,27028,5770.557863976747,3902.027880449052,8533.85446791624
36,1983,BWTE,10948,5371,89234,6902.895212439465,4801.660956850071,9923.64157780487
36,1984,BWTE,7576,2647,69312,7271.329040895338,5116.8953854340725,10332.872188764262
36,1985,BWTE,2623,2451,45424,5634.546101529445,3932.835916189499,8072.574205186068
36,1986,BWTE,1636,1527,94302,6271.243404897724,4308.84322701348,9127.390292807737
36,1987,BWTE,3112,1883,42082,5542.282741212708,3832.827143847819,8014.162087337756
36,1988,BWTE,9691,2598,108225,7696.901661130252,5127.574254716648,11553.668896479663
36,1989,BWTE,11349,3339,36639,6386.083225362029,4350.103225828004,9374.963499512773
36,1990,BWTE,3795,2425,80723,8595.647879450993,5850.631195473747,12628.579720538615
36,1991,BWTE,6848,3454,28783,5818.984014351772,3869.87169755159,8749.792656098793
36,1992,BWTE,5581,2853,61938,7153.457515638085,4938.8678004534495,10361.069883939954
36,1993,BWTE,21391,20017,48325,6317.36819733143,4341.820586849797,9191.798726444056
36,1994,BWTE,5647,2978,45760,5223.262372632108,3569.5131115139397,7643.190810912324
36,1995,BWTE,6764,2491,79658,7112.22815501292,4871.756250765835,10383.070647470668
36,1996,BWTE,4911,1924,76862,7933.638658411986,5438.613231566401,11573.285262669937
36,1997,BWTE,8861,3254,99934,10413.238658224987,7017.160078578861,15452.909458937704
36,1998,BWTE,6385,5962,43021,7115.220465191892,4823.16446722787,10496.50340814175
36,1999,BWTE,11162,8485,36786,6170.261872394201,4136.100783940081,9204.836526651025
36,2000,BWTE,9491,4086,45551,7193.904051525773,4882.8088646490805,10598.86981799323
36,2001,BWTE,3668,3424,31052,5860.405306744245,3875.247932689822,8862.491111756448
36,2003,BWTE,10422,3296,43959,,,
36,2004,BWTE,2306,941,47008,6710.037266012219,4504.5279765500245,9995.409140683514
36,2005,BWTE,2113,1763,56798,7708.512768626635,5177.876607977887,11475.972411649565
36,2006,BWTE,5638,2653,77005,9651.379608061952,6414.237424875182,14522.245150712784
36,2007,BWTE,4957,1330,134038,13825.972538440436,8703.28985755792,21963.822848863092
36,2008,BWTE,9692,6907,71815,10290.577264041793,6750.920801511931,15686.153569376414
36,2009,BWTE,0,0,29546,4912.4982038993785,3105.069673671192,7772.011948054637
36,2010,BWTE,4644,2156,19728,2893.1143685244892,1721.0188213089891,4863.462645339715
36,2011,BWTE,4376,1798,55937,5223.900920247254,3343.229863499994,8162.508095088438
36,2012,BWTE,0,0,22828,3430.3823656150557,2026.8483910784641,5805.823082831258
36,2013,BWTE,8562,2849,35970,4527.11602231418,2772.6002154941734,7391.898538044678
36,2014,BWTE,0,0,39537,5906.32870890109,3596.9747006059824,9698.349785922095
36,2015,BWTE,5745,2608,38671,6304.565962942309,3781.03383788792,10512.350242095057
36,2016,BWTE,8783,7181,73023,10560.016683698526,6318.338887604674,17649.251542800186
36,2017,BWTE,13702,10525,85082,12127.3895143292,7067.457923246121,20809.968453934584
36,2018,BWTE,12805,9121,59503,7873.611226822782,4548.0377539324045,13630.879316590459
36,2019,BWTE,10922,8026,64861,6802.935348868862,3834.220241266876,12070.232393744292
36,2022,BWTE,7228,,65761,,,
36,2024,BWTE,1589,1396,49204,,,
36,2025,BWTE,3251,2063,54091,4841.853365990593,2376.028962596227,9866.691183822217
36,2026,BWTE,0,0,59449,5343.491371888123,2515.7564282103676,11349.628175949636
37,1955,BWTE,169691,49477,729650,,,
37,1956,BWTE,41271,27658,481836,319812.24401258037,235690.96562348105,433957.5390588177
37,1957,BWTE,128415,35317,324959,318852.92921051546,250535.27667754522,405799.9009735387
37,1958,BWTE,392123,69453,192648,282148.47100718884,222229.45369307935,358223.2614477853
37,1959,BWTE,619142,130403,406415,302382.6043714507,239701.42481450865,381454.71808195487
37,1960,BWTE,262774,66945,187237,232384.9750988398,187755.95982459607,287622.17030095053
37,1961,BWTE,129121,30872,289760,182528.81518452126,149787.06984419015,222427.53267903242
37,1962,BWTE,122628,65186,313547,156680.90156763213,127764.64323969794,192141.6151884061
37,1963,BWTE,112818,38898,247712,116749.24406991169,95397.01048111607,142880.64083091952
37,1964,BWTE,14715,10271,289576,107557.1661888749,88490.2721279678,130732.3813159001
37,1965,BWTE,85840,42967,443785,135585.10400704012,109443.7430973251,167970.50163253408
37,1966,BWTE,57948,23554,433194,154873.68125121854,125706.32882683711,190808.66785430524
37,1967,BWTE,160952,60782,503289,179734.87864440508,143825.5174280824,224609.84100038034
37,1968,BWTE,144870,38312,153852,104019.12981820427,83120.39098583635,130172.38297134754
37,1969,BWTE,134334,86163,153143,83686.73277754962,67154.35889229913,104289.12372185741
37,1970,BWTE,217624,87597,368228,126587.42845115744,104795.77990305952,152910.51850275006
37,1971,BWTE,91446,9660,239925,116182.3399357208,97491.2770462255,138456.86016133675
37,1972,BWTE,153158,35332,431494,141581.646089853,116276.95884085287,172393.24720341433
37,1973,BWTE,55471,13175,137602,99649.36666823215,79004.09718167149,125689.63676080688
37,1974,BWTE,155850,59211,559526,151588.71197304112,120430.3437592356,190808.53612429707
37,1975,BWTE,63403,17802,264223,154456.8562372691,129715.54917983519,183917.19874404283
37,1976,BWTE,136584,25931,444044,160813.30415200558,131657.07296877066,196426.35377758794
37,1977,BWTE,97714,39209,208171,139432.86167501385,116450.10755443455,166951.52390302098
37,1978,BWTE,90084,17251,312549,127738.43189632749,106546.24178055917,153145.77699454786
37,1979,BWTE,130220,31291,268512,124787.48771004722,104578.10618370817,148902.26699679016
37,1980,BWTE,88419,19669,103244,97601.99482258878,77239.3598913514,123332.8371279693
37,1981,BWTE,121400,44723,107755,78819.6526875517,62565.10894445112,99297.16026391198
37,1982,BWTE,127248,21909,131121,76131.04300817447,61670.893284437334,93981.70515838981
37,1983,BWTE,73926,13236,271728,79687.80380120943,66241.08153658883,95864.16657693747
37,1984,BWTE,44786,10434,159056,74342.77433034495,60744.07969904473,90985.79026162303
37,1985,BWTE,57559,16492,234600,65184.61161102245,54186.41172328001,78415.1128622222
37,1986,BWTE,111543,24873,383751,74235.75732167845,59971.67321366614,91892.5114109926
37,1987,BWTE,41813,11670,165172,66527.69025445338,54382.804854611204,81384.79768421155
37,1988,BWTE,63010,16266,318522,75730.90221629471,61406.25361435108,93397.15766593584
37,1989,BWTE,48517,13248,99091,62474.72072986291,48393.10948617669,80653.85282566446
37,1990,BWTE,111679,21479,348462,91483.43711086104,73025.62337102403,114606.61175181018
37,1991,BWTE,63491,12645,147119,79903.23286003905,64921.6262558491,98342.06241730446
37,1992,BWTE,143006,33352,261941,85761.47840488306,70876.38711321016,103772.65938292122
37,1993,BWTE,124543,52477,216768,77190.74843909887,63780.4157949215,93420.70869758553
37,1994,BWTE,26012,14626,157912,55712.48721452051,44751.95015541146,69357.45192889177
37,1995,BWTE,84515,24275,332102,76263.77373805575,62454.07674067395,93127.03811025227
37,1996,BWTE,99916,39588,371207,95739.76850356987,77856.89403031343,117730.1430692617
37,1997,BWTE,63499,33286,467509,123155.67940829507,97606.24123634255,155392.94596738732
37,1998,BWTE,77959,26119,194941,88460.3526355566,72708.0530323945,107625.40959418283
37,1999,BWTE,93806,37069,185633,81984.31787006515,67625.15775840115,99392.42434942596
37,2000,BWTE,90776,23745,184022,84273.97305315902,69790.51299547768,101763.15131291236
37,2001,BWTE,113161,39765,324705,108881.30332121158,88327.37869804393,134218.15962017473
37,2002,BWTE,72609,16811,77842,57901.853801649864,43849.937988791644,76456.77114810492
37,2003,BWTE,71067,19448,143102,57225.55925892442,46493.69803999414,70434.59158012553
37,2004,BWTE,77571,16398,219877,76652.00556283965,63777.287229383546,92125.7427534268
37,2005,BWTE,73719,18745,312438,98791.69898349662,81383.4739853081,119923.60746123611
37,2006,BWTE,72049,9815,262458,99947.14321439841,83092.14128365122,120221.13382080977
37,2007,BWTE,85284,23868,363365,111327.29650789575,90414.28598114398,137077.52943314373
37,2008,BWTE,68946,14616,265560,96444.74012754374,79722.58397213322,116674.4407271193
37,2009,BWTE,108243,35095,323996,92236.79875214963,75274.75146011601,113020.9914881257
37,2010,BWTE,82144,23212,105458,47434.204736524625,36442.173385966424,61741.75604611422
37,2011,BWTE,107080,20495,192078,52490.28984440087,42685.71932824958,64546.89229345587
37,2012,BWTE,42416,22843,119516,44831.77582898044,34398.02479188124,58430.33535036979
37,2013,BWTE,44195,18378,196320,62971.03416371814,50652.20861189838,78285.8487777112
37,2014,BWTE,91516,28117,243717,90042.60849396038,72804.13546415314,111362.78581851484
37,2015,BWTE,81043,35720,167806,75757.56737904449,59466.70890548696,96511.29381166933
37,2016,BWTE,60523,10754,251910,93893.22961437343,75014.93197481598,117522.44966878246
37,2017,BWTE,41364,19134,250042,89882.69564635066,71184.27650201421,113492.74550013733
37,2018,BWTE,46893,8733,189153,62141.87286742804,48306.920638170675,79939.11250099969
37,2019,BWTE,38604,14148,187984,50554.20409517194,38721.36232086624,66003.03807800336
37,2022,BWTE,62989,14537,247290,,,
37,2023,BWTE,68561,19269,166486,40796.38011583989,29202.015083449678,56994.170635141156
37,2024,BWTE,58812,13860,188837,41831.68772959477,29879.560205739,58564.78764269851
37,2025,BWTE,16431,2596,146848,41235.40991106215,28124.932081031835,60457.35597278427
37,2026,BWTE,42407,13454,331839,53142.27386868594,33376.82416753231,84612.64192659759
38,1955,BWTE,22288,13560,93203,,,
38,1956,BWTE,40113,10340,83987,49829.407845483634,31825.390396893883,78018.52091259438
38,1957,BWTE,24517,11465,34139,42654.204620977514,28003.168987286797,64970.5457505257
38,1958,BWTE,15601,8619,39585,41270.43269906038,28162.582897559663,60479.133656283426
38,1959,BWTE,64635,7573,42098,42297.80100096292,29405.037011009255,60843.4523937929
38,1960,BWTE,17830,13394,37072,34738.23569672077,24413.089096187436,49430.24680598003
38,1961,BWTE,19307,12541,36339,26429.618810340322,18781.87360738496,37191.43068800323
38,1962,BWTE,11919,5915,31865,18924.65028714784,13436.715754012934,26654.01241251115
38,1963,BWTE,41716,16919,53192,20112.692511003923,14605.31607676608,27696.79190207314
38,1964,BWTE,11919,9231,38578,16655.05211103667,12175.114575506941,22783.420977358423
38,1965,BWTE,11919,5550,72625,23395.52786619057,17096.524122839775,32015.32195696298
38,1966,BWTE,12801,6247,62849,25975.884236967137,19326.71456109295,34912.63658701027
38,1967,BWTE,78218,27801,70061,29770.79527794288,22134.663569542612,40041.27953861196
38,1968,BWTE,20481,11820,27446,17388.685069446718,12633.655491366646,23933.40301633401
38,1969,BWTE,29441,11045,36814,18000.77472691221,13557.923463758249,23899.522049611936
38,1970,BWTE,23102,7157,63095,26341.289517874844,19961.464443255634,34760.15176326095
38,1971,BWTE,18152,2890,60509,27720.39937879732,21100.795908924374,36416.66148692671
38,1972,BWTE,15324,14046,48055,24256.07263332046,18590.3742821751,31648.478436340498
38,1973,BWTE,19161,7685,33592,20161.344523441145,15158.634638459494,26815.06762895362
38,1974,BWTE,51349,27448,67189,29603.935846022603,22430.1670988573,39072.06815325374
38,1975,BWTE,15235,7938,53291,31586.565170115715,24267.216321896944,41113.53712810094
38,1976,BWTE,31886,7438,61715,33142.84875886429,25325.250486758356,43373.64498832067
38,1977,BWTE,12657,4192,39203,27906.180740038835,21362.779440733404,36453.82033064603
38,1978,BWTE,11814,3657,31702,23088.84378754872,17449.28802815965,30551.086473300184
38,1979,BWTE,34091,18303,42125,23397.484922562206,17943.70459674696,30508.878350615087
38,1980,BWTE,6516,3794,31621,21467.735980359685,16281.795723261479,28305.458191199574
38,1981,BWTE,18887,6091,23103,17764.608599963118,13054.116133051823,24174.851479286346
38,1982,BWTE,11040,2059,25310,16131.23767529105,11940.392648611063,21792.98760053745
38,1983,BWTE,10006,2433,34252,16262.967557885855,12321.433061776595,21465.36952826756
38,1984,BWTE,5063,3842,36519,15675.795267535852,11898.710138225342,20651.865153036615
38,1985,BWTE,13633,12784,29034,13282.371181304643,9883.800043006424,17849.550115371294
38,1986,BWTE,36442,14167,70170,16524.272496366142,12265.951187463046,22260.93821515015
38,1987,BWTE,29464,8419,37646,15576.089052962447,11821.92250880173,20522.427718941966
38,1988,BWTE,22937,9297,43372,16101.179972944587,12233.347760133054,21191.90932885997
38,1989,BWTE,11492,6709,38177,17462.14446502952,13245.874119856388,23020.488233423366
38,1990,BWTE,26633,10780,35651,18028.509849827224,13685.034923771966,23750.554471784348
38,1991,BWTE,23647,8202,32391,17215.80039091684,13038.80364963888,22730.903161357215
38,1992,BWTE,20869,9290,54005,22152.68243947006,16805.540367399444,29201.16393376909
38,1993,BWTE,9266,7071,55712,22473.144066723908,17068.373963373764,29589.356626909786
38,1994,BWTE,11681,3587,37030,15344.314618226415,11663.91495548448,20186.01747369626
38,1995,BWTE,15067,6222,65241,20254.945885480007,15370.243739735637,26692.018667413777
38,1996,BWTE,21099,4709,54466,20353.322118577107,15625.595615927123,26511.483558444863
38,1997,BWTE,19741,6212,84498,29926.002315019847,22224.000933971598,40297.227183320174
38,1998,BWTE,4267,3220,44343,23401.81100290076,18074.850696503287,30298.715458901854
38,1999,BWTE,21209,5244,32579,18834.93151059677,14380.254444677004,24669.566618147506
38,2000,BWTE,12494,1743,27548,16796.51550428873,12676.105941852995,22256.277628157066
38,2001,BWTE,45970,13678,122896,41057.235463396275,28350.346838629997,59459.46952577827
38,2002,BWTE,21375,4339,45849,27424.21727778817,20957.29105529273,35886.68455837458
38,2003,BWTE,3870,1705,59636,25633.64055394924,19572.884844844717,33571.11295845281
38,2004,BWTE,34932,7874,32326,18794.2137882043,14349.708407894384,24615.30658855798
38,2005,BWTE,35344,10321,38400,19108.2942002515,14732.214930249886,24784.250635228273
38,2006,BWTE,32653,9153,59072,26038.2582296551,19910.997489829475,34051.07614425239
38,2007,BWTE,16729,3453,39634,22202.136996788173,16995.207056032206,29004.34726090553
38,2008,BWTE,6681,1786,37256,18725.03151037392,14212.14105173703,24670.934786538866
38,2009,BWTE,34323,16420,44435,18940.12613727256,14372.945242543874,24958.585178071942
38,2010,BWTE,1690,1932,67179,24165.140234802508,17889.741493367106,32641.835701437096
38,2011,BWTE,32344,10253,63388,24855.988080475632,18379.275010624464,33615.044287634024
38,2012,BWTE,4845,899,23823,12339.667866489575,8646.232070802685,17610.83924284945
38,2013,BWTE,4549,3439,44812,19136.28290279226,14010.31905168576,26137.68622861144
38,2014,BWTE,20715,7379,40191,22145.689067776784,16016.446990153634,30620.495581082923
38,2015,BWTE,22999,12328,37532,21969.239668693757,15644.505268199682,30850.927104839597
38,2016,BWTE,18307,9458,54347,29761.595487614133,21033.38792370185,42111.74011440391
38,2017,BWTE,23825,7931,50874,27006.71937834195,18848.932656165664,38695.18263369301
38,2018,BWTE,7929,2641,41640,19235.565036321066,13189.101168523057,28053.99378917431
38,2019,BWTE,8610,8538,51069,19020.142969592533,12729.967428165994,28418.441808681033
38,2022,BWTE,22278,12348,45758,,,
38,2023,BWTE,9894,1605,28495,10430.401881783338,6353.325462762082,17123.832873534546
38,2024,BWTE,3430,1364,35220,11433.729942701038,6930.416001757827,18863.25155220985
38,2025,BWTE,20145,6685,37890,13054.922440263355,7730.339402331763,22047.02679288354
38,2026,BWTE,5470,6254,44076,14942.515481462784,8437.773989161027,26461.80961952451
39,1955,BWTE,162521,20673,317966,,,
39,1956,BWTE,88666,17215,188970,239565.97618128837,184535.07843863041,311007.8443041389
39,1957,BWTE,105820,20628,96530,197574.05474764208,153870.37794775056,253690.85089710684
39,1958,BWTE,281857,54060,166418,242055.20591201106,195797.54919044615,299241.348787858
39,1959,BWTE,191860,26575,70074,175504.8843831382,139430.11937357462,220913.27598889245
39,1960,BWTE,198454,32572,164249,199772.17205977958,164130.87170552462,243153.04192793643
39,1961,BWTE,197284,55569,117745,156150.58986816357,130064.87249930584,187468.03996832858
39,1962,BWTE,140679,29762,74842,87720.80062722348,70984.74871383602,108402.70624471802
39,1963,BWTE,153371,32574,162511,107605.717287446,90228.38219406744,128329.8016808183
39,1964,BWTE,235875,44768,253221,152576.09692307946,125866.0037257684,184954.35354411716
39,1965,BWTE,121992,21775,245962,167573.06325754395,139736.79743299738,200954.4518363626
39,1966,BWTE,98452,12496,242044,181084.34291347867,151948.77306689505,215806.54181373314
39,1967,BWTE,185278,35577,182714,162875.19663382487,138911.81443087765,190972.45102724922
39,1968,BWTE,65887,16458,46307,61791.90718028738,46237.52117666273,82578.81685284666
39,1969,BWTE,199555,29009,126267,100289.333905776,84272.98091706687,119349.64665795163
39,1970,BWTE,276440,64542,262215,197156.74100756928,164935.30772980244,235672.8893270323
39,1971,BWTE,94021,19875,200724,182444.5038540852,155264.2216875778,214382.9185164196
39,1972,BWTE,121746,40194,180364,163632.8109811997,140212.37119280107,190965.29501516462
39,1973,BWTE,175627,31431,97662,115245.29200395674,95525.23291390171,139036.32499957416
39,1974,BWTE,304083,55186,324561,225215.30665409926,186334.28308256806,272209.351452648
39,1975,BWTE,225159,56587,296181,273523.687026957,228514.99540037094,327397.365033924
39,1976,BWTE,351180,54911,376404,301801.57421659416,244848.02189169318,372002.9653329397
39,1977,BWTE,94507,21177,66971,136569.07671285752,109177.95473603539,170832.22303711422
39,1978,BWTE,82996,22317,114911,123252.20605162336,103621.39945616241,146602.0182734407
39,1979,BWTE,133286,32643,202495,160407.18091139002,134215.81580626668,191709.6247813294
39,1980,BWTE,117011,31609,58521,106436.18524892916,85688.92902661572,132206.82833864787
39,1981,BWTE,46823,10627,47454,75546.82011457006,59397.219669131104,96087.360001285
39,1982,BWTE,74692,18605,88215,83968.11513858101,69760.2440245672,101069.66307977647
39,1983,BWTE,71167,12153,163286,105401.82546791388,88245.32665254797,125893.86014412587
39,1984,BWTE,64309,15732,86326,83951.7513228131,69321.25346190881,101670.0679545586
39,1985,BWTE,55411,18535,83659,66292.5234441602,54510.268135411825,80621.48316125368
39,1986,BWTE,120802,17701,197072,88790.35617416934,73003.85032688796,107990.56918552976
39,1987,BWTE,73183,16462,119356,84731.75623524931,70846.887946222545,101337.83886399359
39,1988,BWTE,48040,8316,48774,52789.30849433965,41217.47364565401,67609.94415300347
39,1989,BWTE,61543,19107,63452,56037.065486235,45200.66668176608,69471.38037623957
39,1990,BWTE,58124,12344,52375,55583.87466400676,44045.216775427696,70145.3494579608
39,1991,BWTE,59707,13391,70804,65316.055867849645,53437.90337553024,79834.47861252705
39,1992,BWTE,108378,19522,150259,109283.31454122109,90984.60912870812,131262.23161788768
39,1993,BWTE,54530,30867,63417,59876.17453591646,47505.29049684926,75468.56864907105
39,1994,BWTE,28686,7106,89396,58974.51089851863,48232.54464175397,72108.84189404061
39,1995,BWTE,107461,24431,239535,127644.48048203732,104949.13640554051,155247.71289751228
39,1996,BWTE,101402,10999,177222,124775.39620256746,105146.88437368003,148068.10102121136
39,1997,BWTE,110123,31593,157356,120175.44471011928,101951.36443706848,141657.12828875025
39,1998,BWTE,76638,20023,124092,112535.8302219314,95475.37703086446,132644.80830115353
39,1999,BWTE,175872,29505,204599,173388.1467632273,144971.98350584036,207374.20231803143
39,2000,BWTE,187076,53334,91285,110677.8492270136,93014.83729190424,131694.9711052575
39,2001,BWTE,167280,15916,144001,129485.66748451993,109888.63710373282,152577.54146212921
39,2002,BWTE,61793,14157,51972,67771.89478882287,54007.01159609398,85045.0633635775
39,2003,BWTE,127030,19782,140292,104675.58395789562,88980.28469075156,123139.38885458863
39,2004,BWTE,79491,16927,126838,116954.81630969506,99758.47742544708,137115.45535823633
39,2005,BWTE,124967,12225,139300,125954.6917771231,108021.81121878304,146864.63966558187
39,2006,BWTE,210180,38548,185933,159471.98570774644,135479.2945152012,187713.65998453886
39,2007,BWTE,78514,16881,110972,120470.68563794803,102225.5022840719,141972.26498087498
39,2008,BWTE,50458,7055,69089,75207.53170983116,60750.61473374742,93104.7833947796
39,2009,BWTE,58805,13297,126378,95734.6506868795,81127.81096543901,112971.41181392458
39,2010,BWTE,51771,11108,91406,77679.05317825994,64606.75505521281,93396.35302089172
39,2011,BWTE,158170,39602,194771,130192.57195029428,109407.78003315294,154925.96400270896
39,2012,BWTE,151249,34020,120849,108435.3986592613,91387.08956764525,128664.07867918162
39,2013,BWTE,188099,47779,157479,141603.8977790978,120427.99253958563,166503.34729811296
39,2014,BWTE,237507,26942,211973,224335.42891586674,187651.94665848423,268190.048454211
39,2015,BWTE,241088,63600,166009,205174.2069925699,172882.48224494638,243497.51732154147
39,2016,BWTE,169412,46265,125476,149244.17510760043,124458.38146066548,178966.0410342685
39,2017,BWTE,127445,25303,176096,177425.6129780078,146336.45559119,215119.65704953845
39,2018,BWTE,160097,53657,105272,99383.43132754724,80211.86778605173,123137.220152787
39,2019,BWTE,61497,15405,94088,71140.90500446089,56173.74730618259,90095.97200749151
39,2022,BWTE,166810,26716,179836,,,
39,2023,BWTE,67397,12286,150314,93561.77222761058,70418.47401729575,124311.20305477263
39,2024,BWTE,59650,9219,140085,88199.5870114923,66202.3960788801,117505.8247095608
39,2025,BWTE,117526,24970,90616,71241.50450185919,52097.97474954961,97419.37163751839
39,2026,BWTE,33629,11174,94705,72469.80180798142,50852.00959071712,103277.57381385415
40,1955,BWTE,116099,17064,352385,,,
40,1956,BWTE,105989,19931,246782,237446.44913084625,183477.13706173413,307290.6908607214
40,1957,BWTE,132504,27484,183100,243640.7631085162,197146.52797720005,301100.0095064579
40,1958,BWTE,421910,51236,213391,260038.2081500223,212011.40004619237,318944.49865970196
40,1959,BWTE,354607,57680,111710,217396.5881583311,177321.75527428454,266528.35953365354
40,1960,BWTE,216424,34678,178594,190652.51637794747,158496.06003441795,229333.03195896698
40,1961,BWTE,163068,39577,109629,136728.32487819134,112926.94270707933,165546.27598914248
40,1962,BWTE,93128,16997,88175,87110.18260616697,70126.96470966456,108206.36462872586
40,1963,BWTE,84356,25602,168754,88863.1322826548,73890.54252403582,106869.64812196238
40,1964,BWTE,87055,17366,250304,108309.56571928748,88366.41182886405,132753.6309725869
40,1965,BWTE,64448,14930,218425,109822.45975056513,91229.04156204652,132205.40804938317
40,1966,BWTE,43849,8201,212375,113438.90783147943,94629.2620524391,135987.3841441121
40,1967,BWTE,147839,37143,234940,128523.26269943902,106348.32299710954,155321.9513894729
40,1968,BWTE,81899,17170,67895,71619.44322972417,55541.216296702114,92352.04035026235
40,1969,BWTE,72477,14847,87263,65580.7203125002,52791.6179766237,81468.0633317736
40,1970,BWTE,139065,32790,262248,116746.51291152877,94901.14868991038,143620.47736152253
40,1971,BWTE,101063,24800,183497,115495.28269200832,96726.15591040897,137906.44524798542
40,1972,BWTE,108167,30051,249992,125246.35898314237,102685.69183973085,152763.7410576878
40,1973,BWTE,149184,35460,82407,85034.3976028085,67854.91028267992,106563.38274635094
40,1974,BWTE,169537,62394,356195,134209.32886884842,104657.11588241693,172106.251959623
40,1975,BWTE,57192,23062,264139,160865.67153229893,130300.09620442992,198601.26762253075
40,1976,BWTE,130285,43256,231046,146634.56345624747,120179.16482905053,178913.6680271449
40,1977,BWTE,81221,34808,89978,108454.28383970115,88282.55036970363,133235.06892273697
40,1978,BWTE,87452,45929,191271,105392.83421207375,86599.24855449438,128264.96405755695
40,1979,BWTE,128419,36149,211724,115262.11125729838,93590.60592186984,141951.79271069737
40,1980,BWTE,60364,10973,60873,89426.56275585227,70943.59644025286,112724.90439727528
40,1981,BWTE,54193,12989,54028,67201.67789129239,52523.73826016112,85981.41832624318
40,1982,BWTE,65922,10617,87362,66118.57822957658,54275.426315403645,80545.96129187726
40,1983,BWTE,60595,13601,153856,71574.18997372412,59230.09280452089,86490.91074872896
40,1984,BWTE,49274,12451,58192,60423.34974434124,46883.01720210322,77874.279690412
40,1985,BWTE,43118,7262,103567,50619.11405732073,41543.239815695015,61677.77764362066
40,1986,BWTE,56123,14201,202212,62025.764947167496,50124.489945824,76752.81127926552
40,1987,BWTE,55608,12002,133814,64875.141162227585,53656.074819200076,78440.02668851396
40,1988,BWTE,54175,6906,113578,62499.932610230324,51724.106039047874,75520.71703925454
40,1989,BWTE,43508,11265,46800,48677.78670528115,36945.98823610313,64134.890732449705
40,1990,BWTE,68362,13306,145170,71375.68378632976,58427.92936602696,87192.68834689078
40,1991,BWTE,54824,10247,114002,81403.62443051962,67529.3332660208,98128.46876957719
40,1992,BWTE,99155,25608,136624,81732.61596420356,67763.5800983686,98581.28072121748
40,1993,BWTE,59459,27615,99187,64323.86173755291,52891.27871133525,78227.62636186923
40,1994,BWTE,20757,3687,65555,43201.66898154299,33409.812742534494,55863.35419398189
40,1995,BWTE,87986,29526,172902,67236.15003743597,55378.03800157001,81633.4423355417
40,1996,BWTE,68196,29499,150071,76837.47017399715,63911.07003778744,92378.3128533001
40,1997,BWTE,98173,34245,159200,87263.51375659605,72785.06382944078,104622.02590069684
40,1998,BWTE,92651,32286,85709,71817.19799286417,58282.63479539755,88494.79687478962
40,1999,BWTE,137505,25731,151081,99198.52873307226,83238.24694968908,118219.06951925445
40,2000,BWTE,55198,13181,117250,101248.03569462655,85388.02090025078,120053.89777092569
40,2001,BWTE,154048,20720,163108,112902.6008961851,94268.70372500278,135219.82148294232
40,2002,BWTE,69358,15298,87153,85153.1747071262,70657.30251337826,102622.98311387475
40,2003,BWTE,207341,49767,103928,80532.29630933804,67751.29485332732,95724.38080918117
40,2004,BWTE,88015,14696,114520,87363.53361895362,73843.90518612051,103358.38803693985
40,2005,BWTE,102541,23363,208307,120077.8016208983,99772.51162827929,144515.54047097889
40,2006,BWTE,105089,15758,150295,120602.264530941,102373.20798924743,142077.27290834498
40,2007,BWTE,88526,12757,166557,119908.64110675688,101407.80459375844,141784.76962071998
40,2008,BWTE,129099,30346,153971,112650.76760958946,95391.09850201219,133033.32954868992
40,2009,BWTE,101544,25205,146565,100254.42095542085,84981.64602940783,118271.99625703419
40,2010,BWTE,71542,18571,98506,74197.43018626774,61522.445840661574,89483.74160065537
40,2011,BWTE,90647,19164,150002,86945.82495422904,73404.09392289774,102985.7610518546
40,2012,BWTE,128927,30456,114005,84160.21275377722,70149.91557514384,100968.63770525677
40,2013,BWTE,99745,18548,143562,105853.887159545,89188.87223569829,125632.77397626753
40,2014,BWTE,124388,11366,132451,118772.67992568052,99232.24311080726,142160.9454194811
40,2015,BWTE,171621,19869,146896,137416.22942936755,114744.36780426254,164567.72974510302
40,2016,BWTE,74914,17073,144417,136809.2327886255,113642.78136286324,164698.24085393845
40,2017,BWTE,93665,28697,150748,128328.91323634898,105473.39601679757,156137.09802043028
40,2018,BWTE,112998,55067,149934,111128.67321792054,89752.81572069404,137595.4827936163
40,2019,BWTE,37960,11998,137703,90525.77246252772,71891.39390351456,113990.21544825989
40,2022,BWTE,94153,14119,188115,,,
40,2023,BWTE,55181,11392,143598,79554.06957805814,59847.48483018571,105749.64017933782
40,2024,BWTE,73202,13061,136997,76517.33277900942,57372.92124486459,102049.9233536542
40,2025,BWTE,122716,34900,135398,79410.6419252503,58607.87162213996,107597.32227843127
40,2026,BWTE,82139,22026,141100,84856.26259373785,59819.231228345714,120372.41458170647
26,1955,CANV,74133,15986,664698,,,
26,1956,CANV,67354,16201,557221,108029.04900958054,87748.86324042335,132996.3146979914
26,1957,CANV,82456,19293,421417,91371.51940948688,76715.74985650425,108827.12578335567
26,1958,CANV,144827,55497,403035,78455.75353555665,66962.11498599229,91922.20502771798
26,1959,CANV,62371,14538,249349,65240.22581596384,53698.924149549945,79262.0547231881
26,1960,CANV,49685,13158,515330,62118.857086897406,52959.848320793186,72861.84776075641
26,1961,CANV,55323,26038,358196,62978.00538000636,54449.8528135121,72841.87112916977
26,1962,CANV,38762,8461,395508,55354.68725214477,48263.64165633254,63487.57150571794
26,1963,CANV,75761,20730,543023,56950.006958609774,49327.425149534894,65750.50862180027
26,1964,CANV,63780,11013,366657,53961.34270194162,47097.70910210215,61825.22593368394
26,1965,CANV,81047,16783,601686,52505.80566731289,45575.54771326327,60489.88475395398
26,1966,CANV,61061,13818,490191,54413.02899062049,47861.222548189886,61861.72367312592
26,1967,CANV,84238,21914,377493,48046.77367018774,42052.16713771339,54895.92135773508
26,1968,CANV,43515,9446,266132,41478.68449985243,34862.590701065594,49350.356162306394
26,1969,CANV,18457,7323,483245,42147.30321207062,36798.69104004391,48273.32488857188
26,1970,CANV,37463,16059,531228,48729.004623212706,42628.1736731542,55702.970288508426
26,1971,CANV,30170,8457,585392,50903.17455841815,44338.237340821324,58440.148628533425
26,1972,CANV,52841,16828,517134,51935.77873730881,45548.98609141053,59218.11536348006
26,1973,CANV,38092,6531,683871,54099.674102342884,46664.565241292374,62719.42581798395
26,1974,CANV,76565,24849,947344,62077.94982833165,51293.75554552642,75129.454139276
26,1975,CANV,69502,17072,428156,61256.31147825814,53684.50914064903,69896.06044623723
26,1976,CANV,44772,8363,459595,53037.43215369768,46714.60695998197,60216.0521626097
26,1977,CANV,55472,13664,433788,54302.978121153414,47846.55118370359,61630.6371070445
26,1978,CANV,41376,6991,295812,51041.78236855717,44018.95351907932,59185.04051283145
26,1979,CANV,34185,8016,617173,51702.80135887329,44281.213139464526,60368.257299904566
26,1980,CANV,55927,11391,281191,52802.176930384776,45339.90677097014,61492.625087901164
26,1981,CANV,43384,14440,365159,44171.16982983257,38609.84210073594,50533.546318199566
26,1982,CANV,56818,17963,374594,44368.353905404176,38813.30019399855,50718.460384349855
26,1983,CANV,35318,13626,318745,40453.67341511288,35078.883775019436,46651.98879395369
26,1984,CANV,23424,5923,386351,37922.227053677496,33107.6406070925,43436.96132797191
26,1985,CANV,40776,8407,493458,39458.66987098303,34180.27734359105,45552.19410117412
26,1986,CANV,44057,14612,514467,40506.88423199386,34864.31781668287,47062.663861990506
26,1987,CANV,45529,12418,325047,35436.403667162005,30613.513739000227,41019.09749949084
26,1988,CANV,32057,6685,229287,28426.832625175255,23769.326661569434,33996.95854263515
26,1989,CANV,28390,5935,273985,27315.46656028223,23259.722343068464,32078.401556166875
26,1990,CANV,61700,20037,467916,33730.72045825797,29002.121779599467,39230.28498671645
26,1991,CANV,49613,24730,445659,37983.69984523017,32714.311397069,44101.84388175143
26,1992,CANV,24567,11200,328103,34462.80205720514,29649.059289810168,40058.09135544101
26,1993,CANV,33078,11594,344031,33911.73043293191,29251.785741543936,39314.02585526876
26,1994,CANV,47360,17198,406094,38591.267728865445,33504.66507042971,44450.10692661345
26,1995,CANV,44527,15344,417916,43163.39982688367,37559.17364306097,49603.83586499976
26,1996,CANV,30386,12312,522064,51376.980254782,44568.444806165724,59225.6272701508
26,1997,CANV,52326,13823,653604,63879.48716268327,54407.7484612132,75000.14236164231
26,1998,CANV,60077,19010,358099,52714.91153826293,45726.22007389637,60771.73870912739
26,1999,CANV,42343,8647,469520,53901.144965188876,46943.871815153194,61889.51435446963
26,2000,CANV,51920,14272,345901,49042.16149191425,42504.02210433754,56586.02373899934
26,2001,CANV,24489,14755,226432,35825.04824316967,29688.79341927926,43229.580384092005
26,2002,CANV,9254,4342,249379,33047.94000957424,27647.950446218314,39502.61488644285
26,2003,CANV,44019,11754,384054,41134.96508095275,35654.47843402281,47457.86298185062
26,2004,CANV,38520,20399,270952,35679.62930618731,30093.282524624847,42302.99391185509
26,2005,CANV,28171,11699,539557,47175.45649358748,40841.738078432,54491.40511857002
26,2006,CANV,48755,14079,539787,53686.378576154464,46660.023454536095,61770.805739746764
26,2007,CANV,84978,28516,524874,52157.61228012801,45508.420406200195,59778.31123300256
26,2008,CANV,59843,19343,525585,52120.35254825421,45558.83113748019,59626.88422705125
26,2009,CANV,31877,12002,346492,41483.897831659175,35753.031534961665,48133.36675030519
26,2010,CANV,18857,4029,245872,31673.00539756208,25998.17058944592,38586.533135575395
26,2011,CANV,24992,6253,485855,44758.673809329244,39061.65616712091,51286.583256963684
26,2012,CANV,102253,26131,421176,48955.34193440626,42795.31929182998,56002.04750364307
26,2013,CANV,39908,7522,631385,60735.806516473545,53019.8909705366,69574.60918311609
26,2014,CANV,56241,16190,621016,66207.03833095921,57915.15642852429,75686.09315536976
26,2015,CANV,88426,20293,602328,64746.33719059516,56724.28235000424,73902.88613493463
26,2016,CANV,58104,18869,450480,54658.70130749483,47796.63362796282,62505.94240331801
26,2017,CANV,45656,9766,756627,67638.57923268518,57270.92556390998,79883.07078276404
26,2018,CANV,54675,12594,600352,66887.13809076487,57442.45162524944,77884.71966970337
26,2019,CANV,106280,25427,560981,61293.2100020862,52298.71027812699,71834.6126009742
26,2022,CANV,60997,19275,485905,,,
26,2023,CANV,42592,14857,338841,46820.697040457446,38083.88872690836,57561.81274118174
26,2024,CANV,26850,7614,352198,44509.27470411642,36081.57657355306,54905.45931794396
26,2025,CANV,35865,8313,331507,44246.61073797302,35076.82937288837,55813.5554666439
26,2026,CANV,57714,16222,455078,50606.994175552056,39275.389282575445,65207.95608308786
27,1955,CANV,6852,2388,256278,,,
27,1956,CANV,10041,4063,236564,10860.775637237322,6948.72244447406,16975.27112141486
27,1957,CANV,12970,7972,122624,8307.546478032036,5565.76156628175,12399.979349235531
27,1958,CANV,8076,3204,163615,7312.116991379292,5024.360762657894,10641.563657808203
27,1959,CANV,6363,3862,78160,5854.013083692137,3942.387453603487,8692.567533593172
27,1960,CANV,4405,2920,144335,5596.403972047816,3981.1670619769,7866.973912619571
27,1961,CANV,5139,2709,105836,5499.23313986477,3947.589606236486,7660.767238522128
27,1962,CANV,2937,1191,84878,4555.898761886568,3257.180775050622,6372.44751275341
27,1963,CANV,734,506,127949,4739.585195386509,3522.402476059199,6377.371120139264
27,1964,CANV,7342,4487,97113,4640.284672498133,3439.0402239877913,6261.119509923343
27,1965,CANV,5873,2099,197469,5339.642828763319,3993.8452561986605,7138.930957455533
27,1966,CANV,4520,1275,162580,5814.252509938689,4440.6457197671625,7612.751474148423
27,1967,CANV,4113,1494,155856,5450.876868412797,4202.3440092805195,7070.353728533682
27,1968,CANV,5063,3772,43628,3698.7937170663276,2476.9619003826565,5523.328784062369
27,1969,CANV,3582,2640,156377,4083.0022882805497,3145.841111952515,5299.348280103425
27,1970,CANV,8084,3150,187139,5809.781773990885,4481.807069848826,7531.239907329434
27,1971,CANV,4280,1580,196601,6316.746888444882,4860.204104986499,8209.7974469302535
27,1972,CANV,7002,5408,92732,5439.490617109337,4191.574038271625,7058.9372640119245
27,1973,CANV,5804,1503,136385,5362.434394358215,4222.301311326085,6810.4335795885545
27,1974,CANV,20202,10462,259125,7250.94515213725,5395.164656595259,9745.060428328447
27,1975,CANV,6043,1961,205809,8281.84182259502,6352.856190633411,10796.545981256562
27,1976,CANV,3339,1417,144151,7522.222422871842,5939.03419563469,9527.446435776745
27,1977,CANV,1027,548,53011,5616.097524025043,4051.1483804129766,7785.582861357685
27,1978,CANV,3917,1284,89800,5250.48318672399,4074.3191434219425,6766.179261774234
27,1979,CANV,5509,2049,124870,6490.1413506966865,5128.164945402363,8213.841637404288
27,1980,CANV,1875,593,68122,5909.032498058866,4480.526001693791,7792.983468886492
27,1981,CANV,3201,2306,80505,5241.35776320725,4053.96199688901,6776.53890762041
27,1982,CANV,8243,4245,86406,5311.24039183193,4139.202831178616,6815.146696204436
27,1983,CANV,8660,2754,56044,4495.822091926372,3310.9640411009927,6104.692177669196
27,1984,CANV,638,314,69838,4114.795849252725,3125.6879061432724,5416.901939489849
27,1985,CANV,8656,3476,170249,5533.163180499357,4275.074382592541,7161.488208648969
27,1986,CANV,5931,1274,70722,4854.675720690751,3689.701044339345,6387.475860468849
27,1987,CANV,1337,180,151517,5187.144467947233,4040.941401665353,6658.465208197994
27,1988,CANV,6390,6586,61562,4332.293648134337,3230.7334556548303,5809.444979378814
27,1989,CANV,3470,1159,111181,4514.259563575005,3549.730854305797,5740.868883794213
27,1990,CANV,11729,7432,116410,5347.997667281662,4209.646269276768,6794.176332103996
27,1991,CANV,5979,3160,83147,4753.275817411842,3686.717065969351,6128.387557847934
27,1992,CANV,3403,1907,78342,4414.503410474021,3404.634807293007,5723.915034688069
27,1993,CANV,4572,1706,139138,6059.046881602264,4785.777537069775,7671.0730553372305
27,1994,CANV,8508,3470,122543,6904.450223922612,5487.530712057055,8687.228445005805
27,1995,CANV,9529,3951,93242,6231.99294597639,4903.287804906501,7920.753915329282
27,1996,CANV,15469,4679,138365,7846.532982228808,6261.697031130966,9832.491022019998
27,1997,CANV,9898,3006,199007,11326.780617402335,8811.415552657958,14560.198459379302
27,1998,CANV,2832,983,78697,7471.833390675131,5784.887676000584,9650.71360842827
27,1999,CANV,5057,1860,104612,7395.021911826525,5893.776207135581,9278.660599665423
27,2000,CANV,13470,4886,89314,7149.295256891079,5635.8699068022415,9069.127484386196
27,2001,CANV,1778,1030,67556,5664.631300177096,4303.692797716312,7455.933607522609
27,2002,CANV,1705,1075,80102,5737.269119020652,4459.534416787332,7381.097188118805
27,2003,CANV,10091,3536,167198,9327.17321610151,7424.987553489582,11716.674213450378
27,2004,CANV,2664,1215,61827,5398.200298559005,4010.560968671318,7265.957727857876
27,2005,CANV,7862,4872,98248,5671.621387834446,4496.191994439044,7154.340652429013
27,2006,CANV,11750,7206,165211,8705.157737953452,7011.04824160375,10808.622139122026
27,2007,CANV,17541,5630,323372,15310.924671788995,11287.39297140401,20768.694321097737
27,2008,CANV,10066,3230,123835,9107.124511309748,7301.79543284631,11358.811353630064
27,2009,CANV,8244,4182,95757,6207.094811145787,4887.246405565259,7883.381110205514
27,2010,CANV,6409,2536,93710,5860.710168514656,4581.04404623691,7497.83746513988
27,2011,CANV,4144,1434,209769,10362.171484413031,8182.50896917448,13122.45403908374
27,2012,CANV,19979,5674,143670,9677.47556405717,7769.121055812189,12054.585405495787
27,2013,CANV,10342,4069,219067,11898.096527029982,9313.291183088933,15200.287222155795
27,2014,CANV,6649,2017,217032,12898.863719023917,10046.844848152943,16560.49115484646
27,2015,CANV,10454,5363,178291,11154.08386077727,8754.124693337377,14211.996188258678
27,2016,CANV,10786,5010,137733,8889.3887578252,6923.20062693835,11413.974077289546
27,2017,CANV,4771,2586,168492,9481.640554763542,7288.5969718103715,12334.542293591327
27,2018,CANV,8024,2277,197911,10850.758624344353,8112.567332761564,14513.156919919742
27,2019,CANV,14500,4080,157955,9664.689660498332,7186.172969030111,12998.048702180076
27,2022,CANV,3344,1870,88749,,,
27,2023,CANV,1133,1179,90994,5753.761094231217,3852.8844501940316,8592.462908619436
27,2024,CANV,3321,1874,87529,5688.62015638698,3714.2343711267586,8712.535626510638
27,2025,CANV,3346,770,98323,6046.872818451752,3899.8430769042875,9375.933893103163
27,2026,CANV,8976,8708,110957,6649.099110164184,4178.3403899143495,10580.880170390425
28,1955,CANV,11329,3650,188752,,,
28,1956,CANV,7369,4019,149253,8329.902034290059,5128.044744178935,13530.940419276594
28,1957,CANV,2549,1084,77390,6526.882845441431,4164.142323120881,10230.245839962128
28,1958,CANV,7080,3679,115683,5666.329442531815,3720.65283684338,8629.477341547106
28,1959,CANV,6797,3345,78194,5337.140320629373,3570.874684254273,7977.055853483838
28,1960,CANV,1983,1469,142519,5146.611626043393,3437.8385262073434,7704.728138743155
28,1961,CANV,3399,1879,81952,4917.618113270475,3403.5388867608885,7105.2421354822645
28,1962,CANV,11612,9626,73218,4010.23640598733,2809.222721908745,5724.713781675225
28,1963,CANV,1133,561,49067,3435.719796940053,2339.859629377502,5044.8199434195085
28,1964,CANV,8780,6492,62074,3192.920515008554,2259.188723114141,4512.567414514056
28,1965,CANV,13170,7916,95495,3591.134617312123,2624.1260325533576,4914.492550919527
28,1966,CANV,2462,1548,134933,4164.838693477979,3018.9852566686914,5745.5998847214405
28,1967,CANV,9044,5896,215824,4866.14828708328,3318.452776043343,7135.674589926501
28,1968,CANV,3750,3750,47294,3964.1477257997617,2773.5807268549042,5665.768816393094
28,1969,CANV,2941,1432,125330,3408.957087693886,2519.0294935099146,4613.280017434874
28,1970,CANV,3511,2410,86500,4002.368196811343,3010.0267153111145,5321.863457677376
28,1971,CANV,3056,1151,121414,4012.119037560075,2998.945459038457,5367.5865037949525
28,1972,CANV,2613,1411,60060,3982.563204032634,2933.991261971448,5405.881701044086
28,1973,CANV,5879,1920,121316,3989.065443280705,2988.1045736749934,5325.330060723322
28,1974,CANV,1185,742,124084,4898.239690824579,3673.4376113619323,6531.416783712279
28,1975,CANV,1102,890,178280,5429.781858105345,3886.9461436946494,7585.011455441978
28,1976,CANV,2193,885,104144,5638.758459532301,4270.460033136917,7445.473489560151
28,1977,CANV,3012,1170,45431,4554.001657236321,3273.881856959783,6334.660809467909
28,1978,CANV,2450,1347,88634,4262.658985349635,3235.4401482772937,5616.009195860635
28,1979,CANV,5538,3042,100739,5075.4496367636,3846.7994473929275,6696.525089911325
28,1980,CANV,1649,974,59124,4731.795823777069,3536.487660463085,6331.109809381398
28,1981,CANV,2599,899,58943,4059.213986854304,3033.9700711004084,5430.909931519988
28,1982,CANV,7412,4166,66784,3949.9607288192174,2981.0820244206175,5233.733802492864
28,1983,CANV,2962,1180,58022,3728.8280823611162,2781.1730449523043,4999.386461421467
28,1984,CANV,2245,1170,42892,3190.3475589208574,2284.989704188127,4454.425999406724
28,1985,CANV,3045,958,89250,3341.2529453691545,2532.0332507323646,4409.093459459498
28,1986,CANV,5962,4580,46371,3234.7436281988994,2342.0198256664,4467.753101618629
28,1987,CANV,3658,2127,58119,2889.4317256865165,2152.0089980860575,3879.544976265896
28,1988,CANV,5995,1901,52705,2919.4463416858757,2152.9341284237084,3958.8609932173645
28,1989,CANV,3560,2257,57836,2930.1377661005367,2182.518496929642,3933.853179437871
28,1990,CANV,2595,653,66153,3153.615465389884,2376.6300928393766,4184.61860493593
28,1991,CANV,1558,1558,73487,3435.419899059807,2605.155441951798,4530.290090488375
28,1992,CANV,4789,4789,47976,3088.410709181517,2246.9538198976193,4244.9829738920425
28,1993,CANV,6033,5091,90746,3766.5686517403765,2875.36109862264,4934.00269450304
28,1994,CANV,5161,1784,69750,4146.249947688501,3149.3641577487847,5458.6855528944525
28,1995,CANV,4624,1446,58766,3881.1360730088295,2901.2834555499767,5191.915043114933
28,1996,CANV,11841,4334,130494,5780.049628059079,4374.315322055221,7637.532103453638
28,1997,CANV,2792,1173,143245,7774.79289462158,5846.910225224385,10338.350038876888
28,1998,CANV,4295,3223,66328,5737.545576275408,4363.125197744169,7544.91969583123
28,1999,CANV,5795,2879,67172,4997.637107137654,3815.342253590681,6546.3004350746105
28,2000,CANV,5116,3244,63063,4869.960216248271,3698.7653309735065,6412.007896050754
28,2001,CANV,3505,1155,56585,4462.226362218344,3346.762547687862,5949.470219042683
28,2002,CANV,2364,1058,59887,4361.936921330226,3295.5267376986208,5773.4302343881645
28,2003,CANV,5985,2743,159493,7417.950043856786,5573.693069358148,9872.44582154423
28,2004,CANV,5387,1915,97648,6742.187087134111,5255.064303617987,8650.148521802448
28,2005,CANV,3373,1749,52992,4103.1230197313025,3030.499759178104,5555.393450885765
28,2006,CANV,8328,2201,170624,6955.703276606455,5241.458726671327,9230.599837789703
28,2007,CANV,16446,8932,253077,11341.311941811342,7992.123642314392,16094.014847375996
28,2008,CANV,7002,2484,87338,6639.599114806966,5148.940304927153,8561.815401736172
28,2009,CANV,6166,3951,107409,6029.641712454536,4730.846578034617,7685.004909982866
28,2010,CANV,7744,1917,132128,7346.614946666157,5713.518741780202,9446.499366476552
28,2011,CANV,2860,2811,154782,8707.380011444598,6661.837274025364,11381.014507712856
28,2012,CANV,10861,6521,107654,7456.454663746501,5798.2277385365805,9588.915554831165
28,2013,CANV,3658,2048,157948,8762.051675210736,6649.044550559717,11546.553640191876
28,2014,CANV,2191,1230,177836,10314.251301920187,7668.139766287808,13873.479508924403
28,2015,CANV,9623,6716,124503,8679.912658758194,6618.734353308891,11382.974408997958
28,2016,CANV,3194,2222,90495,6740.513791155704,5080.69062577378,8942.5886194046
28,2017,CANV,10224,6038,138182,7983.631379162814,5933.927135534698,10741.346926331908
28,2018,CANV,5524,2778,204452,10878.886906426958,7554.650861167152,15665.870269555182
28,2019,CANV,3110,2064,118747,8969.27612513708,6523.02521094347,12332.914806766215
28,2022,CANV,6080,4112,64846,,,
28,2023,CANV,10335,4359,85951,6303.084473523611,4296.399548366598,9247.015654183866
28,2024,CANV,9431,7717,96686,7234.370390804674,4856.339193296204,10776.865632367131
28,2025,CANV,8355,2136,70181,6572.709631618732,4249.483808856426,10166.061066414391
28,2026,CANV,7314,2912,83860,6779.9399237769585,4307.248446119143,10672.146254168776
29,1955,CANV,3926,1944,157117,,,
29,1956,CANV,13969,9621,95044,4900.779690848286,2915.31918232816,8238.426078289875
29,1957,CANV,2617,975,67026,3680.1899382069173,2219.3004050689683,6102.733073154433
29,1958,CANV,8724,4482,98759,3552.6179851367506,2230.08369587796,5659.471243902498
29,1959,CANV,2617,2031,111453,3740.993170476145,2384.6691909739493,5868.751084855209
29,1960,CANV,2181,1342,160368,4012.861349625368,2513.7764102923725,6405.922239299006
29,1961,CANV,0,0,49751,2823.4469715240125,1791.377330457141,4450.124865080095
29,1962,CANV,1309,1286,52549,2088.414310984554,1356.9467650587733,3214.182344239706
29,1963,CANV,0,0,57578,2081.4063558836233,1383.4585817207226,3131.465210128923
29,1964,CANV,3926,2218,118608,2589.740719747904,1778.9781878218753,3770.0051869280883
29,1965,CANV,436,429,104179,2853.4714755438135,1995.5646699105505,4080.1982438921204
29,1966,CANV,474,482,76200,2472.1662447701656,1736.9381186495814,3518.6089107956373
29,1967,CANV,489,497,169890,2918.7698057598964,1994.294617442905,4271.794700995106
29,1968,CANV,5573,3554,80902,2761.1235020011677,1972.274342301592,3865.4880965527423
29,1969,CANV,1703,1129,94544,2463.422007014888,1780.5989037719464,3408.0937440712287
29,1970,CANV,379,240,77844,2449.1641375992535,1766.4992747754209,3395.64530739187
29,1971,CANV,1504,785,78039,2419.445289870463,1751.203239772082,3342.6819787280842
29,1972,CANV,3025,2084,61204,2359.392070119673,1672.4854404758382,3328.4181768182166
29,1973,CANV,4264,1993,83588,2554.4871853408417,1864.423417202678,3499.9586037495137
29,1974,CANV,2241,1836,64073,2685.3468833086317,1923.9801474389922,3748.0053488566637
29,1975,CANV,2298,1355,145626,3281.632391238845,2363.907610485965,4555.639612757158
29,1976,CANV,1777,541,123706,3940.1928341060484,2890.080469169882,5371.864117818123
29,1977,CANV,5128,2288,55778,3203.81632043389,2272.374899307562,4517.053510055199
29,1978,CANV,3475,640,145626,3506.710755353039,2526.4428315397367,4867.325778440153
29,1979,CANV,8230,5780,153665,4448.842322861386,3183.507962513554,6217.103348488459
29,1980,CANV,2674,2079,52135,3339.928437662327,2347.1905026309814,4752.542222798563
29,1981,CANV,234,238,64692,2693.854612271105,1948.6266686937208,3724.0856797464444
29,1982,CANV,1306,807,103313,3092.5380344581386,2282.3209562644397,4190.379739676769
29,1983,CANV,2744,673,64305,2820.300157885803,2036.4465995873832,3905.8686744755823
29,1984,CANV,303,309,38815,2033.3126372567556,1351.7191562983576,3058.5941329335365
29,1985,CANV,4114,2532,75313,2147.8795761513584,1568.3003868969688,2941.6473477865825
29,1986,CANV,3222,1015,95957,2625.8518139392218,1939.5937261594306,3554.9185665911627
29,1987,CANV,2966,1939,72083,2451.8107239247943,1788.8525980325498,3360.464597566155
29,1988,CANV,10327,5285,74322,2313.3776325083873,1692.4610656890793,3162.091098628126
29,1989,CANV,1237,814,105858,2714.3316555445626,2000.9363426862203,3682.074326462788
29,1990,CANV,2104,880,121656,3187.5053702580117,2332.531006054739,4355.8651349328375
29,1991,CANV,1263,1285,93444,2994.0151943359288,2212.3654750583005,4051.8291778523553
29,1992,CANV,0,0,48799,2134.0351166090936,1478.5337667415308,3080.1500658029354
29,1993,CANV,2173,1534,115923,2976.743744087083,2204.500743291678,4019.5057066438803
29,1994,CANV,2941,1905,121988,3982.7368168602015,2958.4941391461357,5361.576466381567
29,1995,CANV,1812,1291,118814,4298.913386876103,3212.381895351923,5752.944982849858
29,1996,CANV,9279,5462,112943,4493.396037461053,3378.1083346111955,5976.897704139065
29,1997,CANV,3501,854,104584,4564.436571530521,3447.738613210483,6042.825037749864
29,1998,CANV,1346,876,56219,3256.6644644943453,2330.7785130907696,4550.3523285171195
29,1999,CANV,2938,1220,74707,3463.5519879469102,2580.5491471101723,4648.6975017100285
29,2000,CANV,2672,1355,54849,3044.417600967941,2180.7604532396226,4250.113081111051
29,2001,CANV,2113,864,75130,3428.068042923828,2569.7637661345116,4573.0470099174445
29,2002,CANV,1158,675,87493,3958.6393867782567,3015.068670469919,5197.502115966641
29,2003,CANV,9593,2871,177655,6394.039254320103,4705.9600392599095,8687.650903260972
29,2004,CANV,3588,1108,80278,4213.878957772268,3186.547832320139,5572.417802944797
29,2005,CANV,3281,1671,59577,2779.9497508367535,2023.6582453386006,3818.886234856445
29,2006,CANV,7451,2862,120208,4137.564124802188,3193.757065899417,5360.281490924537
29,2007,CANV,8332,3609,124028,4897.388829476325,3788.9375510444247,6330.116826672996
29,2008,CANV,2028,919,111987,4612.0329033642565,3573.301388500136,5952.715763123131
29,2009,CANV,5594,3652,137018,5283.617698475162,4070.7634115302776,6857.833079801997
29,2010,CANV,6125,2659,206651,7552.481404072505,5534.038367482696,10307.115992187662
29,2011,CANV,1135,703,235202,9310.07160817141,6644.085879240365,13045.802676949963
29,2012,CANV,12499,3190,134028,6590.502185757641,5032.694553376574,8630.50968021389
29,2013,CANV,409,402,118100,5406.031536939048,4122.130797232169,7089.822816394618
29,2014,CANV,6365,2924,202551,7650.102874769381,5538.777458589311,10566.243982920452
29,2015,CANV,5847,2259,117447,5975.118336540843,4472.030018715354,7983.40775581879
29,2016,CANV,0,0,78925,4057.778387033847,2915.5298904602523,5647.537859980478
29,2017,CANV,3074,1035,105054,4493.6344150033265,3270.7176192528727,6173.79810988235
29,2018,CANV,4321,1870,176261,6714.095597923265,4697.882656390542,9595.61636490247
29,2019,CANV,9290,2367,109795,5582.279188071937,3933.014481439544,7923.144214352185
29,2022,CANV,535,546,71991,,,
29,2023,CANV,5460,2926,126614,5123.860117066623,3280.2108708303494,8003.736202672877
29,2024,CANV,5402,4129,140437,6234.8918347817835,3858.0452462035746,10076.055025451436
29,2025,CANV,1297,1313,79948,4713.7387657245645,2829.169464690133,7853.659326104778
29,2026,CANV,2062,2100,66210,3826.8376965923635,2162.034567631735,6773.567349620113
30,1955,CANV,68815,45662,525462,,,
30,1956,CANV,39519,12379,315811,71084.99596285146,53999.05525884024,93577.13068899229
30,1957,CANV,82134,50435,164066,55226.33186051888,42553.03630510672,71674.03305606525
30,1958,CANV,61046,33802,209975,46596.49791362475,37309.899717005894,58194.57126079557
30,1959,CANV,17955,16694,57531,38725.95310696251,26769.426667226075,56022.845116767014
30,1960,CANV,32318,15694,166280,31906.153746451975,25769.30404498557,39504.46799475455
30,1961,CANV,28727,14876,142170,37567.31333403739,30667.103766578213,46020.09507907353
30,1962,CANV,58173,24349,160311,35432.42112422166,29388.043647348157,42719.97421092288
30,1963,CANV,36627,12552,144989,34836.81729333351,28801.600589575908,42136.68040269738
30,1964,CANV,33037,12660,196851,35090.40834869982,29781.361682036568,41345.88509501285
30,1965,CANV,22264,6746,327925,40295.34191909836,34326.97048917052,47301.42384365947
30,1966,CANV,37984,7132,350761,45457.97050829009,38843.078730004716,53199.36396123873
30,1967,CANV,34551,10039,282303,44655.36276178351,38723.88889176768,51495.381286728356
30,1968,CANV,34633,7139,231448,41608.06740698969,36072.91326810256,47992.55498100947
30,1969,CANV,52118,12241,386743,43196.23698698117,37126.09905737384,50258.845858055196
30,1970,CANV,68807,25569,278096,47504.79318130192,41377.62047361001,54539.27387239583
30,1971,CANV,54435,18886,294264,46022.77622459063,40150.876410710676,52753.41712973716
30,1972,CANV,42092,12223,349128,49680.80605883911,43228.775090442694,57095.82299040591
30,1973,CANV,80651,41224,266781,52738.62728677341,45984.12674462281,60485.28057387632
30,1974,CANV,53036,12832,427648,54718.60981131166,47049.63442686485,63637.60943428197
30,1975,CANV,48832,16108,395299,63178.367356634335,54774.56562702601,72871.5245142978
30,1976,CANV,64265,21448,201874,60673.200001401325,52193.94620958072,70529.96498153875
30,1977,CANV,87268,26534,176065,53066.146522882314,45077.15914549794,62471.01548033696
30,1978,CANV,38774,13888,274088,54423.99860784454,47466.51002077829,62401.293526110785
30,1979,CANV,84134,35297,433416,62827.19875308483,53713.961581950316,73486.60919633292
30,1980,CANV,125243,44301,265432,64983.9530354249,56619.59517908617,74583.9693617263
30,1981,CANV,49398,17670,145930,52225.46799074895,43556.14215296764,62620.31878934228
30,1982,CANV,17830,8758,283612,46703.950644155666,40601.08997126112,53724.14896535291
30,1983,CANV,62222,10329,384934,52997.28318425896,45759.431263992,61379.95921996318
30,1984,CANV,35126,14457,283066,50824.50243704012,44153.32050574355,58503.641818664095
30,1985,CANV,37018,9293,622251,51412.928099819146,42144.54940127262,62719.59751258736
30,1986,CANV,37337,12737,343774,52913.71751304711,45297.363860954785,61810.694097895626
30,1987,CANV,86917,61710,223794,41142.38597824794,35315.359309619154,47930.87079032149
30,1988,CANV,35965,14557,217588,36285.39750666182,31130.482498170204,42293.917940200554
30,1989,CANV,38425,12191,208088,35152.871551600605,30068.968978515473,41096.33353927986
30,1990,CANV,18882,7132,212982,34775.108929728514,29788.127190714415,40596.98662262496
30,1991,CANV,68057,33831,194812,34139.52267021674,29078.79582444089,40080.99287146643
30,1992,CANV,33499,12344,247891,36630.11984094705,31598.647578536624,42462.756553971536
30,1993,CANV,40969,23148,167698,34916.77220335139,29263.469468389605,41662.21583594836
30,1994,CANV,31267,8337,407268,46052.59248627737,39478.2862481731,53721.715815495285
30,1995,CANV,65528,16175,344941,56288.63151045197,48980.58383434521,64687.061469809494
30,1996,CANV,68133,27685,408311,62158.25293258986,53853.49060367798,71743.69505712122
30,1997,CANV,60291,15063,461590,72314.44593808301,62099.29222289718,84209.96285371123
30,1998,CANV,19144,8279,146488,47050.67876089835,38839.835989207284,56997.31513996111
30,1999,CANV,29878,6148,313141,52065.41576532549,45095.122542664525,60113.097957578604
30,2000,CANV,45316,8794,214417,51662.27273429107,44533.61642271216,59932.03872639207
30,2001,CANV,25625,14145,139687,37671.46121552105,31131.40548321246,45585.44556807029
30,2002,CANV,23312,7882,72858,23785.450003331294,17863.93899033674,31669.8143767176
30,2003,CANV,26811,16652,136837,26862.608223067786,21800.12611869148,33100.713115935956
30,2004,CANV,22546,10293,148151,30754.388987503185,25326.71005516599,37345.25486865327
30,2005,CANV,50643,19252,411543,51398.55387093268,44334.2702218016,59588.470201637494
30,2006,CANV,85977,34542,456112,66534.23719903397,57589.22491522136,76868.62822297285
30,2007,CANV,93591,22965,477294,68932.06625921575,59681.30776918245,79616.7164624114
30,2008,CANV,57696,13729,422393,65256.48434429428,57077.99421655427,74606.83942082294
30,2009,CANV,68806,22792,328293,56271.692708396324,49461.39828299733,64019.690307798875
30,2010,CANV,41153,16650,244447,46327.17670156468,39958.95095265134,53710.30144612924
30,2011,CANV,76360,22393,455751,61930.8830406281,54042.09261657933,70971.239056263
30,2012,CANV,79371,35096,317751,59789.34482300486,52480.43897454705,68116.15573752984
30,2013,CANV,87189,16949,547969,74327.27504439665,63964.354218105334,86369.1017138675
30,2014,CANV,65077,12698,491388,79409.12194640121,68893.8048392397,91529.4004012801
30,2015,CANV,55385,13827,356857,65630.52584258672,57534.17247166314,74866.21841125668
30,2016,CANV,53754,15225,327781,58382.784107822234,50988.378470551506,66849.53674589198
30,2017,CANV,75163,29916,461745,67580.84884899993,57484.03022103964,79451.1295326637
30,2018,CANV,44187,17011,343056,63171.63899932022,54095.81445172704,73770.14311193222
30,2019,CANV,35854,13434,247386,50876.99481370177,42859.34336566203,60394.499728786344
30,2022,CANV,52804,15034,282063,,,
30,2023,CANV,29905,13352,199835,46676.11907479399,37536.126991108875,58041.68587772531
30,2024,CANV,47212,16439,208458,44762.81033392601,35951.254686479864,55734.05452646317
30,2025,CANV,60568,14386,202630,45597.41309787219,36016.48750753853,57727.00852027366
30,2026,CANV,57975,17319,304799,53847.320717852956,41278.11299875631,70243.85898111858
31,1955,CANV,97043,32456,844690,,,
31,1956,CANV,147021,65943,414848,104436.76333684838,82343.13524281437,132458.37074473884
31,1957,CANV,157118,65913,399228,79801.56953343071,64860.88256590176,98183.83975161743
31,1958,CANV,40666,19979,318945,66803.82747942061,54788.34461108483,81454.39322138752
31,1959,CANV,12015,5050,218670,50927.25124755133,40673.309095953,63766.262870637205
31,1960,CANV,43438,13050,692558,61220.21189910157,48889.367136744615,76661.13440347672
31,1961,CANV,30037,23635,219363,49897.673388053896,40238.57671304233,61875.39453237925
31,1962,CANV,63771,17235,383369,42593.60791875156,36114.99759525875,50234.40554719875
31,1963,CANV,19409,11025,198501,36295.267855108985,29186.767321504187,45135.05912330055
31,1964,CANV,31424,11598,357343,35914.06172713108,30607.12584454313,42141.16138481326
31,1965,CANV,32348,9379,439897,41793.49844914389,36030.04776002998,48478.884187222604
31,1966,CANV,55453,13064,587304,46212.844152472135,39599.66284117611,53930.4330247992
31,1967,CANV,28556,8642,642054,49002.827140784924,41773.98955984625,57482.58888104354
31,1968,CANV,16828,7188,329573,39480.39153748528,33481.149739032924,46554.593498202885
31,1969,CANV,38441,17165,469731,37391.922987587735,32242.845861747282,43363.29090505178
31,1970,CANV,51285,30709,603695,43500.556850001456,37310.876683411465,50717.072726986626
31,1971,CANV,38486,16786,406953,41401.32989212771,35531.69515981863,48240.59502725783
31,1972,CANV,28115,12344,646164,44296.00691950862,37917.793643274184,51747.1097467507
31,1973,CANV,58657,27881,466551,46236.20667377772,39928.35250322009,53540.57138740902
31,1974,CANV,58279,20569,836676,52136.73349435152,43827.66718555344,62021.07376495336
31,1975,CANV,64898,16332,806149,60657.293415301596,51185.791661254436,71881.4171874004
31,1976,CANV,64616,28762,398981,51368.151041986064,44253.289542891376,59626.91064841211
31,1977,CANV,62643,31102,254673,39773.26247876478,33072.16019930483,47832.1463935691
31,1978,CANV,25730,9915,393614,40792.89152295567,35083.10133460947,47431.95257832106
31,1979,CANV,54544,15535,697459,52370.66499547554,44363.592295293565,61822.91401950543
31,1980,CANV,69961,26974,311330,46694.699149920256,39706.117248417126,54913.32519521244
31,1981,CANV,21468,5580,160516,30960.06111373558,24456.052802753027,39193.78944333734
31,1982,CANV,33160,9270,629722,37855.64389240876,31903.771510425562,44917.87981996332
31,1983,CANV,45661,19735,715446,50685.08115245908,42524.96275918677,60411.045295421936
31,1984,CANV,50206,24003,548332,45441.953428108274,38734.10860831222,53311.44062830519
31,1985,CANV,28484,11081,737129,45423.647059880575,37862.1663179727,54495.236614107074
31,1986,CANV,27404,11292,402474,37973.1569571688,32366.82205164989,44550.578582992945
31,1987,CANV,33775,23177,260876,27498.75661554376,23004.030346692285,32871.70134991766
31,1988,CANV,42408,12921,378725,28656.61771451742,24452.382909827724,33583.710097470386
31,1989,CANV,21688,6882,220599,24783.04385932044,20427.996601444258,30066.544209703698
31,1990,CANV,23721,9413,284859,24678.226595468004,20792.004968297228,29290.81966005032
31,1991,CANV,27893,11607,213222,23148.48166698671,19003.501771959483,28197.550636561824
31,1992,CANV,26709,12696,376385,29364.286803716488,25026.932375869645,34453.337170571074
31,1993,CANV,23297,11966,189633,24563.544907025193,19783.63397651751,30498.32700683908
31,1994,CANV,23526,11132,564677,39789.39116116973,33704.51857863355,46972.801147802595
31,1995,CANV,76930,32388,680902,61067.53677371455,51566.88621868076,72318.5811878246
31,1996,CANV,63933,21356,666917,68582.74327952586,58125.910799274076,80920.75652781157
31,1997,CANV,65465,26069,497368,61925.77057174082,53464.03449422665,71726.74298117147
31,1998,CANV,64158,22189,284623,43478.286908144255,36882.0254964805,51254.27378296503
31,1999,CANV,56071,24392,344405,44412.94062304096,38136.49126734229,51722.35906439813
31,2000,CANV,29652,9588,272859,40191.769263478214,34043.55862829676,47450.33661627788
31,2001,CANV,41736,24106,202365,30841.574832694827,25293.130951272007,37607.15666214816
31,2002,CANV,1585,1614,127377,20460.215645132805,15679.952595630304,26697.81185193114
31,2003,CANV,24994,7657,275468,29875.439607828604,25020.845962777996,35671.93104057293
31,2004,CANV,27200,9893,277817,34343.99088193836,29032.707680430653,40626.927487500856
31,2005,CANV,20917,9703,527635,52182.60705055152,45016.38784989109,60489.626303920726
31,2006,CANV,60626,29938,624197,66633.16495202933,57198.124891958185,77624.54940456609
31,2007,CANV,118112,55672,1076681,101065.34113680312,81603.75773536167,125168.29448250066
31,2008,CANV,42200,17326,382709,55261.473029629335,47492.47184698253,64301.35730234638
31,2009,CANV,79992,31397,437833,49174.049492663595,42987.27601927804,56251.22983886011
31,2010,CANV,61753,21394,761893,77245.88090722097,65445.0357320355,91174.61775961319
31,2011,CANV,65085,18955,586465,74616.6865377485,64722.291670195686,86023.68312672855
31,2012,CANV,95978,30707,392778,54478.36914547647,47586.02773488449,62368.994556254846
31,2013,CANV,62374,19463,459849,56589.18428066421,49608.584558900926,64552.048925096766
31,2014,CANV,44766,11687,405130,54314.775699534155,47467.93111371463,62149.21927444932
31,2015,CANV,49439,12059,397514,52493.8542204627,45742.683762453555,60241.43107189179
31,2016,CANV,69485,16233,384075,51326.58888583739,44559.83223278775,59120.930098954086
31,2017,CANV,50734,12401,477636,59110.42615484263,50699.232095915526,68917.06907112294
31,2018,CANV,46010,15395,346804,50693.43724300828,43226.059769099666,59450.81724399662
31,2019,CANV,17592,6057,247444,38469.3565750722,31647.45838149925,46761.77712157695
31,2022,CANV,43057,23763,457794,,,
31,2023,CANV,42136,15212,329244,52361.11093372613,42212.92921187092,64948.96206925555
31,2024,CANV,31388,15676,252485,42604.66746928126,33511.39181535268,54165.39247816167
31,2025,CANV,54314,18144,219272,38045.81773376661,28744.11673871819,50357.583090428925
31,2026,CANV,59472,26107,433399,54835.890829318494,40635.45615181394,73998.79828617863
32,1955,CANV,56181,13414,958005,,,
32,1956,CANV,100572,19006,729674,79046.56231520648,61663.81247282496,101329.43071928048
32,1957,CANV,38467,11756,344416,48065.60578160837,38264.63171938819,60376.968373705364
32,1958,CANV,38467,18460,368032,39531.46322439825,32245.627814213116,48463.51864090962
32,1959,CANV,10598,4257,160002,24487.535526132095,18371.84364448167,32639.043078493352
32,1960,CANV,13346,4738,394964,30626.62941904475,25299.709296182573,37075.146539846966
32,1961,CANV,7729,2795,252231,28039.767704794915,22931.813503643793,34285.49481330513
32,1962,CANV,35916,18334,311113,27065.75901179499,22602.801804560706,32409.933831156704
32,1963,CANV,23944,8360,268896,25420.467262554375,21080.991942972265,30653.213928200446
32,1964,CANV,22766,7158,322555,26501.645881766886,22354.455004456002,31418.222197882802
32,1965,CANV,43374,12514,610148,38241.00757742119,32766.064758260836,44630.76879464743
32,1966,CANV,42785,12828,595118,43215.51070225238,37288.97494463284,50083.98241114157
32,1967,CANV,44414,9826,688814,46117.48859793424,39680.58761138865,53598.57004663357
32,1968,CANV,28898,6911,404228,36228.55264000096,31271.416822870975,41971.49217202694
32,1969,CANV,54535,13329,781769,45520.60728245922,38956.659676453484,53190.53801258868
32,1970,CANV,66924,24671,733388,51951.81865924505,44656.7191243054,60438.64204377022
32,1971,CANV,60031,24751,495343,43351.90180260322,37687.39757682757,49867.79429572792
32,1972,CANV,27224,9253,357204,35308.7712489934,30181.68355342244,41306.81858442495
32,1973,CANV,64531,34864,326802,33054.85211977441,27973.905893708627,39058.65890919035
32,1974,CANV,36236,9671,755035,50617.78717870558,43597.27082978807,58768.824976955235
32,1975,CANV,64877,14529,785676,64887.14187133073,56008.94709464544,75172.65363184658
32,1976,CANV,78939,21071,553390,57478.8080789976,50382.18763564707,65575.0282634548
32,1977,CANV,61639,13784,265677,38545.69476660559,32448.244162895717,45788.93630057467
32,1978,CANV,35746,8156,566432,47272.65822640122,41165.768251751746,54285.49765241036
32,1979,CANV,73837,18143,660383,59938.274747620315,52021.769634107186,69059.48807565735
32,1980,CANV,67319,20759,358224,45118.87470640668,39077.36078439997,52094.430481218646
32,1981,CANV,11641,3873,126223,22434.648144355608,17307.73776872474,29080.25555312786
32,1982,CANV,45066,7937,704505,39328.30773248734,33298.57309093305,46449.911979032586
32,1983,CANV,68185,13310,711918,54517.7394365707,46622.47295935155,63750.02707096116
32,1984,CANV,35254,10795,266938,30296.510083453,25404.676235375584,36130.29801020014
32,1985,CANV,17964,6077,722930,39315.77575910897,33502.327917835464,46137.99456955491
32,1986,CANV,25682,9604,615206,43054.02599513324,36803.399588700275,50366.2480940683
32,1987,CANV,30777,20746,347497,28765.008948428407,24522.15642906621,33741.96483072815
32,1988,CANV,17344,5750,149146,14664.464175802927,11503.207890078813,18694.481714868325
32,1989,CANV,7369,1919,222911,15161.799269751014,12380.653963075982,18567.69099449966
32,1990,CANV,5800,1895,277138,18827.404744033578,15773.847131961938,22472.080934359175
32,1991,CANV,9255,3618,437338,26965.014768131434,23156.657289471907,31399.69695782151
32,1992,CANV,14169,4671,349776,26037.121697786333,22232.017750075796,30493.48529343562
32,1993,CANV,10982,3208,337279,24860.301566837134,21175.48134427312,29186.33035754965
32,1994,CANV,35464,12087,742871,46378.29671690306,39952.506124900654,53837.58404633621
32,1995,CANV,46735,11055,343488,32947.12509130326,28107.666993857416,38619.82042192298
32,1996,CANV,85775,16801,1041421,70081.54940445255,59434.08884010209,82636.47450105821
32,1997,CANV,68679,15741,972050,91247.02186034917,77843.49957067236,106958.43640513663
32,1998,CANV,58462,13261,344989,40570.36291619484,34750.68372412629,47364.66079972476
32,1999,CANV,69753,16970,807043,66532.25476793972,57612.81654739165,76832.57285060549
32,2000,CANV,50794,12422,322493,37083.73677595967,31673.529889185786,43418.06985454424
32,2001,CANV,32388,7565,378874,33928.401662218195,29374.715299076135,39188.0032753548
32,2002,CANV,17945,5651,193792,18795.089587243845,15162.421290979351,23298.085827669613
32,2003,CANV,60744,12117,851096,57170.777850523606,48748.162281852834,67048.6370570458
32,2004,CANV,26643,4448,372215,36384.12419854624,31188.29461060548,42445.555623457614
32,2005,CANV,25767,7458,550857,41293.606073851886,36250.398706870445,47038.43166997451
32,2006,CANV,47420,11612,636964,49971.42511026011,43968.447532683036,56793.98449749982
32,2007,CANV,50529,17091,600079,48032.13051884474,42282.53623633107,54563.556672293074
32,2008,CANV,30046,12281,251415,21298.92684580471,17305.370170889073,26214.075763953126
32,2009,CANV,64756,18675,640724,41668.76070452737,36370.170056212104,47739.27688453584
32,2010,CANV,38866,11027,766013,61455.509956395974,54203.54810792698,69677.72103185163
32,2011,CANV,68122,12528,924670,77430.61936065949,67646.77853821636,88629.50969924222
32,2012,CANV,62240,13533,880236,78268.67151168427,68693.553009573,89178.45520889318
32,2013,CANV,102465,20017,888564,78379.60003311328,68753.00559950153,89354.0820184209
32,2014,CANV,90661,14748,867290,76796.34099182428,67201.835762876,87760.66788625701
32,2015,CANV,74911,11829,770225,68349.31980260483,59908.675131913464,77979.18260072093
32,2016,CANV,49476,14970,503192,45489.83876680309,39622.87473975352,52225.52489240749
32,2017,CANV,42649,10576,584358,46846.3107968169,40701.04799652385,53919.418376140966
32,2018,CANV,36229,9372,554663,46166.23984701216,39683.64686840463,53707.80837455672
32,2019,CANV,15931,4500,359802,31652.862676330664,26340.517024414276,38036.60021851548
32,2022,CANV,11313,3524,383770,,,
32,2023,CANV,23649,5929,564886,43316.472655510646,34721.49951688237,54039.04869959012
32,2024,CANV,22631,5222,338242,31953.101452428386,25603.302897604382,39877.694550288375
32,2025,CANV,51801,11229,330774,28430.48408420067,22388.289025637834,36103.35851642686
32,2026,CANV,34202,6878,359149,30593.006561772952,23558.77785682888,39727.52984796231
33,1955,CANV,2238,1440,213286,,,
33,1956,CANV,25372,9404,103113,9285.846733792305,5906.200535270121,14599.394153408575
33,1957,CANV,1492,881,72860,6576.651079539288,4249.882397285654,10177.302658922985
33,1958,CANV,746,722,108156,6201.50538080481,4126.910348033355,9318.997929402118
33,1959,CANV,5967,4445,79415,5677.65481462029,3840.52230995742,8393.588577887564
33,1960,CANV,2984,1762,90004,5027.091145486016,3460.8745971435715,7302.0979742755835
33,1961,CANV,8578,4471,80336,4603.628614564601,3208.144338903242,6606.123098589542
33,1962,CANV,1492,1019,45186,3523.5080018176336,2349.8899254100006,5283.2724225185775
33,1963,CANV,746,722,43277,2878.194690140006,1920.086474201856,4314.391453537862
33,1964,CANV,0,0,64668,3056.5264105394167,2165.246495881593,4314.683670471054
33,1965,CANV,2984,1686,112182,3776.2346816289028,2759.4255106778764,5167.723613323358
33,1966,CANV,2238,1076,132956,4340.3859167814135,3174.210001765633,5935.004267554883
33,1967,CANV,4360,2083,194890,4874.805051727708,3442.530648011242,6902.9811850994965
33,1968,CANV,3543,2436,65120,3823.506674200123,2769.3902055942317,5278.852816812072
33,1969,CANV,3332,1021,140011,3649.6754432227185,2698.2251607736584,4936.6268740314035
33,1970,CANV,5174,2343,102559,3983.598486216215,2989.0150085998857,5309.12586712554
33,1971,CANV,5647,2678,120441,3931.7474687282484,2948.919574656018,5242.136235490306
33,1972,CANV,2723,1387,63142,3554.7935470191856,2580.3599350768463,4897.207164841873
33,1973,CANV,3422,2422,85656,3442.5727581636284,2566.887789298475,4616.994651912415
33,1974,CANV,1129,731,122930,4168.983053334555,3129.149316991258,5554.359328465136
33,1975,CANV,1891,1103,192745,5196.447689187293,3750.886856179587,7199.115734982086
33,1976,CANV,5471,4531,96831,5048.413327365679,3790.4552009719364,6723.856574637326
33,1977,CANV,3479,2075,44546,3702.302412077777,2555.0686602161804,5364.647676167416
33,1978,CANV,738,443,161583,4251.757574815726,3107.555304742458,5817.25527053849
33,1979,CANV,5557,1786,130155,5392.619159237092,4015.046031543213,7242.841344310496
33,1980,CANV,4669,1733,48114,3957.0588706377475,2767.0226725928196,5658.9037237704915
33,1981,CANV,1120,1084,28420,2653.9551117495475,1676.3184497821003,4201.753990178369
33,1982,CANV,5190,1987,119019,3247.436415172987,2406.8765704050606,4381.547188693926
33,1983,CANV,6915,5108,95962,3988.6956616801904,2972.655821164286,5352.013162181384
33,1984,CANV,1621,1085,35218,2662.471693558849,1746.3602907414574,4059.1598174695305
33,1985,CANV,2083,1209,108016,2840.656917239261,2109.1979413383883,3825.7820962687306
33,1986,CANV,1981,1307,112817,3585.421307675556,2668.057638815715,4818.203987242202
33,1987,CANV,7352,5224,150913,3958.818433946116,2900.1519149066417,5403.9387772747295
33,1988,CANV,507,491,37148,2505.214499757104,1652.583697355455,3797.7499716574503
33,1989,CANV,1867,1078,71109,2338.250730916935,1701.4776039869396,3213.3343793783774
33,1990,CANV,324,314,56782,2480.321045741418,1763.1898369122496,3489.126559804447
33,1991,CANV,4058,2111,157120,3745.2280127777276,2748.483482554838,5103.444483740011
33,1992,CANV,0,0,34489,2434.8543183227657,1580.4939222528208,3751.0524197426657
33,1993,CANV,2710,2029,93982,2903.8472247674536,2166.0909557246264,3892.878404992352
33,1994,CANV,7682,2214,178041,5347.694907138926,3942.6457872423885,7253.464389922242
33,1995,CANV,7019,6090,52691,3548.889694334142,2493.25799982433,5051.470029751623
33,1996,CANV,10886,2714,197625,5925.374233103175,4343.057635593244,8084.180028968727
33,1997,CANV,3955,2204,163437,7757.6513513072305,5817.196080705463,10345.388680991582
33,1998,CANV,1894,1225,49289,3937.6197120930206,2756.308652678779,5625.222335675214
33,1999,CANV,6896,3417,93533,4511.652399894498,3423.8596475308345,5945.047248695806
33,2000,CANV,5850,2501,36607,2957.8020509420767,1970.3862918832433,4440.039503216133
33,2001,CANV,1331,777,41981,2553.49313293147,1745.4326305649754,3735.651016113762
33,2002,CANV,2046,1307,68500,3482.5034718698703,2585.6518172011856,4690.434478031678
33,2003,CANV,5569,1619,258746,8886.087615020766,6322.707989423033,12488.723697807693
33,2004,CANV,10758,4218,156775,8379.55675457847,6350.889610593353,11056.241835172035
33,2005,CANV,3475,1792,115679,5957.53971162291,4615.867498468535,7689.189394483206
33,2006,CANV,4893,2324,87593,4531.035771779893,3480.1784744735214,5899.20468612025
33,2007,CANV,561,543,144895,5926.462888922369,4584.680036904061,7660.94080525887
33,2008,CANV,924,998,51422,3313.5994616114235,2357.4954593905486,4657.460250137666
33,2009,CANV,5465,2592,109183,4477.20006700621,3471.753888023752,5773.831062492431
33,2010,CANV,4877,2301,189975,7936.126776806991,5979.6112820625995,10532.809784221952
33,2011,CANV,8154,3705,227698,10424.161530166635,7627.805773168713,14245.662099739804
33,2012,CANV,5533,1606,135196,7850.329114702041,6069.576194894399,10153.537121912803
33,2013,CANV,6299,1943,99533,5809.740773654048,4481.774717622599,7531.187974339547
33,2014,CANV,6328,3716,123776,6361.629414726511,4897.7064145113545,8263.11856717351
33,2015,CANV,9125,4156,106691,6117.20765789437,4679.678272541966,7996.325249401202
33,2016,CANV,1333,857,58942,4075.2487579812555,2908.187174154809,5710.654591637262
33,2017,CANV,3035,1410,125860,5836.318888797852,4356.783999529397,7818.293992866736
33,2018,CANV,5729,2149,122674,6859.499750044649,5076.21266956108,9269.260348962305
33,2019,CANV,3384,1447,109404,6439.75563548717,4709.0489470688135,8806.545251690875
33,2022,CANV,1497,610,88260,,,
33,2023,CANV,11443,5157,140805,7357.909728819445,4876.011436656685,11103.098563398162
33,2024,CANV,5661,1740,91405,6573.4748548870175,4407.313872255216,9804.287355127968
33,2025,CANV,3893,1233,62774,5015.5517023592,3203.7172034131745,7852.053499677762
33,2026,CANV,10538,6393,48899,4175.248551125823,2469.7619828203856,7058.453642472348
34,1955,CANV,27982,7991,1198551,,,
34,1956,CANV,56653,17060,746712,64333.64488066903,49430.40757539543,83730.19901402104
34,1957,CANV,57949,17485,636051,51171.28855331454,40719.8975138842,64305.19063349198
34,1958,CANV,66482,19779,466716,41546.0140902006,33887.80031830174,50934.88720337359
34,1959,CANV,28181,7321,169001,26030.606953994095,19881.79136239836,34081.058695487045
34,1960,CANV,17464,6067,487277,26798.29267654398,21903.28826159786,32787.24554051599
34,1961,CANV,23418,9842,58913,15968.748158933751,10706.157345813639,23818.155247191604
34,1962,CANV,15281,6350,269424,15277.654421458361,12274.770162035073,19015.160491022092
34,1963,CANV,6747,3209,239079,19648.792995159805,16125.319378151878,23942.165554235933
34,1964,CANV,11907,5124,481798,23147.376549240424,19442.193296390695,27558.672673612047
34,1965,CANV,21433,11802,435059,25473.58914838731,21587.815143414282,30058.796584553602
34,1966,CANV,22963,7838,569686,26582.93038271071,22448.681307105544,31478.56117091261
34,1967,CANV,18830,3362,545139,27344.098512081273,23193.833746613538,32237.00452485888
34,1968,CANV,11363,3728,123577,16892.81921157243,12806.740977143616,22282.588632359315
34,1969,CANV,10303,4194,267136,15468.462101215648,12688.94636383334,18856.831206941926
34,1970,CANV,36106,9376,721304,25119.538975936255,20970.862762900975,30088.94986809276
34,1971,CANV,24444,11034,608658,30537.81711228812,25897.441106639526,36009.668682844116
34,1972,CANV,26286,6128,545974,29562.213315255052,25263.62001631249,34592.210282309425
34,1973,CANV,15281,6128,227611,23742.570731098756,19421.51062870839,29025.016421120497
34,1974,CANV,25215,9856,943095,30241.9508279251,24736.932559086054,36972.06950352902
34,1975,CANV,48691,7868,763930,41139.856865656424,34493.32172292359,49067.11613691597
34,1976,CANV,51661,25203,656617,39344.63690234699,33394.88424194973,46354.41889129141
34,1977,CANV,28372,8482,338738,33095.40779171051,28288.615478619282,38718.96868644745
34,1978,CANV,21987,6839,545474,33217.161149298656,28395.71524259796,38857.26368896798
34,1979,CANV,46451,17265,667777,39488.44146818892,33190.540381674014,46981.36853618575
34,1980,CANV,28475,8656,273319,32112.756257424506,27179.16562270864,37941.897435848725
34,1981,CANV,21320,9492,97262,18974.16460382091,14348.875513061399,25090.392768769565
34,1982,CANV,34608,6750,247506,18873.5602327351,15715.47276543867,22666.27807990966
34,1983,CANV,18438,4154,464631,26890.553530692177,23029.723004544445,31398.63510491777
34,1984,CANV,30290,8014,260341,24410.77633249912,20658.10090989775,28845.149113866373
34,1985,CANV,28466,7327,560424,26781.649073621636,22663.39002123238,31648.254141620066
34,1986,CANV,26403,10187,529120,30570.0259242472,25837.324855899104,36169.63018506063
34,1987,CANV,17845,6785,251539,22525.323917885,18971.414605973005,26744.985977265722
34,1988,CANV,20546,6500,213804,17761.614710630154,14811.96768030716,21298.652814933193
34,1989,CANV,4504,795,63931,10206.38880080854,7237.23871114971,14393.66262615945
34,1990,CANV,27782,8351,453632,18651.65510424499,15475.27842249378,22479.998655277697
34,1991,CANV,18777,8240,257812,22890.993841755513,19325.34945228067,27114.521284966962
34,1992,CANV,12703,3223,378313,25289.970224201632,21716.35547276413,29451.654295452405
34,1993,CANV,9136,3659,202973,21162.017986246006,17441.486676986176,25676.194555198494
34,1994,CANV,11584,3663,472266,30801.13040839876,26520.50147600901,35772.68835935885
34,1995,CANV,69823,23028,560989,44626.572313922356,38551.76441151843,51658.62021855256
34,1996,CANV,36114,8613,572991,51480.89565035924,44610.0922493936,59409.93356720088
34,1997,CANV,50788,13057,578141,56515.99680835388,49117.06203454679,65029.498160848976
34,1998,CANV,72657,20514,403037,48494.906190646274,42494.3895148315,55342.73943666767
34,1999,CANV,53764,12470,614884,60838.17347006182,52668.86369013592,70274.6004346877
34,2000,CANV,70741,21053,348144,47365.96127778183,41292.33966424597,54332.941800121574
34,2001,CANV,92590,21992,480083,51215.48700437677,44836.595644268615,58501.90165878
34,2002,CANV,17783,5186,157284,25608.51623517484,20534.814076443945,31935.818913476072
34,2003,CANV,42518,8923,333625,32089.17070321944,27738.78671462916,37121.84267516269
34,2004,CANV,28070,9425,281582,32643.05647494392,28028.800066507156,38016.9373465143
34,2005,CANV,38817,8634,528010,47336.178829165816,41485.0774770158,54012.52600741075
34,2006,CANV,65049,13785,653893,62188.79051718122,53991.320430067695,71630.8776148411
34,2007,CANV,48739,11640,488059,52801.449159076285,46491.08786601392,59968.33288421728
34,2008,CANV,27112,6450,381112,41879.12159577665,36695.964517365435,47794.37871986921
34,2009,CANV,29354,5151,415188,42936.04302390203,37780.0652427125,48795.6751452663
34,2010,CANV,33631,10171,539068,54270.04616806905,47909.819786906206,61474.61886068882
34,2011,CANV,68291,10591,580653,62562.31621169971,55163.31820527723,70953.73405942548
34,2012,CANV,47049,11303,590340,65980.0017027464,58207.4251537588,74790.46896843017
34,2013,CANV,73832,18585,511762,61051.6492054863,54053.35314702472,68956.01574561927
34,2014,CANV,85316,21224,489857,58129.82814980423,51368.98854388933,65780.48383877969
34,2015,CANV,56068,12387,597424,66304.65378376542,58204.07061523089,75532.64001838678
34,2016,CANV,61934,22583,610225,70510.05890537219,61587.13801727036,80725.7581192504
34,2017,CANV,79785,13346,510220,62996.07681885793,55118.20979373454,71999.90183677123
34,2018,CANV,58367,11892,406454,52383.8036372839,45270.59409429102,60614.68682726136
34,2019,CANV,52323,10668,242083,35995.37473345256,28942.39912844984,44767.090539085904
34,2022,CANV,59603,14234,539452,,,
34,2023,CANV,86090,39806,578161,68015.00812758949,55036.23654960086,84054.46339752704
34,2024,CANV,49003,10835,336424,51071.442019619644,41231.92280800119,63259.04814357149
34,2025,CANV,45877,12991,482120,56164.85806538331,44995.605506245614,70106.65255003165
34,2026,CANV,43334,16101,564512,66858.576399585,50918.06096836188,87789.46317214707
35,1955,CANV,13975,5551,732851,,,
35,1956,CANV,28239,6548,452487,30879.689556448502,22411.008491054152,42548.51929056505
35,1957,CANV,24883,9157,299313,22829.086415890204,17209.730729885407,30283.285355485223
35,1958,CANV,42266,14043,343959,19872.54567086345,15182.377965367585,26011.60848066083
35,1959,CANV,6476,5757,77376,12349.468021458888,8205.917625123855,18585.290199124298
35,1960,CANV,8521,2299,270172,11556.005193830153,8927.84506628644,14957.837535074552
35,1961,CANV,22497,21457,41837,8216.8317456395,5060.587460513612,13341.598077883365
35,1962,CANV,1023,975,59938,5586.877683532761,3687.3086308827164,8465.03652808801
35,1963,CANV,3409,2098,129744,7157.212538737151,5358.099290561614,9560.422184577887
35,1964,CANV,8521,3291,393969,11255.659283036748,8936.141586715605,14177.244694079985
35,1965,CANV,4090,1970,332170,13221.456637209969,10654.077147723936,16407.513591824147
35,1966,CANV,6400,2016,388506,12906.284439511333,10403.151373551405,16011.703766712408
35,1967,CANV,6769,3597,298965,12092.719973785373,9852.324436038956,14842.576217798593
35,1968,CANV,4258,2558,58512,7118.295905171538,4821.724909221092,10508.715770300387
35,1969,CANV,3687,1156,179628,6712.089676804488,5269.026286994727,8550.374466847
35,1970,CANV,10653,2366,518056,11495.00493884417,9137.724502484316,14460.398593558784
35,1971,CANV,19049,8848,391727,13750.819974263404,11188.17562480387,16900.4363450825
35,1972,CANV,8893,2680,302777,12467.489817066129,10263.148669513746,15145.284097888067
35,1973,CANV,6384,4538,117041,9727.373744529143,7412.499247417222,12765.168239136685
35,1974,CANV,7924,2635,460946,11418.05754794312,9181.943097211084,14198.741681130652
35,1975,CANV,23695,4561,480885,16315.574356906338,13168.571249818637,20214.64299700743
35,1976,CANV,18325,7490,670848,18475.783175543198,14321.544645436197,23835.03821694705
35,1977,CANV,13060,5365,170320,14950.494548211733,11987.875508912075,18645.279313247844
35,1978,CANV,6022,2041,280655,12637.189420404147,10427.456750777066,15315.197201395595
35,1979,CANV,16408,5817,480873,16220.827587323782,12940.111906108754,20333.305424775583
35,1980,CANV,11538,3598,137210,13416.130925232295,10618.075292678548,16951.525021402336
35,1981,CANV,5152,3552,52607,7706.691662632233,5345.834107884066,11110.164510210278
35,1982,CANV,16041,4907,210367,8535.31117638414,6904.593694666541,10551.169279371536
35,1983,CANV,11280,2812,323346,12545.377967084767,10268.369959302994,15327.311828536722
35,1984,CANV,5158,2269,131871,10170.190184577354,8051.696094328919,12846.084499305025
35,1985,CANV,4737,1293,207783,9202.383125791544,7542.000279077885,11228.301784709924
35,1986,CANV,8422,2699,346258,11857.456972469941,9620.260003635598,14614.915376595027
35,1987,CANV,7490,4924,184291,10689.534707875071,8690.663583343228,13148.150446172085
35,1988,CANV,2247,1471,63390,6265.003626737007,4511.720088751573,8699.624460498988
35,1989,CANV,7662,3629,73088,5199.904560880233,3813.3348309925395,7090.646019989095
35,1990,CANV,3190,1854,97383,6113.596446879167,4686.58896668936,7975.109782605128
35,1991,CANV,2507,1091,144762,7957.521407795113,6402.022569090419,9890.959657225038
35,1992,CANV,8659,3959,229072,11267.02070576731,9326.046893319382,13611.957674706267
35,1993,CANV,5932,2690,96326,8804.544520175445,6774.988374442861,11442.086675776221
35,1994,CANV,8211,3080,287995,13497.129671996874,11216.80680099996,16241.031214557255
35,1995,CANV,16248,4121,331352,20516.917836960005,17153.880537769655,24539.28232750178
35,1996,CANV,18110,4409,381601,25369.541508375332,21123.667544108877,30468.8395138407
35,1997,CANV,30877,8010,319462,26184.258357954095,22105.234074855754,31015.974924054848
35,1998,CANV,30633,9097,241799,23126.946068310768,19684.115980618306,27171.940816300474
35,1999,CANV,37014,9533,362340,29231.110077940888,24587.632694125055,34751.5276081402
35,2000,CANV,29837,6086,209192,23682.912569693846,20078.19970398041,27934.79276294731
35,2001,CANV,38528,7298,292752,26094.23698185604,22179.89829658392,30699.383494023274
35,2002,CANV,10584,3370,15108,4222.663512917216,2419.7792116473843,7368.807475283296
35,2003,CANV,34147,11606,287201,14119.56192786616,11298.79909619551,17644.532603644224
35,2004,CANV,5715,2692,224794,22805.965561390378,19432.668709001635,26764.829523718312
35,2005,CANV,22825,5093,281204,24688.01928295469,21127.949603601053,28847.962417122555
35,2006,CANV,22725,7745,260191,24523.533069546913,21030.62615265506,28596.565306603363
35,2007,CANV,12811,3228,213295,21183.508464480696,18096.201698266843,24797.525930963915
35,2008,CANV,8353,3205,119297,13951.257038584883,11196.002278520005,17384.559962986474
35,2009,CANV,31956,8549,279243,22547.557452138186,19295.85079128339,26347.236644632994
35,2010,CANV,12202,4378,166660,20015.906822206303,16734.492342307793,23940.763646732445
35,2011,CANV,48948,8289,375711,32205.307156659717,27360.484391912407,37908.02071330953
35,2012,CANV,22821,5767,361262,39046.610559099776,33380.0603396403,45675.10605555818
35,2013,CANV,49193,14313,338206,38190.69368255681,32801.1200520063,44465.83170459977
35,2014,CANV,32652,11487,366144,40545.57876193612,34564.44310657669,47561.70820028536
35,2015,CANV,25308,5438,342781,40109.15353698521,34230.67580939076,46997.14976156312
35,2016,CANV,20435,6889,203441,28753.51762339436,24306.128843217077,34014.66276476062
35,2017,CANV,43873,8109,289242,32513.697173670244,27639.04156142336,38248.08836268097
35,2018,CANV,17725,8381,162021,25078.85929872336,20476.168012701244,30716.156623398954
35,2019,CANV,35059,9068,166272,22986.75525077657,18694.700520808892,28264.208692241813
35,2022,CANV,24281,5619,283909,,,
35,2023,CANV,49886,18690,304188,40980.78129261666,32230.686843653624,52106.38059002352
35,2024,CANV,40986,10655,227039,36446.39901621947,29048.46776033495,45728.40165646543
35,2025,CANV,29392,11022,209939,33700.34372562692,26428.16677373812,42973.58863173092
35,2026,CANV,28769,5871,195145,32927.01183639271,24973.215249250654,43414.03770611707
36,1955,CANV,0,0,69259,,,
36,1956,CANV,0,0,54593,2049.874461036096,1178.9249482499233,3564.25174668306
36,1957,CANV,0,0,82296,1878.2695254768614,1087.2856701016813,3244.682154235652
36,1958,CANV,11608,,31778,1789.2465291028193,1057.8229224384352,3026.4074203712516
36,1959,CANV,0,0,45630,1391.2452968043503,858.7488921629118,2253.9341751057914
36,1960,CANV,2487,1820,16413,1288.570465671213,715.2547182332071,2321.4301180726397
36,1961,CANV,0,0,33134,1027.154745956213,640.8981979429208,1646.2004036315548
36,1962,CANV,0,0,25166,1112.101579230878,681.5681744676285,1814.5945906201553
36,1963,CANV,0,0,47754,1070.4804252452532,699.5438173015083,1638.1080248177718
36,1964,CANV,0,0,77402,1260.9073123332155,821.4367612110753,1935.4956161827256
36,1965,CANV,0,0,141807,1461.4996613341416,882.4893369993681,2420.404610601363
36,1966,CANV,0,0,115818,1620.2761713556383,1020.2854435937284,2573.098428431821
36,1967,CANV,0,0,128954,1548.9708481455368,965.5994495075087,2484.788790661014
36,1968,CANV,0,0,39765,1436.8837917891367,961.6940172080327,2146.8731157341776
36,1969,CANV,0,0,59610,1152.3438719791543,784.423909471574,1692.830092573855
36,1970,CANV,3239,3239,79444,1313.6090063332233,883.8206708731146,1952.396768243825
36,1971,CANV,509,476,69920,1436.8069377736224,976.4458509736776,2114.2126564169967
36,1972,CANV,896,341,103819,1491.1764473258127,975.7227245300843,2278.933493252541
36,1973,CANV,1239,1161,82621,1695.5315728077019,1138.806592664644,2524.4210324257747
36,1974,CANV,1442,954,141671,1738.3165388088985,1081.0788642551288,2795.1192914853186
36,1975,CANV,4999,2346,59721,1999.5059107398984,1361.9030617757167,2935.615609727001
36,1976,CANV,7815,7360,75452,1745.14704035138,1176.1277651102139,2589.462031926256
36,1977,CANV,0,0,35568,1864.8465327629322,1238.1103418281125,2808.8389808803763
36,1978,CANV,570,534,129904,1700.357539774756,1059.8198228573106,2728.025746182068
36,1979,CANV,1563,1467,67575,2252.556178309973,1511.390652927807,3357.1792485372675
36,1980,CANV,2787,1395,32444,1873.3112622984286,1225.4004802128486,2863.794442813158
36,1981,CANV,2159,2022,30420,1544.7773951416098,999.3912885954712,2387.7906759565794
36,1982,CANV,1186,1109,27028,1445.987717914957,918.0866786590718,2277.4325441850206
36,1983,CANV,758,709,89234,1477.9228819348193,959.1079940241586,2277.38279584343
36,1984,CANV,322,301,69312,1812.702332230215,1200.6684879796446,2736.7169024332447
36,1985,CANV,282,264,45424,1578.3343167785742,1047.9438615817403,2377.1685744318647
36,1986,CANV,1724,1614,94302,1548.615197644424,994.7997352907342,2410.7455453578223
36,1987,CANV,3139,2954,42082,1611.4455971382322,1062.2830439743268,2444.5056590764448
36,1988,CANV,1104,1031,108225,1597.6781321210394,1002.7169300230636,2545.6590363933133
36,1989,CANV,627,226,36639,1635.7769822894675,1065.9256201051637,2510.2749059770667
36,1990,CANV,4701,3395,80723,1556.0770881575656,1011.9709723545517,2392.7325688553256
36,1991,CANV,1095,478,28783,1504.1701526294025,956.956298943312,2364.2958937199987
36,1992,CANV,1963,1835,61938,1513.122355343055,1002.9239706461876,2282.8642342287976
36,1993,CANV,818,404,48325,1776.94540306521,1182.0217979324148,2671.3001156135383
36,1994,CANV,1344,807,45760,1774.0974583416096,1179.4775462622035,2668.488095995065
36,1995,CANV,869,813,79658,2276.3093025548906,1497.1689771335487,3460.921325539683
36,1996,CANV,12746,8515,76862,2789.957430105565,1843.9996961849959,4221.184243091299
36,1997,CANV,1436,1345,99934,3309.6426992812862,2130.522341164642,5141.337682907429
36,1998,CANV,10295,9635,43021,2721.997759061069,1815.405515745273,4081.3315460770605
36,1999,CANV,1891,1350,36786,2190.8645049158636,1447.5960234670747,3315.7643438424407
36,2000,CANV,5043,4713,45551,2341.7832420092072,1571.2220342819157,3490.2443021437402
36,2001,CANV,4220,3942,31052,2073.7741710822897,1352.6667267012956,3179.3044271412095
36,2003,CANV,1631,1526,43959,,,
36,2004,CANV,1123,1054,47008,2282.3025437842107,1541.6236597342115,3378.8433827370914
36,2005,CANV,0,0,56798,2470.1773475881614,1672.9343585967138,3647.349399683538
36,2006,CANV,324,302,77005,2936.341668793997,1959.6126238376744,4399.901435116567
36,2007,CANV,1644,1590,134038,4099.733480909095,2531.8438411530883,6638.566858385761
36,2008,CANV,498,466,71815,3496.101273789026,2336.234049872996,5231.806341172756
36,2009,CANV,2048,1913,29546,2036.4362947624672,1314.7992977486313,3154.1489181862503
36,2010,CANV,311,291,19728,1424.6774577522085,853.9226212891399,2376.920119018645
36,2011,CANV,411,454,55937,2229.889974154958,1484.246272076365,3350.1241609188746
36,2012,CANV,4055,2265,22828,1905.0536293522819,1162.0700881690536,3123.0726680406
36,2013,CANV,5744,3273,35970,1991.667749151484,1283.1334053177243,3091.4481741108702
36,2014,CANV,2118,1977,39537,2353.140926578862,1519.24852955927,3644.7441696367964
36,2015,CANV,3516,2679,38671,2428.1369486473523,1549.937349676959,3803.9273281692986
36,2016,CANV,1293,1208,73023,3251.3620038216022,2062.53308186032,5125.423186114376
36,2017,CANV,1958,1175,85082,4044.7003169337468,2498.9432836882265,6546.607424262373
36,2018,CANV,10493,9360,59503,3644.9956802550673,2264.640614559372,5866.711664386152
36,2019,CANV,3300,2610,64861,3548.082242857204,2156.7730132089278,5836.908902781749
36,2022,CANV,5758,,65761,,,
36,2024,CANV,4766,4198,49204,,,
36,2025,CANV,5605,4197,54091,3638.4933359419238,1934.6861124659715,6842.781198661567
36,2026,CANV,9525,9904,59449,3932.218409130651,2015.2530617218165,7672.655067892613
37,1955,CANV,7163,2689,729650,,,
37,1956,CANV,10214,3813,481836,35211.167543324365,25625.6310353507,48382.274686376004
37,1957,CANV,10233,3045,324959,30198.01722764555,23219.159536101713,39274.47257784251
37,1958,CANV,41956,14825,192648,25736.559224275858,19745.722209410502,33545.01160707018
37,1959,CANV,8187,4110,406415,22234.48233031293,17290.436398423124,28592.234059637976
37,1960,CANV,40592,13659,187237,24096.244534609992,19039.81199295576,30495.521746041377
37,1961,CANV,13303,3954,289760,19617.34565817664,15910.650169422133,24187.58797248818
37,1962,CANV,13303,5074,313547,20826.00645422299,16999.08905773499,25514.45806056199
37,1963,CANV,19443,11394,247712,20288.246877649468,16724.671195296058,24611.12428232507
37,1964,CANV,34793,18412,289576,18965.882108645797,15760.681886592734,22822.913802038194
37,1965,CANV,46049,26394,443785,19754.366607959055,16040.414047859833,24328.237345825506
37,1966,CANV,31160,13169,433194,21425.254639456307,17474.471998434095,26269.2650402644
37,1967,CANV,36129,13815,503289,21224.47414058924,17032.00111280525,26448.9357158306
37,1968,CANV,15980,5459,153852,20944.127665784636,16942.140181826846,25891.44458568549
37,1969,CANV,42058,13138,153143,16188.243077994895,13100.128138358037,20004.324475645622
37,1970,CANV,15735,6938,368228,16747.60301911951,13855.287625679774,20243.694282186345
37,1971,CANV,25998,10738,239925,20722.22771381689,17473.875524238018,24574.44090337287
37,1972,CANV,12039,4233,431494,19572.542641693868,16003.113376713567,23938.11856750063
37,1973,CANV,16229,7620,137602,23216.76531982831,18698.523197994604,28826.778789342665
37,1974,CANV,8329,3485,559526,18634.19304791125,14626.86961914509,23739.402865280957
37,1975,CANV,29666,6289,264223,26634.653697714788,22482.055987222164,31554.26612229715
37,1976,CANV,48001,29199,444044,23104.27626744354,18765.93438444479,28445.56369571619
37,1977,CANV,30241,11186,208171,26810.420668880182,22653.448529108722,31730.209001896197
37,1978,CANV,14045,4422,312549,22779.777207977888,19056.70837393468,27230.214130519682
37,1979,CANV,17851,5289,268512,24878.671532329783,20970.784878758077,29514.789302927198
37,1980,CANV,23041,4477,103244,23497.413421930167,18719.70558257225,29494.504338525858
37,1981,CANV,30827,8611,107755,18089.97769622467,14433.865931859556,22672.18599610103
37,1982,CANV,14571,4739,131121,17190.583137450954,14040.861509455399,21046.867274248565
37,1983,CANV,10562,3554,271728,17176.423082770918,14352.258936883492,20556.311812362655
37,1984,CANV,12104,6038,159056,18434.892349031248,15305.213056337996,22204.542639779756
37,1985,CANV,13453,4181,234600,15785.017762023012,13239.556804107304,18819.873613147156
37,1986,CANV,14821,5671,383751,17260.368055741263,13930.920902806389,21385.542815022178
37,1987,CANV,7909,3544,165172,17241.129824708656,14241.008334128579,20873.280224131526
37,1988,CANV,10380,3693,318522,15248.96699112014,12502.161146077151,18599.26388560699
37,1989,CANV,8428,2761,99091,14782.251705510329,11561.313688738775,18900.53080195429
37,1990,CANV,18949,5941,348462,14004.341185649631,11332.366888557517,17306.320380617908
37,1991,CANV,15811,7254,147119,15971.082342690774,13058.587063227158,19533.16005491121
37,1992,CANV,26962,7971,261941,15168.159520267063,12627.532519470074,18219.954126233646
37,1993,CANV,10441,3422,216768,17179.310387414906,14362.585785466012,20548.43812914193
37,1994,CANV,10116,3427,157912,15946.362682535926,13117.667860785743,19385.037454953726
37,1995,CANV,30054,17392,332102,19329.71735801537,15928.970833026553,23456.504318915144
37,1996,CANV,27959,15261,371207,25313.556005441205,20671.70828685999,30997.73413733393
37,1997,CANV,17685,8847,467509,29762.734569316606,23601.60355406338,37532.211191264
37,1998,CANV,10971,3912,194941,24537.421993054824,20458.42444995223,29429.689443492633
37,1999,CANV,34028,10995,185633,20150.430010060485,16847.835182506864,24100.415584070888
37,2000,CANV,17193,8816,184022,19678.284179470746,16456.025437755467,23531.494267113012
37,2001,CANV,13931,3214,324705,23752.092465936516,19528.967630632917,28888.46492968016
37,2002,CANV,30223,14857,77842,14810.583966784088,11153.434003013639,19666.893387085358
37,2003,CANV,12360,4797,143102,12952.597279384981,10553.933043736664,15896.422270889418
37,2004,CANV,11910,5698,219877,16757.69188328982,14051.317293884475,19985.33172242138
37,2005,CANV,19782,12073,312438,20384.075846844917,16870.98156220886,24628.71212310927
37,2006,CANV,41392,23875,262458,19678.90616959673,16460.62406204477,23526.407417610753
37,2007,CANV,39499,15382,363365,21164.912615604084,17293.92576146107,25902.36203189945
37,2008,CANV,11334,2932,265560,19632.547859525446,16402.184010813708,23499.122751119277
37,2009,CANV,15897,6214,323996,19895.316450064827,16423.215781393912,24101.468428409386
37,2010,CANV,13754,4310,105458,12866.468550288271,10017.120239070946,16526.307861400994
37,2011,CANV,19574,3058,192078,13080.787619735762,10826.928078171,15803.836833239366
37,2012,CANV,4835,2015,119516,12254.756594919669,9667.02761643694,15535.184666833498
37,2013,CANV,21195,6321,196320,13545.679772010108,11158.66968026271,16443.307826415017
37,2014,CANV,10703,3536,243717,16353.719973320854,13500.065519938753,19810.58214649367
37,2015,CANV,5922,1870,167806,14507.40396580278,11730.99488941823,17940.91394727627
37,2016,CANV,13610,4443,251910,15408.280499621835,12520.385357249052,18962.28440106022
37,2017,CANV,14553,2843,250042,16491.224972879038,13274.722564951322,20487.09491105711
37,2018,CANV,19345,12121,189153,14572.014713176679,11559.30277198087,18369.93259798914
37,2019,CANV,9138,3072,187984,13470.029246604021,10534.005231892472,17224.377993950457
37,2022,CANV,21473,6036,247290,,,
37,2023,CANV,16851,13706,166486,13280.410746981142,9683.29104643263,18213.77760544619
37,2024,CANV,7855,2797,188837,12560.087956293131,9068.521030770944,17395.979888509828
37,2025,CANV,6359,1637,146848,11975.868506722605,8281.469509716902,17318.354710118725
37,2026,CANV,21262,11015,331839,14071.35409223398,9178.457581171375,21572.579514363286
38,1955,CANV,0,0,93203,,,
38,1956,CANV,496,378,83987,373.05141678865226,161.72108346999556,860.5393717501327
38,1957,CANV,0,0,34139,269.2933959209235,122.40451817584172,592.4530741785633
38,1958,CANV,0,0,39585,215.87108094261376,101.39410412286082,459.5959892388433
38,1959,CANV,0,0,42098,213.78339320145682,102.80746212001141,444.55274224527875
38,1960,CANV,0,0,37072,196.75487891266334,96.30024038607446,401.9977750910666
38,1961,CANV,497,378,36339,180.07812804001807,89.76343277400211,361.262166522103
38,1962,CANV,0,0,31865,164.80960462984396,83.05404537833006,327.0425378380482
38,1963,CANV,497,378,53192,180.43915024721682,93.06903630811429,349.82941946610725
38,1964,CANV,0,0,38578,180.1059108475602,94.2859728694654,344.03992592979256
38,1965,CANV,497,567,72625,199.56805841288562,104.13437092837778,382.4617134920966
38,1966,CANV,0,0,62849,218.6064171552349,116.54746128027273,410.0369505821016
38,1967,CANV,0,0,70061,217.7885398596162,116.50465375863803,407.12406383738033
38,1968,CANV,0,0,27446,171.4833551842646,91.60755675973304,321.0056260137981
38,1969,CANV,0,0,36814,153.2618731426538,84.19203928096104,278.99551976414347
38,1970,CANV,2775,2102,63095,194.0451671332885,106.96787751541447,352.0077967552441
38,1971,CANV,0,0,60509,224.2949488898602,124.64551392815073,403.6103868648181
38,1972,CANV,0,0,48055,219.4855683156934,123.33228760085026,390.60262025441256
38,1973,CANV,0,0,33592,201.7876477999318,112.54590813109233,361.7924052574271
38,1974,CANV,1285,992,67189,233.83247163091627,130.53183073004416,418.8834591778867
38,1975,CANV,928,702,53291,272.54677854147536,154.36560799910882,481.20658128567646
38,1976,CANV,0,0,61715,281.3887241609956,158.7192051193095,498.8659943542019
38,1977,CANV,0,0,39203,272.06080406514076,154.48928009304768,479.1082013198003
38,1978,CANV,0,0,31702,240.72411361428397,135.39369219233222,427.99703543843884
38,1979,CANV,435,337,42125,249.2505446233758,142.0012685647768,437.5019647568111
38,1980,CANV,0,0,31621,246.29129773784226,138.74567027676008,437.1985318200659
38,1981,CANV,1203,921,23103,207.93059038475326,113.6739143619178,380.343464553345
38,1982,CANV,0,0,25310,190.20618347973982,105.02900930274929,344.4609491616087
38,1983,CANV,211,160,34252,200.85493308080316,113.71363403352146,354.77455703334
38,1984,CANV,0,0,36519,208.75404112527235,118.62595145073045,367.3584839842695
38,1985,CANV,314,358,29034,189.10966718981234,105.90891185018327,337.6719258076269
38,1986,CANV,384,294,70170,235.18199535217403,131.78070489789084,419.71676339633285
38,1987,CANV,291,329,37646,229.33672254905738,130.506046121818,403.01069469570297
38,1988,CANV,0,0,43372,211.099336603548,120.80557071947034,368.8814153938335
38,1989,CANV,0,0,38177,210.44618836341004,120.28433811850903,368.1908957511485
38,1990,CANV,0,0,35651,202.7733997827917,115.82637684984329,354.9886716458014
38,1991,CANV,1219,943,32391,196.74083113907102,112.02123765387564,345.5322887691136
38,1992,CANV,1701,1289,54005,253.6156125405147,145.90607386035734,440.8375691464373
38,1993,CANV,0,0,55712,307.2102496173528,177.06658845941894,533.0092949274069
38,1994,CANV,599,280,37030,271.35837077425646,156.7363918223588,469.80388238562597
38,1995,CANV,1935,929,65241,361.43886299707765,208.1512068795113,627.6113102733069
38,1996,CANV,0,0,54466,406.1016227136235,236.73800100641986,696.6288777869928
38,1997,CANV,2133,1148,84498,541.7237926795094,306.3810365086759,957.8421396415698
38,1998,CANV,0,0,44343,438.93117072788294,257.7806574652784,747.3818033166442
38,1999,CANV,0,0,32579,327.8577832241715,190.91971948165443,563.0153150890036
38,2000,CANV,0,0,27548,279.2081339519862,160.70629972171196,485.0910150998767
38,2001,CANV,392,296,122896,684.5185218947315,367.386823449138,1275.4012308278047
38,2002,CANV,0,0,45849,503.71224672744245,297.5359155175919,852.7576479694138
38,2003,CANV,0,0,59636,466.93811973875154,275.67756243137075,790.8921050455059
38,2004,CANV,1251,969,32326,321.5296979240475,189.20000151064636,546.4130328842093
38,2005,CANV,0,0,38400,305.67375537853087,182.04834770930768,513.2507155539362
38,2006,CANV,360,273,59072,418.34520461363184,248.65593645593725,703.8348358686155
38,2007,CANV,301,229,39634,350.57062729205035,209.22186929198827,587.4135678829242
38,2008,CANV,622,119,37256,310.2279053155518,184.59354660032926,521.3690023782408
38,2009,CANV,526,398,44435,353.9937748889826,211.45163104616623,592.6253301531282
38,2010,CANV,0,0,67179,504.3815204607173,296.1378060034719,859.0619401674179
38,2011,CANV,0,0,63388,548.30868464071,322.2638103121143,932.9077731727052
38,2012,CANV,0,0,23823,288.4594135538874,162.17892538055185,513.068101003898
38,2013,CANV,1976,811,44812,363.00286058606184,212.81035410375782,619.1948570764445
38,2014,CANV,661,498,40191,395.33237218844,229.7919092098073,680.1270115974519
38,2015,CANV,213,161,37532,373.685614630111,214.5692530128399,650.7965918729636
38,2016,CANV,471,213,54347,472.79746960486494,269.24283247970993,830.2447467440343
38,2017,CANV,350,264,50874,496.2287226486614,279.5856170542103,880.7425352419928
38,2018,CANV,0,0,41640,437.1357374828007,242.68372115346517,787.3937818177535
38,2019,CANV,0,0,51069,479.56502942084194,261.41253760175425,879.7688877255657
38,2022,CANV,0,0,45758,,,
38,2023,CANV,0,0,28495,378.36142256541353,186.80707652954462,766.338025010965
38,2024,CANV,1202,912,35220,392.7406984951138,192.49729070587242,801.2853359588837
38,2025,CANV,818,270,37890,439.074973696047,210.1883573211048,917.2098539771347
38,2026,CANV,300,343,44076,494.95656571213556,229.52266654504834,1067.3542863073571
39,1955,CANV,9930,3123,317966,,,
39,1956,CANV,20044,5045,188970,19873.622161561292,14372.909923032386,27479.53336767114
39,1957,CANV,6032,1936,96530,13934.462140304111,10078.751862254614,19265.206425682652
39,1958,CANV,19934,6905,166418,12853.058173446645,9742.855748796754,16956.127512244653
39,1959,CANV,9194,4430,70074,10754.374641820554,7806.709890101204,14815.021380938444
39,1960,CANV,15447,5113,164249,10369.396634571904,8047.145311305187,13361.80501351373
39,1961,CANV,10077,3331,117745,10748.715563694888,8435.050103038613,13697.000593700897
39,1962,CANV,12137,5696,74842,8321.22582170876,6319.276206170843,10957.393998422838
39,1963,CANV,8827,2915,162511,8931.011455863647,7163.628391455978,11134.436526593223
39,1964,CANV,20816,5569,253221,11610.83716874495,9149.967696473632,14733.553628945074
39,1965,CANV,9194,3354,245962,12417.642037946182,9867.306521957655,15627.145405834177
39,1966,CANV,7914,2032,242044,12058.242800592949,9648.796022833014,15069.36400085282
39,1967,CANV,12008,3314,182714,10972.311310091065,8972.262163593014,13418.200816073851
39,1968,CANV,3369,1516,46307,7147.6505864153905,5112.99163496947,9991.979755270873
39,1969,CANV,4773,1452,126267,6860.854211885637,5536.991762573793,8501.244454600459
39,1970,CANV,6002,2056,262215,10454.576932055677,8342.736117279572,13100.999155647638
39,1971,CANV,15479,8987,200724,11825.691881800349,9646.680306837234,14496.90297958355
39,1972,CANV,5139,1916,180364,11302.982610400846,9286.070082361517,13757.963784237807
39,1973,CANV,6040,2064,97662,10076.203733482507,8095.534611296097,12541.467185746718
39,1974,CANV,9095,3513,324561,12072.985491734373,9378.805956682074,15541.101858470787
39,1975,CANV,15173,4844,296181,16225.30917510472,12745.062757629083,20655.893410187553
39,1976,CANV,19851,7808,376404,17491.319021040785,13251.471477712332,23087.7183421022
39,1977,CANV,8133,4566,66971,13214.411954266754,10220.066282110802,17086.06172180351
39,1978,CANV,6977,2109,114911,10359.570052018707,8471.210265199772,12668.87354969367
39,1979,CANV,9637,3695,202495,13424.16589836148,10862.011350837525,16590.68695898906
39,1980,CANV,8975,3815,58521,11446.162378487625,8845.0423430778,14812.210966659599
39,1981,CANV,8438,2730,47454,7996.495506721285,6005.015288316728,10648.42257994282
39,1982,CANV,9136,2495,88215,8493.41848825755,6867.679196804856,10504.008057079454
39,1983,CANV,8312,2073,163286,10915.619178743294,8935.860719977638,13333.997226363059
39,1984,CANV,13749,4197,86326,10027.552487185836,8132.042030992643,12364.890454334376
39,1985,CANV,11972,6745,83659,8238.849385314888,6677.891578076047,10164.68123213523
39,1986,CANV,13940,3698,197072,10398.013046346388,8355.480320131728,12939.851590756323
39,1987,CANV,11104,4963,119356,10619.926650352047,8716.754564316147,12938.627699873266
39,1988,CANV,8757,2165,48774,6897.39269516504,5254.828025542021,9053.393519269153
39,1989,CANV,11423,4349,63452,6185.429185254049,4878.898439150908,7841.838620533164
39,1990,CANV,6791,2009,52375,6096.906181343534,4698.940706778905,7910.775492544222
39,1991,CANV,9418,4436,70804,6706.420163283865,5364.377850902537,8384.210183653136
39,1992,CANV,11072,3126,150259,10301.982504785332,8477.356988464227,12519.331635239998
39,1993,CANV,8758,2546,63417,8612.309889889875,6788.726545492182,10925.743015639098
39,1994,CANV,9254,2364,89396,8836.268980640487,7223.804586538171,10808.660251376901
39,1995,CANV,18933,5471,239535,16872.253534099145,13505.423582106916,21078.416207254613
39,1996,CANV,17600,5327,177222,19560.632037908144,16175.315194166458,23654.458731068673
39,1997,CANV,20041,5065,157356,18462.275629522854,15447.160875062416,22065.907397309747
39,1998,CANV,21803,7143,124092,16619.111444251947,13974.724335775561,19763.886468186127
39,1999,CANV,19055,5915,204599,21669.533821357374,17755.0305573413,26447.079013378276
39,2000,CANV,18921,5102,91285,15209.333851711519,12567.717595316857,18406.193046461896
39,2001,CANV,12002,2657,144001,16499.949638734954,13830.48443549755,19684.65669807145
39,2002,CANV,10287,5348,51972,9433.902996217303,7257.982033966233,12262.158451968944
39,2003,CANV,10527,4108,140292,13473.87698819602,11255.922294080801,16128.874769196682
39,2004,CANV,31559,16639,126838,15163.352640439134,12752.660173154774,18029.749101471796
39,2005,CANV,4692,1265,139300,15229.383876926602,12838.519027055525,18065.48970189012
39,2006,CANV,15681,4819,185933,18338.230325883862,15256.771050664654,22042.061873276663
39,2007,CANV,14399,3280,110972,13768.110533382383,11545.651335749473,16418.37798032984
39,2008,CANV,6404,1327,69089,8981.548873648566,7144.168695200131,11291.47751283301
39,2009,CANV,14965,3941,126378,12220.7028154837,10273.594652442576,14536.837626629926
39,2010,CANV,6906,1856,91406,11568.872251198844,9534.909795177278,14036.714351744971
39,2011,CANV,29161,7171,194771,18131.672919520806,15054.618817911667,21837.654399414972
39,2012,CANV,20973,5609,120849,16060.33507302998,13505.949367608404,19097.832787423755
39,2013,CANV,13020,4305,157479,17353.847152332342,14627.020382364079,20589.019712423433
39,2014,CANV,21259,4467,211973,22437.88574000478,18452.54477370649,27283.97208383427
39,2015,CANV,12406,3143,166009,20492.53027405127,17119.99293311729,24529.437522170898
39,2016,CANV,15138,5458,125476,16299.488030860643,13571.896102565332,19575.25374939706
39,2017,CANV,28457,9487,176096,18853.350839914332,15458.629385089138,22993.5545408542
39,2018,CANV,13197,3059,105272,14904.88138648832,12089.64180427428,18375.688274465097
39,2019,CANV,10842,3211,94088,12539.735414625715,9969.763064867893,15772.186685451785
39,2022,CANV,19728,12212,179836,,,
39,2023,CANV,13972,3130,150314,19140.635384062323,14621.275107121626,25056.906475083884
39,2024,CANV,26926,6511,140085,17928.516978898504,13562.829955589055,23699.458159924387
39,2025,CANV,14470,3690,90616,14308.286260248273,10468.333200531048,19556.795889418565
39,2026,CANV,10427,4235,94705,13500.513350013774,9602.772539660069,18980.33718503054
40,1955,CANV,19570,7026,352385,,,
40,1956,CANV,29932,7817,246782,44333.40744971241,33954.209669096424,57885.34132458631
40,1957,CANV,32240,10457,183100,36052.11821764264,28655.027467687898,45358.71513103646
40,1958,CANV,44532,10817,213391,32295.443486198186,25986.360130701134,40136.27398082549
40,1959,CANV,21963,8844,111710,27281.95012387553,21696.184852157265,34305.79189998122
40,1960,CANV,17176,5418,178594,24109.539548819488,19837.821312280896,29301.095523844004
40,1961,CANV,30973,10770,109629,22592.762256935657,18348.808975025702,27818.312735892512
40,1962,CANV,16824,6443,88175,18194.3777202161,14483.62407829142,22855.839038384314
40,1963,CANV,29143,7956,168754,18963.827211498643,15927.924995399611,22578.379959187765
40,1964,CANV,20907,6240,250304,22976.04252211113,19022.356187752004,27751.479615220254
40,1965,CANV,26890,8710,218425,23666.01029659978,19878.156739932863,28175.65283775192
40,1966,CANV,26150,7320,212375,22271.452553170948,18810.504021580546,26369.18172203591
40,1967,CANV,27111,6467,234940,22099.976021613234,18540.942480367605,26342.18517602544
40,1968,CANV,15829,4257,67895,17398.370247740913,13535.23250480433,22364.099557952304
40,1969,CANV,14923,4442,87263,13851.256683461148,11149.45533040289,17207.77437333293
40,1970,CANV,18878,5324,262248,18100.112327477622,14902.26595740423,21984.17792325948
40,1971,CANV,27297,7432,183497,22087.822556637184,18717.13109643338,26065.528033110597
40,1972,CANV,15050,4615,249992,22132.735697036795,18381.62292954074,26649.33294043616
40,1973,CANV,11401,4971,82407,20487.921068108502,16499.20576712186,25440.916103337182
40,1974,CANV,14219,5198,356195,21036.765524218208,16566.076637072263,26713.95970308316
40,1975,CANV,26799,7405,264139,28847.984108928034,23622.581248654882,35229.26552306184
40,1976,CANV,35111,15585,231046,27309.967912788543,22669.00404538762,32901.063756671385
40,1977,CANV,19788,9132,89978,23579.73032519446,19483.80590451667,28536.7081223081
40,1978,CANV,15691,4716,191271,21724.503773647764,18170.44277831426,25973.723919072323
40,1979,CANV,19830,6936,211724,26176.676254372178,21651.76117552499,31647.23526050983
40,1980,CANV,11032,2585,60873,21466.829083526038,17093.13324812399,26959.641875599125
40,1981,CANV,23248,7609,54028,15251.09815049055,11943.146105954724,19475.269977642358
40,1982,CANV,24586,6632,87362,15294.424387158879,12688.846801272079,18435.04149731475
40,1983,CANV,13539,4548,153856,17901.204507880913,15084.631896100407,21243.681983106108
40,1984,CANV,12074,4176,58192,15514.567625388556,12309.472019790388,19554.194381023783
40,1985,CANV,19555,4950,103567,13408.769582505085,11252.612488576824,15978.076371085737
40,1986,CANV,17494,5952,202212,17349.285676041975,14234.478043402902,21145.679704667175
40,1987,CANV,14024,5525,133814,17749.699490863488,14917.36768145846,21119.800674186856
40,1988,CANV,17223,3263,113578,15276.56526366633,12896.57319414187,18095.771856749056
40,1989,CANV,13002,4240,46800,11074.23532629268,8523.296157402596,14388.645636300624
40,1990,CANV,21156,4860,145170,13182.467685297308,11017.028135683824,15773.53276525162
40,1991,CANV,15746,4494,114002,15851.356854818152,13379.312161692065,18780.151857000485
40,1992,CANV,19254,4512,136624,16532.88287607992,13968.055171848162,19568.6667063766
40,1993,CANV,12960,4836,99187,15790.73248870056,13278.017385431376,18778.950598700587
40,1994,CANV,6919,2072,65555,12964.607058844249,10398.638743295538,16163.75377004066
40,1995,CANV,40047,16565,172902,19232.43899907156,16103.800047347751,22968.90850392346
40,1996,CANV,24727,8841,150071,24034.6060514199,20420.316509036467,28288.605996450697
40,1997,CANV,22237,8664,159200,25563.27679966437,21710.16806888009,30100.233156323426
40,1998,CANV,23396,5663,85709,19938.323764886572,16625.209969145606,23911.683238360365
40,1999,CANV,15541,2973,151081,23705.070311146013,20167.803260470097,27862.744950402594
40,2000,CANV,22527,9162,117250,23636.51241274495,20208.74487885228,27645.691129610394
40,2001,CANV,25765,7858,163108,26299.660828173197,22296.932322911125,31020.95614140707
40,2002,CANV,21437,4146,87153,19438.12383380264,16278.982991712528,23210.33558242559
40,2003,CANV,17297,3955,103928,17960.09954095181,15280.26531189465,21109.91981728238
40,2004,CANV,24212,9096,114520,18955.780250210195,16219.128325674666,22154.18718436659
40,2005,CANV,23184,4301,208307,26610.746045193286,22230.354492694336,31854.27408791375
40,2006,CANV,29717,8240,150295,24583.761173218252,21063.35749828376,28692.544076654278
40,2007,CANV,21407,5711,166557,24117.45752296439,20651.08245134684,28165.678905323282
40,2008,CANV,11666,2302,153971,23744.54808347931,20410.898589393706,27622.67232965603
40,2009,CANV,14959,3328,146565,23166.10310939241,19947.916566022104,26903.477939602184
40,2010,CANV,13722,3555,98506,18629.818408004736,15660.087232181271,22162.720345644535
40,2011,CANV,18482,3904,150002,22694.71210839144,19496.330159401557,26417.790090326336
40,2012,CANV,22624,6349,114005,21900.381064894827,18633.974536109763,25739.36600901549
40,2013,CANV,20064,4921,143562,24232.54595086077,20825.7532277279,28196.64080522884
40,2014,CANV,24682,4180,132451,24800.050672366677,21237.202611879868,28960.618052770595
40,2015,CANV,15454,5096,146896,26322.13737648539,22564.23599472556,30705.888567577713
40,2016,CANV,37188,9367,144417,27017.582208333806,23115.414608969175,31578.483913537184
40,2017,CANV,31299,6943,150748,28026.268923408752,23866.798905938896,32910.64515450266
40,2018,CANV,37526,10594,149934,28652.48960830567,24202.9099190863,33920.10148774115
40,2019,CANV,32773,9373,137703,27917.960849962437,23362.119895325013,33362.235170105574
40,2022,CANV,35567,7452,188115,,,
40,2023,CANV,41079,11607,143598,32931.02584205859,26481.236756835402,40951.73019932345
40,2024,CANV,44721,12073,136997,31129.738522893862,24824.385530039614,39036.64077932952
40,2025,CANV,30841,12382,135398,31487.545094749763,24675.085474583317,40180.83329904422
40,2026,CANV,21187,3914,141100,32895.30471674315,24961.375132086967,43351.019993140566
26,1955,GADW,109527,17802,664698,,,
26,1956,GADW,120490,23173,557221,151287.74592621016,121423.36360971414,188497.3483439428
26,1957,GADW,110408,18692,421417,142748.6325378911,119993.8175252447,169818.5165844136
26,1958,GADW,116973,20523,403035,140656.144702715,120753.50364886387,163839.1470624401
26,1959,GADW,189782,29844,249349,134486.52768374167,112500.03356547927,160769.962063191
26,1960,GADW,205299,35377,515330,144234.43567884093,123235.74577066684,168811.1862795695
26,1961,GADW,206512,50974,358196,156468.79465788984,136854.78638046756,178893.8797772815
26,1962,GADW,162912,37210,395508,159235.64115721476,139995.89519485852,181119.52053634566
26,1963,GADW,124035,17910,543023,172064.07067650792,150067.45974852456,197284.90418497534
26,1964,GADW,162097,30066,366657,188500.40054307197,165607.9525588722,214557.33529624497
26,1965,GADW,138586,33387,601686,189947.27482815462,166815.19499904866,216287.05475450403
26,1966,GADW,302638,73652,490191,210481.79835386013,186426.56771425283,237640.9541915735
26,1967,GADW,189215,50188,377493,214815.9498869445,188699.05120558987,244547.55882982022
26,1968,GADW,332937,132681,266132,217028.3505127118,184541.89199612534,255233.67305271496
26,1969,GADW,141556,43814,483245,198360.25836620317,174909.05369110036,224955.71995144183
26,1970,GADW,171929,45956,531228,207326.49103185695,183400.6057912284,234373.6744932742
26,1971,GADW,183846,35967,585392,204935.35090459866,181056.92118087044,231962.9527359285
26,1972,GADW,264048,70897,517134,208129.93908112956,184882.03231948207,234301.1432666409
26,1973,GADW,164552,47112,683871,199062.3730262876,175018.7447977992,226409.05350245174
26,1974,GADW,254704,61061,947344,199450.56425251113,169805.49296177237,234271.14686802687
26,1975,GADW,143089,41199,428156,221688.18093124253,195845.42366360012,250941.01585452343
26,1976,GADW,195874,42705,459595,201703.61054182742,178935.1455231444,227369.23138639005
26,1977,GADW,311667,85594,433788,203178.0437211689,180238.1513204787,229037.6213244639
26,1978,GADW,164493,47890,295812,203251.6936802447,177343.99158826072,232944.18160949196
26,1979,GADW,204680,60387,617173,188244.80628887282,163662.37245938028,216519.57357229572
26,1980,GADW,211284,52749,281191,199601.56216565965,173887.21292627288,229118.53579402613
26,1981,GADW,198615,43254,365159,173982.727172674,153421.94318834378,197298.9568857245
26,1982,GADW,133946,34507,374594,167089.15151424462,147146.61771668826,189734.46340101538
26,1983,GADW,89841,43070,318745,153924.25170693683,134658.67220342698,175946.15241525817
26,1984,GADW,154241,42528,386351,142916.61957524956,125775.56692256706,162393.70372618735
26,1985,GADW,71041,18801,493458,143499.93712275938,125880.3321812949,163585.77704242652
26,1986,GADW,136180,29789,514467,150263.25588227666,131515.2067224649,171683.91877291322
26,1987,GADW,71628,11386,325047,155352.26504831767,136950.9401073881,176226.07217386138
26,1988,GADW,185616,50433,229287,157826.89451731055,136018.4784376335,183131.94588777566
26,1989,GADW,182797,38331,273985,169289.7601394348,148411.1799128715,193105.55245832802
26,1990,GADW,253247,81628,467916,192098.33339411978,168609.30830763036,218859.6232508737
26,1991,GADW,181383,35983,445659,208740.4072714443,184151.850694076,236612.10823362155
26,1992,GADW,286376,73947,328103,202769.21010175365,180621.9748539303,227632.0619267908
26,1993,GADW,239827,40713,344031,193144.6994857637,172595.88427204877,216140.00297159664
26,1994,GADW,264541,68919,406094,194552.4175804236,174468.7406024002,216947.9934095815
26,1995,GADW,242580,39312,417916,203085.33906522297,182215.22889674528,226345.81748712042
26,1996,GADW,237132,47103,522064,215237.2352379539,192382.73260207832,240806.7855481632
26,1997,GADW,193271,27429,653604,233239.82583045302,205271.27423294273,265019.13897453464
26,1998,GADW,232411,39817,358099,244539.68792252778,219848.1546600005,272004.3707518429
26,1999,GADW,221058,36229,469520,226333.38749256794,203025.2687419195,252317.37217389967
26,2000,GADW,198154,43918,345901,220364.7105839645,198093.58167940713,245139.72264555492
26,2001,GADW,199436,24456,226432,198082.82618540264,173448.11761325438,226216.3842970301
26,2002,GADW,249103,53585,249379,178041.80242156534,156920.13467464325,202006.4759391386
26,2003,GADW,103511,18510,384054,176079.0825375418,157862.26839085613,196398.06030468963
26,2004,GADW,120141,25774,270952,189968.05318107546,167277.69482818377,215736.24186102577
26,2005,GADW,212697,55264,539557,192365.40118631625,171573.27206399385,215677.22716024428
26,2006,GADW,252124,52764,539787,217745.16052014453,194815.41740928753,243373.73068546047
26,2007,GADW,183365,26793,524874,220635.15446401646,197869.37388145734,246020.2427007441
26,2008,GADW,267422,49330,525585,213101.81795501837,191126.52328220804,237603.7822269183
26,2009,GADW,245092,65263,346492,201526.2839451316,179482.49184939827,226277.46418191915
26,2010,GADW,153768,27838,245872,183856.61607259428,157687.52782520655,214368.60441578846
26,2011,GADW,159420,30941,485855,176581.27380189477,157530.0761920246,197936.46401523385
26,2012,GADW,160093,38359,421176,203726.94384079304,181869.02927331228,228211.8501019574
26,2013,GADW,124776,28111,631385,226692.0529979852,202202.73272447003,254147.34113641555
26,2014,GADW,262648,76992,621016,274010.7369372649,245008.77439349695,306445.69421141443
26,2015,GADW,219632,69842,602328,308708.44417321525,276625.7297358596,344512.0726652822
26,2016,GADW,363049,63868,450480,328026.5428442343,294005.70847394963,365984.0938764436
26,2017,GADW,485464,93975,756627,316015.49966210977,277272.527580683,360171.98277111363
26,2018,GADW,189130,54238,600352,315795.8007365174,279745.58571475436,356491.7298266359
26,2019,GADW,308555,73953,560981,284219.1502256612,250600.26550427047,322348.1235841722
26,2022,GADW,318331,58019,485905,,,
26,2023,GADW,285647,59881,338841,227196.93645333246,194516.99341075655,265367.29274227587
26,2024,GADW,223279,47094,352198,224763.09761089773,192842.03237887094,261968.0441263649
26,2025,GADW,213571,35118,331507,237939.8023897045,201219.1638310332,281361.6182641153
26,2026,GADW,258377,63090,455078,258409.21993905422,211007.62977568014,316459.29116638395
27,1955,GADW,44762,4952,256278,,,
27,1956,GADW,89063,10724,236564,83406.67517120065,63936.68769090256,108805.65938519884
27,1957,GADW,46006,5575,122624,52903.150726313885,42017.22178396159,66609.43389263767
27,1958,GADW,61755,11879,163615,59721.712200455666,48726.09853846114,73198.61460565642
27,1959,GADW,36058,19335,78160,39455.97967481691,30948.709221070345,50301.75316777637
27,1960,GADW,84965,17176,144335,53428.093523451374,44173.79467293871,64621.14470096448
27,1961,GADW,35960,8277,105836,49138.16128510857,40772.34747851288,59220.5022228318
27,1962,GADW,20807,6458,84878,44084.29430902762,36141.31052301474,53772.95334897705
27,1963,GADW,40416,7985,127949,55758.4270538791,47083.66493547066,66031.43981641451
27,1964,GADW,46631,22486,97113,53912.06211252335,45048.912124054135,64518.99289422857
27,1965,GADW,36513,10219,197469,75850.44186469886,64142.04583338418,89696.07152872621
27,1966,GADW,101330,22761,162580,77592.85443302985,66451.05861897668,90602.78623380755
27,1967,GADW,95322,12432,155856,75775.75903217375,65057.105578733695,88260.39224805345
27,1968,GADW,47340,17998,43628,45669.30356584089,34512.48977779978,60432.76800999007
27,1969,GADW,75470,20925,156377,64441.9832353889,54732.324173158835,75874.16149498535
27,1970,GADW,94354,27090,187139,77289.4489632152,65695.75350086957,90929.1484259843
27,1971,GADW,69853,25206,196601,78297.67198159135,66304.90721614118,92459.60359694868
27,1972,GADW,82017,28565,92732,58415.54948653801,49134.84588304833,69449.21390282515
27,1973,GADW,37746,14822,136385,60950.41515889919,52292.5518569971,71041.72537231192
27,1974,GADW,132627,19542,259125,79691.86923735528,65910.55341645532,96354.7367356528
27,1975,GADW,74347,16163,205809,77262.66268401635,65112.30827081555,91680.34744207852
27,1976,GADW,57056,13878,144151,64408.19965549004,55208.46702950742,75140.94134590356
27,1977,GADW,40369,10103,53011,40061.11712338205,31985.33936603622,50175.897363699616
27,1978,GADW,38799,7609,89800,43432.6328504645,36597.08783881198,51544.90992921813
27,1979,GADW,48937,8602,124870,51429.82756640922,43805.40353645934,60381.298880379545
27,1980,GADW,22981,7867,68122,38293.45428413581,31739.933234447606,46200.11737830992
27,1981,GADW,41556,9053,80505,36042.76770999076,30197.00001782269,43020.20410734896
27,1982,GADW,22938,5366,86406,34775.18581997239,29187.23966208379,41432.95367477279
27,1983,GADW,12469,5711,56044,25483.027979820108,20542.25899608234,31612.137454996562
27,1984,GADW,23742,14167,69838,24974.836812619436,20531.471622840243,30379.82299929677
27,1985,GADW,31626,5692,170249,39121.14846718823,32406.814936649036,47226.61762297947
27,1986,GADW,27066,4561,70722,26920.948504786997,22220.171773971626,32616.195579835243
27,1987,GADW,16326,4062,151517,38895.33867207439,32400.113823182244,46692.65604039097
27,1988,GADW,29635,10315,61562,28017.18838155927,22910.60777808916,34261.98258950112
27,1989,GADW,26946,6140,111181,38151.21981720374,32124.969432635302,45307.92088667208
27,1990,GADW,68956,29340,116410,44334.18330177757,37335.60089880951,52644.65447771288
27,1991,GADW,33525,10929,83147,38140.126678930064,32130.275481110868,45274.098690502076
27,1992,GADW,28125,6986,78342,35371.600447560275,29768.952060958796,42028.69202986479
27,1993,GADW,58997,16416,139138,46471.08566941092,39445.53912279774,54747.93478093445
27,1994,GADW,81081,13760,122543,46207.62742426183,39510.950429997734,54039.31844065024
27,1995,GADW,46305,12221,93242,40924.29048215835,34775.73535389875,48159.94642311173
27,1996,GADW,51921,10789,138365,51196.16554599981,43820.15402365992,59813.741530854255
27,1997,GADW,42597,8077,199007,67912.91127617273,57003.01345728899,80910.87186927572
27,1998,GADW,53616,13132,78697,47274.7795098617,39845.17109969434,56089.727212218786
27,1999,GADW,46389,13642,104612,49143.86182610468,42201.16370115218,57228.73360284449
27,2000,GADW,54240,12790,89314,45332.47066419885,38726.13512928687,53065.78850845145
27,2001,GADW,23137,3075,67556,37065.85773566175,30937.361756596074,44408.37006366244
27,2002,GADW,49609,11361,80102,37435.1751637912,31687.133487203788,44225.91081360054
27,2003,GADW,42632,6522,167198,53816.43954741082,45978.82474153009,62990.065140663326
27,2004,GADW,33665,10148,61827,38592.813907293195,31516.649622555153,47257.72895025801
27,2005,GADW,45059,13420,98248,46301.53728020181,39604.23483502751,54131.39184332454
27,2006,GADW,62619,5571,165211,66408.10213596195,57694.8918607256,76437.20071347218
27,2007,GADW,68940,9845,323372,99286.85771925731,81170.14097275908,121447.12326016997
27,2008,GADW,68493,12705,123835,67539.45642520017,58390.75202996777,78121.5863065162
27,2009,GADW,58626,15030,95757,51903.48168975926,44236.59101441788,60899.16401200847
27,2010,GADW,54275,10956,93710,48422.71070962468,41029.91540170112,57147.54440782459
27,2011,GADW,52929,19449,209769,71358.35020410064,61443.54419080796,82873.05380754458
27,2012,GADW,70408,26998,143670,71030.51225660322,61948.73902956752,81443.68635215273
27,2013,GADW,100819,17833,219067,95025.28584499446,82315.527724264,109697.46777510128
27,2014,GADW,123532,29127,217032,115787.33130670646,100506.3301096126,133391.6587791794
27,2015,GADW,101089,12471,178291,120319.17350877101,105537.29196066492,137171.45138828646
27,2016,GADW,116525,18386,137733,112068.45429236598,98213.57765588725,127877.82246854412
27,2017,GADW,177001,19918,168492,120159.32639655049,105028.77424177463,137469.6013002693
27,2018,GADW,70543,20546,197911,125817.25432573252,107573.62970991048,147154.85132140783
27,2019,GADW,114268,25703,157955,106726.24155243587,91292.90327344037,124768.63181568569
27,2022,GADW,56778,12589,88749,,,
27,2023,GADW,55624,17155,90994,62027.36147062277,50074.78843521617,76832.94710240923
27,2024,GADW,45808,10749,87529,62640.47778094285,50073.61825070542,78361.21282427033
27,2025,GADW,94045,14015,98323,70103.99839861716,55711.98449717892,88213.88496261832
27,2026,GADW,62217,13123,110957,81255.42197805713,62650.50183442735,105385.32665358463
28,1955,GADW,28300,4229,188752,,,
28,1956,GADW,42668,9170,149253,39819.438597861095,28834.34312550896,54989.55475930728
28,1957,GADW,22544,6292,77390,28305.376185032303,21099.750637392055,37971.743588113895
28,1958,GADW,28300,7206,115683,33238.748484280695,25735.39208559149,42929.76757948158
28,1959,GADW,30699,8313,78194,29950.981149823172,23486.515501626178,38194.73654041833
28,1960,GADW,50845,14340,142519,38665.60122511968,30134.257929226584,49612.262615233674
28,1961,GADW,30356,7226,81952,34398.354243797,27818.438707106936,42534.62198723096
28,1962,GADW,14047,4899,73218,33072.854969445165,26997.127194046625,40515.93074951917
28,1963,GADW,22679,5272,49067,30783.57484902355,24411.788736996583,38818.47785489329
28,1964,GADW,29436,4725,62074,34737.11731313202,28382.570885186793,42514.377013537924
28,1965,GADW,14410,5212,95495,43755.11454098043,36830.93791471307,51981.02890910951
28,1966,GADW,44689,15898,134933,53357.56143611727,44691.05879802937,63704.674692884364
28,1967,GADW,77923,23760,215824,64482.35254144566,51455.4270256378,80807.2934115883
28,1968,GADW,84070,17350,47294,47658.264734042394,38353.32439904572,59220.68642155521
28,1969,GADW,73980,15134,125330,50896.69297027232,43043.525006822085,60182.64895590212
28,1970,GADW,52801,14427,86500,51813.05798152804,44380.10300992111,60490.913614983045
28,1971,GADW,69249,7638,121414,53143.44124305384,45292.557154012,62355.175433139506
28,1972,GADW,60696,11871,60060,47129.430885679576,39494.16695017515,56240.79268237855
28,1973,GADW,55190,9446,121316,50526.56675034863,42975.568962066856,59404.30829038769
28,1974,GADW,77558,14594,124084,54712.67114495473,46451.700764012116,64442.772483696026
28,1975,GADW,54524,13308,178280,59570.50314423993,48717.130508950155,72841.82807536157
28,1976,GADW,28909,5665,104144,54273.01254871833,46108.6648981336,63883.001115318984
28,1977,GADW,21778,5211,45431,40841.58717160996,33240.558652863765,50180.72229518649
28,1978,GADW,33068,7498,88634,43827.77608204806,37064.64640464236,51824.963749217204
28,1979,GADW,33966,11149,100739,47915.02302316826,40291.205801546224,56981.40290511331
28,1980,GADW,53516,18342,59124,39683.95161949364,33169.48154989454,47477.860447394254
28,1981,GADW,37161,11307,58943,35093.73444360501,29289.54760576784,42048.11265011625
28,1982,GADW,29101,7947,66784,33749.7979819866,28259.6494730781,40306.546084728885
28,1983,GADW,14081,8442,58022,29778.507259289167,24741.12386292162,35841.52035714445
28,1984,GADW,15277,4062,42892,24246.694836158676,19581.21198742711,30023.790705870997
28,1985,GADW,45782,7947,89250,29546.200651017713,24646.400052339774,35420.100747221484
28,1986,GADW,21701,5385,46371,24953.922337881613,20349.09297589107,30600.7860292731
28,1987,GADW,20514,5281,58119,26665.888593905365,22143.171630865316,32112.365218332765
28,1988,GADW,29790,14863,52705,28508.366491326706,23558.418774957405,34498.36628542014
28,1989,GADW,21067,7324,57836,31770.380349377017,26407.337245460443,38222.59920271192
28,1990,GADW,47007,14158,66153,35877.45121296024,30016.558865710937,42882.71388126205
28,1991,GADW,34904,15039,73487,38605.74493304452,32418.742917956035,45973.51432185826
28,1992,GADW,28308,11421,47976,32906.67799630791,27105.963101862824,39948.7541794181
28,1993,GADW,55529,11702,90746,38728.53343680252,32648.664880378663,45940.60148128589
28,1994,GADW,71678,18471,69750,37453.63062791199,31615.12210053266,44370.3631050798
28,1995,GADW,52584,22389,58766,35136.731414714865,29265.302744835484,42186.130971349055
28,1996,GADW,36575,13539,130494,47626.791036822986,39762.76994020016,57046.10689538356
28,1997,GADW,30817,7268,143245,56637.66697429151,47152.300953976446,68031.15129888967
28,1998,GADW,44259,7104,66328,46183.957542572316,39121.04002597113,54522.01508135069
28,1999,GADW,32193,6161,67172,42604.8251388977,36180.95848098746,50169.23822153286
28,2000,GADW,24550,4446,63063,40108.108793247964,33976.82467628866,47345.81310341362
28,2001,GADW,25206,2521,56585,36297.390880221625,30467.473379648258,43242.85667848202
28,2002,GADW,19961,3576,59887,34936.618998201564,29415.5937133621,41493.88786502898
28,2003,GADW,35807,4961,159493,47505.06377602643,39781.74125197331,56727.81063228088
28,2004,GADW,67565,11252,97648,47410.97285290818,40719.373859757405,55202.23259328349
28,2005,GADW,42241,12962,52992,39936.93814244421,32783.135827599486,48651.814047960914
28,2006,GADW,75558,14861,170624,57238.0887352547,48551.13043056426,67479.35162396207
28,2007,GADW,60079,9281,253077,75527.66762758585,61414.97878296026,92883.34361267886
28,2008,GADW,49742,7516,87338,55650.930257900036,47669.5154019546,64968.691467811026
28,2009,GADW,51573,8547,107409,50325.26526130821,43665.06696314652,58001.3383641112
28,2010,GADW,38842,6671,132128,52793.4600719347,45834.87112278865,60808.49270635824
28,2011,GADW,34303,12658,154782,57137.47034950369,49303.954559636986,66215.59157068253
28,2012,GADW,81537,15030,107654,55781.00830494617,48296.70822411044,64425.113054871836
28,2013,GADW,58420,15404,157948,68490.36231806701,59246.65837308901,79176.27524104898
28,2014,GADW,88201,14407,177836,85634.96797476769,73444.45230784632,99848.89953704563
28,2015,GADW,128072,29201,124503,87426.56383772497,75876.45373056378,100734.86158978145
28,2016,GADW,92730,20524,90495,80660.52452783377,68827.48252660628,94527.94114023035
28,2017,GADW,124126,42209,138182,87987.71560084181,75673.28616896701,102306.09094163385
28,2018,GADW,66132,11034,204452,97835.08904881001,80346.41405133468,119130.45233198658
28,2019,GADW,80880,26225,118747,78491.89330003927,66244.04183555888,93004.24827818439
28,2022,GADW,25311,4593,64846,,,
28,2023,GADW,37357,7262,85951,48974.743464853294,39203.40747415185,61181.55670599859
28,2024,GADW,43360,6371,96686,53401.65714109436,42406.76840104715,67247.21295538699
28,2025,GADW,72737,17998,70181,50209.790870375764,38619.56188101598,65278.397176383194
28,2026,GADW,44862,10092,83860,54791.33534790044,41199.16885504347,72867.74254521346
29,1955,GADW,17730,6412,157117,,,
29,1956,GADW,17721,5144,95044,15608.215877931281,10345.887683057015,23547.17259216583
29,1957,GADW,8126,1894,67026,11973.216004486902,8105.523664284559,17686.445370800713
29,1958,GADW,12559,4444,98759,16023.949367121026,11406.976853508586,22509.640951982936
29,1959,GADW,19208,6761,111453,19014.95586531436,13722.400478826,26348.782570350006
29,1960,GADW,28073,9736,160368,25572.694308208163,18114.823037122907,36100.970616212435
29,1961,GADW,6787,4040,49751,13493.520641627785,9763.774746585888,18648.0233343873
29,1962,GADW,10045,6251,52549,13425.410401756142,9963.39385985781,18090.386367417406
29,1963,GADW,11643,3911,57578,15676.382468596366,11886.196036758372,20675.15684090439
29,1964,GADW,18470,6341,118608,25806.31335913891,20221.527871297738,32933.50598573401
29,1965,GADW,10797,5108,104179,28274.713738459242,22572.881122127026,35416.80978455812
29,1966,GADW,30949,7586,76200,25632.347276466066,20525.49149298032,32009.81701831871
29,1967,GADW,53304,18967,169890,38431.6056870712,29906.982071423947,49386.07018786367
29,1968,GADW,27259,10106,80902,30530.82791625891,24810.357289531777,37570.25513072753
29,1969,GADW,47975,18541,94544,30906.66935794721,25375.63867726612,37643.277591954786
29,1970,GADW,24192,9173,77844,29166.023604924543,23905.85706738759,35583.619969161584
29,1971,GADW,39890,8167,78039,28930.215430202617,23777.706410311548,35199.247160145555
29,1972,GADW,38178,8112,61204,26355.34607997561,21259.676975247316,32672.381043419187
29,1973,GADW,23534,7423,83588,29871.40610097036,24616.708555834826,36247.77457251041
29,1974,GADW,30751,9434,64073,27866.300511541864,22540.275943549183,34450.80735232943
29,1975,GADW,31736,11479,145626,39860.63986877778,32079.719753807734,49528.818298351995
29,1976,GADW,26857,8262,123706,41160.20003958898,33689.402428904585,50287.68530027222
29,1977,GADW,18421,6397,55778,27905.46251505804,22248.287855476283,35001.11304014944
29,1978,GADW,43316,9683,145626,41327.4481702498,33138.13937665424,51540.55129202386
29,1979,GADW,58864,20170,153665,47479.04497609563,37697.167127765126,59799.18077668442
29,1980,GADW,31833,14649,52135,26518.134185313145,20939.87478741994,33582.40905493582
29,1981,GADW,32098,11503,64692,25327.717570174886,20484.939495283666,31315.36109551309
29,1982,GADW,29536,10153,103313,31780.462918744288,25943.547712841544,38930.5978699957
29,1983,GADW,25902,13968,64305,23727.90266454231,19073.94082441021,29517.41174206999
29,1984,GADW,11185,4720,38815,15673.66763281789,11731.700805205553,20940.174075615527
29,1985,GADW,16442,5460,75313,21426.14944430569,17342.652676902184,26471.145364119915
29,1986,GADW,41483,16349,95957,27161.498180446502,22210.2061085545,33216.575289782995
29,1987,GADW,18625,8341,72083,25003.072978498833,20299.311742414196,30796.790861727462
29,1988,GADW,11403,5137,74322,27147.915808334907,22094.53746190694,33357.08357810675
29,1989,GADW,19354,8751,105858,37237.81584394699,30341.109606216378,45702.1825115983
29,1990,GADW,45209,20245,121656,45191.49414581148,36495.48617082404,55959.554383566116
29,1991,GADW,42928,9063,93444,40232.71144970929,33020.11021320336,49020.765228952216
29,1992,GADW,15158,7128,48799,26499.817981572385,20684.839863379002,33949.518473175725
29,1993,GADW,59936,22919,115923,40583.96090599266,33394.67662954787,49320.971156277374
29,1994,GADW,94407,50177,121988,45915.30497809682,37829.360032522425,55729.60339321578
29,1995,GADW,69100,31407,118814,46807.8715591019,38759.87241499644,56526.93632308443
29,1996,GADW,78548,35089,112943,47969.27354515924,39896.362070811025,57675.71490268304
29,1997,GADW,41609,11970,104584,48778.14284990391,40724.735440751385,58424.12956487295
29,1998,GADW,29951,12049,56219,35977.40435797661,28637.916946233167,45197.897136425876
29,1999,GADW,32887,10367,74707,39371.4655569328,32449.30923385009,47770.27113057057
29,2000,GADW,33912,14814,54849,33010.03542911843,26296.102073368864,41438.17345975393
29,2001,GADW,8978,3263,75130,35669.91613725339,29513.2708536592,43110.874546829116
29,2002,GADW,14693,3697,87493,38314.45165760259,32092.593456021357,45742.55451914353
29,2003,GADW,58993,21821,177655,56742.39932121974,46134.92833573207,69788.76952616964
29,2004,GADW,68549,24090,80278,41796.89039332817,34731.83438398427,50299.10102754219
29,2005,GADW,38210,8471,59577,35068.92103364243,28159.31967479676,43673.96786096982
29,2006,GADW,64937,12855,120208,52601.49048496469,44923.35979178987,61591.938226880106
29,2007,GADW,30994,4041,124028,59217.66006772842,50804.6688307942,69023.79928065794
29,2008,GADW,34668,5946,111987,55116.29134554711,47294.45679339353,64231.74675539516
29,2009,GADW,45686,13902,137018,57818.966083997235,49684.14594438161,67285.70604322646
29,2010,GADW,76267,21818,206651,70722.22080652474,58683.52517126919,85230.60775932367
29,2011,GADW,99866,24125,235202,79981.65078081586,65164.82839582741,98167.4412271451
29,2012,GADW,66255,18987,134028,64506.11256386214,55346.60763177363,75181.45621110959
29,2013,GADW,55529,28950,118100,64471.614094560544,55271.99984077327,75202.43587950816
29,2014,GADW,90652,16854,202551,98254.87381979171,81821.72192712134,117988.47545572351
29,2015,GADW,115690,25749,117447,88056.00854124776,74945.23962765878,103460.34889926101
29,2016,GADW,80607,42594,78925,71194.0099966345,58048.80428221963,87315.95976996554
29,2017,GADW,86271,23184,105054,78768.53000681153,65901.55171266894,94147.72730216636
29,2018,GADW,92688,35283,176261,101317.79909186323,82773.03494203124,124017.39793651758
29,2019,GADW,88481,32752,109795,75983.79430740091,62215.14464638895,92799.54310424504
29,2022,GADW,28849,4451,71991,,,
29,2023,GADW,62928,21897,126614,59982.378344543344,45599.4355026661,78901.97920668517
29,2024,GADW,76163,34622,140437,69333.07352708658,51270.8121291094,93758.51259401331
29,2025,GADW,47869,20250,79948,52821.28145084026,38159.49846865811,73116.46866639219
29,2026,GADW,36927,14653,66210,47205.76657661411,32241.069404046888,69116.3301737774
30,1955,GADW,28045,9110,525462,,,
30,1956,GADW,51748,9940,315811,55944.16411622953,40860.22898481816,76596.47477322016
30,1957,GADW,93952,38582,164066,40155.4256744664,29947.09193630226,53843.56566331412
30,1958,GADW,19054,6229,209975,43572.315698833845,33799.09278859818,56171.52824880849
30,1959,GADW,19054,11048,57531,27700.058682898885,18848.904860351973,40707.577268853274
30,1960,GADW,31304,8313,166280,38873.97311830518,30784.721823956566,49088.82382126038
30,1961,GADW,27846,19865,142170,43967.23388117177,35236.94507293781,54860.534906197216
30,1962,GADW,59670,30236,160311,48409.26886588299,39489.59853539613,59343.660078711924
30,1963,GADW,59001,14668,144989,51810.388519913424,42280.207363671696,63488.72264261444
30,1964,GADW,65973,19588,196851,60844.04675316545,51017.17286487497,72563.76269823032
30,1965,GADW,70753,21579,327925,77222.83671109844,65311.64907488808,91306.32274911963
30,1966,GADW,89229,18028,350761,87867.83287926913,74702.15703050868,103353.8569943299
30,1967,GADW,51547,8632,282303,88084.4839549632,75799.74210268249,102360.19409012725
30,1968,GADW,136940,44215,231448,85077.20412325919,73206.73926890835,98872.46356982352
30,1969,GADW,86748,26064,386743,92553.68169730566,79254.94009601991,108083.91231320046
30,1970,GADW,81781,23959,278096,92933.85563446068,80590.35047452789,107167.9360150763
30,1971,GADW,138346,39822,294264,91095.68197470857,79239.98077237862,104725.20555343066
30,1972,GADW,81543,14401,349128,95303.40876534104,82811.85502485839,109679.22068123257
30,1973,GADW,70612,13306,266781,94255.39166529014,82100.17691862624,108210.22793632612
30,1974,GADW,137230,47658,427648,101114.07812878989,87099.11355082883,117384.16591195876
30,1975,GADW,120877,29336,395299,107248.00949791711,93116.83954516654,123523.68913558518
30,1976,GADW,73353,12012,201874,95090.02473131075,81903.7649734172,110399.23264011138
30,1977,GADW,109945,24474,176065,86784.33844743502,73940.64104909827,101859.02222240467
30,1978,GADW,78066,13497,274088,95228.36136674727,83240.77889693338,108942.28680661574
30,1979,GADW,106502,10170,433416,112558.34345731413,96645.36828629416,131091.4419025646
30,1980,GADW,99544,22591,265432,103895.6981963075,90586.21555107873,119160.69170161584
30,1981,GADW,97386,26452,145930,80875.29861140462,67854.64267205358,96394.49369877452
30,1982,GADW,52730,17231,283612,87184.73720622873,75721.53113419196,100383.31618319408
30,1983,GADW,74425,19933,384934,97444.51427159207,84110.80505261001,112891.95669554302
30,1984,GADW,76646,22221,283066,87411.7170208478,76008.38130015104,100525.86493533957
30,1985,GADW,119173,28294,622251,108068.5685981322,89507.49734086046,130478.62878317558
30,1986,GADW,119319,26692,343774,99818.20978914264,86367.70730495584,115363.43057398222
30,1987,GADW,96252,28611,223794,87234.35656110273,75617.04229245527,100636.48000404375
30,1988,GADW,109127,39931,217588,91479.49926981506,79273.13150537423,105565.38675514239
30,1989,GADW,106392,33756,208088,99709.52406058791,86346.05849187965,115141.20461357187
30,1990,GADW,123819,31627,212982,108122.97985744574,93995.6224152095,124373.65137721515
30,1991,GADW,98248,26019,194812,109434.63085810821,95004.34451759027,126056.74500320392
30,1992,GADW,154158,39548,247891,117557.24607157757,103114.55885835808,134022.8407796099
30,1993,GADW,140265,39724,167698,105812.13603523487,90486.29010241554,123733.751485079
30,1994,GADW,133488,29071,407268,133916.48605259112,116567.39561180626,153847.69594060883
30,1995,GADW,111279,36094,344941,144898.1948511879,127773.38075256362,164318.16038264736
30,1996,GADW,162075,28189,408311,158908.47829615313,139491.90361354087,181027.74297466606
30,1997,GADW,207380,30687,461590,178968.35156483063,155891.3747568938,205461.46899904998
30,1998,GADW,155946,50915,146488,138371.1478284009,116388.45410443893,164505.7896736764
30,1999,GADW,91959,21886,313141,151067.65669246519,132706.19084694135,171969.64778285264
30,2000,GADW,64998,14248,214417,143175.9200427299,125057.26870275862,163919.6529136254
30,2001,GADW,116797,51081,139687,116302.10635886199,97963.07468955284,138074.2691710403
30,2002,GADW,42951,30112,72858,90127.94759787123,69636.11123929091,116649.92191036278
30,2003,GADW,130616,38761,136837,99187.22674113701,82352.00442045915,119464.07398134429
30,2004,GADW,64747,24384,148151,113779.71174687891,95365.0403619943,135750.19478901345
30,2005,GADW,84905,15854,411543,161101.36110436497,141776.9240214386,183059.75199288744
30,2006,GADW,212889,52942,456112,197350.19721297387,174123.7254440279,223674.8624616307
30,2007,GADW,246880,66163,477294,207163.61486739173,182855.73468949337,234702.85686036485
30,2008,GADW,280807,45720,422393,196962.72599123482,175422.23844369492,221148.2180028732
30,2009,GADW,231931,54081,328293,172596.91415752526,154402.8013785019,192934.9371302785
30,2010,GADW,170196,34090,244447,148309.758274718,130295.34818194176,168814.80963380847
30,2011,GADW,157502,34378,455751,168556.9344508164,149671.97545402258,189824.71545038477
30,2012,GADW,173376,39878,317751,174629.4988935003,155753.73791180612,195792.8091655993
30,2013,GADW,281822,69785,547969,217148.91590755843,191380.74412272603,246386.60433669252
30,2014,GADW,212697,43334,491388,255970.32339751718,227713.56449711256,287733.43654308456
30,2015,GADW,197568,46956,356857,258993.11348399453,232584.69377087895,288400.03073552117
30,2016,GADW,240815,30919,327781,256365.47312786564,230380.24652993106,285281.64546232315
30,2017,GADW,261345,40768,461745,272155.4917496127,240373.09994451847,308140.1858467922
30,2018,GADW,216658,42408,343056,242348.0366997543,215486.31800729004,272558.23680758465
30,2019,GADW,199727,35705,247386,194429.3318193742,170544.68057529748,221659.01008585226
30,2022,GADW,184103,25062,282063,,,
30,2023,GADW,184887,60892,199835,137158.31867625663,115280.25921460797,163188.42887988337
30,2024,GADW,124573,18947,208458,134975.62089825608,113539.10411580576,160459.41509532806
30,2025,GADW,156500,23272,202630,139754.58691559668,116065.21044230541,168279.0604481595
30,2026,GADW,154870,30605,304799,167848.4390732923,134068.16343590603,210140.1091602887
31,1955,GADW,50793,22933,844690,,,
31,1956,GADW,84119,15710,414848,60228.7808814392,44473.48583162266,81565.58854410947
31,1957,GADW,94580,52887,399228,54890.49199387352,42108.87498838364,71551.80736034064
31,1958,GADW,42036,16102,318945,50209.68812710892,39025.82958663269,64598.569934950254
31,1959,GADW,38533,18587,218670,43193.928653186325,33013.19617349677,56514.233359639395
31,1960,GADW,52544,13768,692558,62281.762826472346,47448.536692984424,81752.10978311351
31,1961,GADW,15358,7692,219363,50077.62091791328,39255.023776858805,63884.004530308746
31,1962,GADW,107504,35862,383369,53927.2130973853,44182.111139479304,65821.75992609387
31,1963,GADW,49051,22093,198501,50887.49905836942,39995.70819362433,64745.38587688627
31,1964,GADW,34809,15100,357343,57725.8554328179,47919.62492629625,69538.82444981288
31,1965,GADW,43358,14599,439897,67497.23374508132,56746.99561555727,80284.01352034124
31,1966,GADW,89587,27262,587304,75491.54126294225,63310.94652687728,90015.59943247949
31,1967,GADW,42556,16355,642054,80450.60039842746,67345.21003623537,96106.30215549124
31,1968,GADW,115418,47799,329573,73865.0146856959,61798.53017065174,88287.54307669855
31,1969,GADW,49263,15583,469731,72008.97832074933,61252.97181703413,84653.73687152505
31,1970,GADW,57554,20192,603695,76686.39720275566,64936.29367318534,90562.66046744236
31,1971,GADW,63989,18124,406953,74704.60563411361,63639.89813950116,87693.07095236317
31,1972,GADW,61728,10208,646164,75895.52815023216,64310.64592031304,89567.30430510725
31,1973,GADW,43734,13520,466551,77469.6735742994,66274.29264247749,90556.23356230138
31,1974,GADW,64149,23193,836676,81909.79553289725,68063.194792288,98573.31300295105
31,1975,GADW,79463,24952,806149,88855.15378645407,74080.29692413598,106576.76443305491
31,1976,GADW,64832,26563,398981,81456.64170009119,69537.01447981811,95419.46151546064
31,1977,GADW,135316,38570,254673,71046.54610278607,58885.98331317926,85718.39050882592
31,1978,GADW,80564,25499,393614,73941.10923251726,63128.26656942144,86606.01552432515
31,1979,GADW,89759,24976,697459,87896.86666953265,73492.18364958961,105124.90970683984
31,1980,GADW,60880,17685,311330,78569.67059664996,66483.93209031317,92852.40724450964
31,1981,GADW,69434,27196,160516,59703.79558049254,47328.31935259536,75315.22892586656
31,1982,GADW,71751,21146,629722,74144.4498969563,61903.50248897719,88805.95167456243
31,1983,GADW,60046,24161,715446,84988.30778759801,70407.5356432798,102588.62768887308
31,1984,GADW,87085,29533,548332,77161.8746466714,65180.47272167668,91345.68453365265
31,1985,GADW,76677,38157,737129,80892.8398612009,66837.49786107328,97903.89751590283
31,1986,GADW,90556,34982,402474,72672.7786538079,61907.87468300228,85309.54719909687
31,1987,GADW,95034,32125,260876,64775.65330076273,54483.69057580823,77011.76657081422
31,1988,GADW,90201,36420,378725,76935.42537607325,65660.38917907045,90146.58231243111
31,1989,GADW,93549,33599,220599,76258.70036244493,63654.64646445087,91358.44284700994
31,1990,GADW,63946,19804,284859,84393.28195812619,71897.85885611032,99060.33577324668
31,1991,GADW,95471,23906,213222,83688.0770302009,69935.02968423493,100145.72480537096
31,1992,GADW,107222,41277,376385,96235.7366312021,82775.82578964699,111884.32029038647
31,1993,GADW,63798,32514,189633,85074.78329394094,69711.12591091804,103824.44205190285
31,1994,GADW,104617,42344,564677,106848.97704770851,90976.00663460825,125491.37204928386
31,1995,GADW,85846,29789,680902,131411.4825710861,111062.46367733536,155488.87697738837
31,1996,GADW,125519,33514,666917,142769.20591380083,121277.29066527884,168069.7684244429
31,1997,GADW,182670,50600,497368,143096.6911091597,124172.14788341217,164905.44260872598
31,1998,GADW,162912,51409,284623,128433.10805472943,110261.64314415633,149599.28742429602
31,1999,GADW,126654,38681,344405,127844.64013372191,110897.55659174736,147381.5340322579
31,2000,GADW,67140,22205,272859,120278.07756553282,103210.14804483831,140168.54172687948
31,2001,GADW,58126,19901,202365,104413.99136478073,87121.28216745923,125139.13158175063
31,2002,GADW,22257,10536,127377,88003.5647331329,68979.96869270678,112273.57090055547
31,2003,GADW,145389,75369,275468,99089.59872172296,84277.72775696107,116504.66660832679
31,2004,GADW,154579,68600,277817,112860.10181461117,96388.93136828017,132145.90514483125
31,2005,GADW,95215,32077,527635,139091.02356214053,121069.99183598241,159794.45064944777
31,2006,GADW,169884,61272,624197,164121.46529031516,142208.56940344078,189410.9158262048
31,2007,GADW,244428,79245,1076681,191513.68276242827,156572.40385163948,234252.5871927077
31,2008,GADW,208830,41688,382709,157246.40620645412,136953.29412800784,180546.4587199619
31,2009,GADW,202817,65579,437833,135695.91160674885,119287.6572708946,154361.15393708332
31,2010,GADW,173242,55972,761893,146687.91405720086,124878.38938955338,172306.38732319177
31,2011,GADW,132719,61612,586465,145183.98619734024,126184.92577540367,167043.64422789193
31,2012,GADW,141097,46873,392778,135986.07076783502,119027.81549252376,155360.42030474922
31,2013,GADW,128942,29755,459849,149186.06130339808,131072.99116234586,169802.18952701378
31,2014,GADW,119133,30499,405130,166555.30763689463,146063.0071407615,189922.630274802
31,2015,GADW,173773,63688,397514,179686.58143997463,157377.61546410157,205157.9410094029
31,2016,GADW,195087,52285,384075,183987.76507616084,161093.5829689242,210135.6061107082
31,2017,GADW,179001,54939,477636,185503.42297033395,161009.68893153637,213723.2868535191
31,2018,GADW,140991,35796,346804,161671.1543540506,139801.71984955997,186961.66383573657
31,2019,GADW,108372,35314,247444,128860.732968318,108388.43264448208,153199.82119860928
31,2022,GADW,84063,29265,457794,,,
31,2023,GADW,110340,32333,329244,102537.47089949659,83618.32362816953,125737.18871975991
31,2024,GADW,60786,14569,252485,91641.44793583087,73444.9852827875,114346.20004946458
31,2025,GADW,106725,29407,219272,87543.7621016491,67900.035272068,112870.49045264389
31,2026,GADW,128127,44552,433399,108117.66837872642,81001.17202023446,144311.86517563212
32,1955,GADW,211435,42336,958005,,,
32,1956,GADW,195299,32905,729674,149840.1912030758,117792.81895242912,190606.5505473779
32,1957,GADW,111580,20366,344416,92628.63219380387,75500.72188767754,113642.13861239054
32,1958,GADW,31242,6787,368032,94872.78278192908,79312.67528179081,113485.57945886838
32,1959,GADW,43888,10164,160002,61826.01420761354,48238.57772574615,79240.64541313973
32,1960,GADW,71411,15066,394964,103945.76807340594,87720.16428784098,123172.62271552719
32,1961,GADW,50301,23459,252231,97024.7571628812,82223.94099025625,114489.81147269052
32,1962,GADW,116318,35298,311113,113631.01220448993,97798.24365394392,132026.98179637743
32,1963,GADW,133553,35274,268896,120187.8038822097,102929.81698855583,140339.3945957814
32,1964,GADW,109254,25888,322555,143806.94079334041,124822.62734002518,165678.5845726867
32,1965,GADW,305983,91349,610148,215713.95762481718,189674.53072550727,245328.20161027438
32,1966,GADW,299493,55277,595118,247516.9607370295,219319.79977259343,279339.3296730154
32,1967,GADW,216883,50508,688814,277745.1379956044,245725.07114113288,313937.6919170385
32,1968,GADW,343949,113896,404228,238855.1246571785,211500.17458882005,269748.10156025307
32,1969,GADW,231684,56326,781769,298018.3592945282,262590.35847539693,338226.21284445946
32,1970,GADW,240494,62188,733388,318007.6085727666,280951.00747732,359951.86498248694
32,1971,GADW,302246,62666,495343,277957.14891054697,248568.85862769163,310820.0160592154
32,1972,GADW,238130,46122,357204,241099.03827309978,213645.27651835437,272080.6525821776
32,1973,GADW,212209,42428,326802,229810.14658675782,201923.42495385473,261548.17593004042
32,1974,GADW,316790,81634,755035,316591.2424027212,282106.04664627713,355291.9760411001
32,1975,GADW,428605,58168,785676,360521.80983233784,322242.53912829334,403348.2845448828
32,1976,GADW,375849,55257,553390,321589.1035819375,290196.6003577087,356377.54341420525
32,1977,GADW,290234,68728,265677,231188.17779703005,202132.6066244085,264420.34487006447
32,1978,GADW,244798,43963,566432,293845.9779826981,262926.3714687499,328401.66733473097
32,1979,GADW,343537,69031,660383,340423.71725342923,302895.85616521287,382601.1644260729
32,1980,GADW,201733,45259,358224,255913.36328316512,228133.6231133832,287075.831318173
32,1981,GADW,148319,34265,126223,137600.38876092574,113680.68879041921,166553.06357321795
32,1982,GADW,358214,80232,704505,263871.4062894999,230326.28523382358,302302.09715974436
32,1983,GADW,284034,67018,711918,297534.59579334705,261607.01205129232,338396.2646863353
32,1984,GADW,175191,44733,266938,167109.17482391282,145503.46515486093,191923.10149182822
32,1985,GADW,287525,59907,722930,243370.1570217098,214577.24775608265,276026.62420248473
32,1986,GADW,218725,36475,615206,251154.25399051132,222164.96174684435,283926.22671709955
32,1987,GADW,227424,60323,347497,191015.11140253558,169216.50125287255,215621.83660562887
32,1988,GADW,109322,41910,149146,123383.56162154542,103526.27803879054,147049.65315872323
32,1989,GADW,128863,35954,222911,152729.0007717769,131964.17366405056,176761.21502589225
32,1990,GADW,194471,40608,277138,191637.19459748955,169131.5749550492,217137.54136657564
32,1991,GADW,205386,55709,437338,257995.54977226138,230444.73951242457,288840.19588870974
32,1992,GADW,210786,43195,349776,240909.1812332082,215430.48272623736,269401.21410862147
32,1993,GADW,110073,17991,337279,228887.24986398223,204298.95037350882,256434.86202213154
32,1994,GADW,282926,42661,742871,343057.90799440106,307986.44565163756,382123.0768402459
32,1995,GADW,193079,34843,343488,265557.7065625928,235856.49037164374,298999.17277520313
32,1996,GADW,411963,44858,1041421,451975.366734612,402793.5060365972,507162.4270832367
32,1997,GADW,459812,64850,972050,532641.6524874831,476607.5524313511,595263.6052813303
32,1998,GADW,675979,137725,344989,342058.9766625342,306312.56250835076,381976.96678610845
32,1999,GADW,519725,69164,807043,463564.9346425687,416997.72428178985,515332.42537542846
32,2000,GADW,268393,45906,322493,322710.4910978183,288785.3540580143,360620.99272414594
32,2001,GADW,304414,63160,378874,300655.6649376374,271168.4514381453,333349.3567547702
32,2002,GADW,148725,54828,193792,216616.66699781409,186675.1934905811,251360.5559680827
32,2003,GADW,526912,96763,851096,398833.2149416342,354294.23580487637,448971.27095312014
32,2004,GADW,336680,86407,372215,334551.59652331483,298350.3162393353,375145.4737742369
32,2005,GADW,338690,74911,550857,391171.42487050453,356029.3816369435,429782.17958217836
32,2006,GADW,574467,122186,636964,462068.4417721673,421714.63848346117,506283.69375451986
32,2007,GADW,537451,91776,600079,463904.07144979684,423465.78797002224,508203.95323868067
32,2008,GADW,301359,74089,251415,298750.22024375584,257607.55304516605,346463.80915719585
32,2009,GADW,369175,72461,640724,392208.69512399985,354785.0844772857,433579.8410395663
32,2010,GADW,370200,64878,766013,446133.4528891415,407886.2134772524,487967.1124208956
32,2011,GADW,460758,59236,924670,491986.370071085,447488.32280677144,540909.2841071559
32,2012,GADW,509753,61266,880236,519678.1303549907,475786.70583973516,567618.5480899671
32,2013,GADW,557627,74506,888564,580205.7328763126,533383.709665345,631137.9338408225
32,2014,GADW,618358,73104,867290,655883.7275688063,602681.7012595688,713782.1891563893
32,2015,GADW,631981,56819,770225,689950.2112734547,634849.0924302482,749833.7789442254
32,2016,GADW,607399,76675,503192,587225.8800176207,538079.3724275605,640861.2777827545
32,2017,GADW,643061,67631,584358,587751.9471228392,540525.7144762332,639104.3794862385
32,2018,GADW,545917,64080,554663,541152.4301409657,493751.39559739153,593104.0504567231
32,2019,GADW,427894,67038,359802,397151.44942637463,354187.81063484336,445326.6573424917
32,2022,GADW,283793,41953,383770,,,
32,2023,GADW,346156,54332,564886,362907.6359050749,311539.7340092098,422745.2803638748
32,2024,GADW,262964,34151,338242,294335.1218260597,257674.97741358873,336211.00818535563
32,2025,GADW,355054,53743,330774,284451.743330434,246683.50117161122,328002.45618142985
32,2026,GADW,278012,44273,359149,310888.73821846204,261407.2004183296,369736.5925513745
33,1955,GADW,42406,9246,213286,,,
33,1956,GADW,33944,10173,103113,26358.92871888333,17828.24959041813,38971.471634578855
33,1957,GADW,16962,4067,72860,19555.322221132374,13608.038487902348,28101.81845916144
33,1958,GADW,12722,7265,108156,24726.888207198823,17734.532651384707,34476.18341177819
33,1959,GADW,14135,12006,79415,21709.477933436687,15894.01226216458,29652.7663605935
33,1960,GADW,32511,10254,90004,23153.89228987513,17266.583445985183,31048.570196195553
33,1961,GADW,10329,5448,80336,22749.67787995752,17283.98828126135,29943.77427361105
33,1962,GADW,8263,6154,45186,17439.520294063746,12907.436580075078,23562.91787298421
33,1963,GADW,20607,8301,43277,17227.313957047612,12784.342332063618,23214.361635979585
33,1964,GADW,18500,7263,64668,22334.293581021742,17449.06556822372,28587.242555364417
33,1965,GADW,13997,3923,112182,31717.44241898337,25563.720537433142,39352.493786201354
33,1966,GADW,47512,18626,132956,37649.562397393966,30489.574259217996,46490.959062398455
33,1967,GADW,45348,7219,194890,45548.9656909353,35956.79583951018,57700.03213785425
33,1968,GADW,55113,16765,65120,30898.61872687064,24727.471643444816,38609.87702240944
33,1969,GADW,59708,18283,140011,36443.83691502383,29784.009778713404,44592.82880165058
33,1970,GADW,48920,17211,102559,34690.56351048403,28622.44503738243,42045.15704731641
33,1971,GADW,36289,22277,120441,35052.688261250834,28894.961587258287,42522.6713186649
33,1972,GADW,21588,5944,63142,27814.67754921624,22319.49374345224,34662.806247289445
33,1973,GADW,67062,38516,85656,28779.716086677792,23575.77242579008,35132.34022923102
33,1974,GADW,24234,8283,122930,33871.13729862375,27898.93212891102,41121.786905719884
33,1975,GADW,36146,7622,192745,41809.069936525826,33441.229281181564,52270.755786509355
33,1976,GADW,26162,10067,96831,33535.625414885064,27635.85366418105,40694.89532089734
33,1977,GADW,6625,2119,44546,22463.76998838534,17328.646683804447,29120.6215522131
33,1978,GADW,38906,9598,161583,35229.91110956308,28340.452552678962,43794.171405014946
33,1979,GADW,29799,5988,130155,36661.01034599444,29874.470905351078,44989.23792984633
33,1980,GADW,16061,4752,48114,22049.85147295132,17244.453312947,28194.338269580363
33,1981,GADW,19924,7627,28420,14479.118211770676,10504.04240383917,19958.493704652712
33,1982,GADW,34035,18924,119019,25684.51437004673,20778.04172412064,31749.588685218423
33,1983,GADW,21969,7493,95962,25167.74026040559,20494.902868401357,30905.984472452787
33,1984,GADW,16518,7725,35218,13700.292247570731,10173.543237301628,18449.620087193
33,1985,GADW,23127,12569,108016,21514.174981873206,17464.23103153825,26503.29833101677
33,1986,GADW,9262,3142,112817,25406.432526168857,20723.15478511872,31148.09595353186
33,1987,GADW,39750,14897,150913,32036.114716396045,25712.942070339246,39914.24409212098
33,1988,GADW,14622,6893,37148,17081.949944176617,12853.486232907244,22701.468582765716
33,1989,GADW,17792,6653,71109,23077.67050529254,18637.2736286607,28576.007766062998
33,1990,GADW,35195,9898,56782,23765.114517668288,18944.35398489918,29812.61163553441
33,1991,GADW,23822,6151,157120,41446.3223579314,33312.03283066878,51566.881124590844
33,1992,GADW,3419,1334,34489,21025.397058327933,15663.282277269322,28223.15997598259
33,1993,GADW,17528,5968,93982,29943.327593876118,24652.169268371592,36370.140803167065
33,1994,GADW,52399,13478,178041,46664.57815548218,37848.21115854775,57534.63077309304
33,1995,GADW,29300,15055,52691,28460.46760660595,22339.796857613084,36258.083345580235
33,1996,GADW,61377,15365,197625,51309.44470824187,41417.11647067854,63564.51971087688
33,1997,GADW,67307,22011,163437,58260.633439291385,47912.555424823826,70843.67299242124
33,1998,GADW,54608,19119,49289,34044.4294526998,26668.548863059594,43460.30159763566
33,1999,GADW,45218,22445,93533,41082.4080159095,34050.517138690324,49566.47916715257
33,2000,GADW,20771,6955,36607,27657.15391625874,20890.448437273073,36615.688985538814
33,2001,GADW,36391,17684,41981,25407.12623308808,19515.491730907263,33077.41728084362
33,2002,GADW,10179,5137,68500,31290.276453892096,25489.20110146217,38411.615831491465
33,2003,GADW,75903,20545,258746,61261.05129796877,48113.67222775373,78001.03863133403
33,2004,GADW,68666,38402,156775,59016.383886214346,48512.280551889075,71794.88425162058
33,2005,GADW,65987,19297,115679,52300.61760729672,43925.95825159829,62271.93921273527
33,2006,GADW,66430,23061,87593,47536.12574757552,39676.51631013349,56952.662714296384
33,2007,GADW,38519,14687,144895,59707.838078437206,50119.52979971138,71130.47433300951
33,2008,GADW,50606,39110,51422,38304.011641905454,30169.058114221985,48632.519527402066
33,2009,GADW,48309,12334,109183,46145.39872015381,38844.225527696275,54818.90278707432
33,2010,GADW,42391,17651,189975,62127.900684215805,51323.95745307755,75206.12663114762
33,2011,GADW,67999,23432,227698,72051.15332001548,58336.20462932517,88990.51159963047
33,2012,GADW,63082,20382,135196,62100.82009597721,52622.88707899795,73285.82809991966
33,2013,GADW,54846,13161,99533,57797.81942158805,49027.53102428231,68136.98059231204
33,2014,GADW,67962,20037,123776,71653.81186979705,61051.30924049154,84097.60280893416
33,2015,GADW,61259,18546,106691,77418.68667402741,65883.601098256,90973.36736940882
33,2016,GADW,37592,11389,58942,61512.73480953214,49577.761644275844,76320.84261683685
33,2017,GADW,81495,21078,125860,81636.14910103928,68892.17126275464,96737.56419475985
33,2018,GADW,68519,16167,122674,82703.91515041883,69551.30124041226,98343.77587796134
33,2019,GADW,80975,21142,109404,72112.73230949978,60230.8230928342,86338.62022981816
33,2022,GADW,71769,22111,88260,,,
33,2023,GADW,90227,19759,140805,65466.55260029947,50422.000524271374,84999.98938567918
33,2024,GADW,43084,8988,91405,56972.59304038191,44420.75205568904,73071.17073740017
33,2025,GADW,69590,25578,62774,47342.49003234753,35461.04753538093,63204.883054474856
33,2026,GADW,38657,12976,48899,42617.43495954821,29716.788750667223,61118.5070422706
34,1955,GADW,10358,2771,1198551,,,
34,1956,GADW,38347,10893,746712,34728.590730340446,24031.017954964977,50188.261536640595
34,1957,GADW,43504,14572,636051,31152.353292017382,22490.36975188057,43150.42955438822
34,1958,GADW,22788,6888,466716,27642.412205978664,20549.36834522468,37183.768363507996
34,1959,GADW,48683,34955,169001,19492.20676502028,13746.82876091097,27638.81991828378
34,1960,GADW,25895,10216,487277,25391.53633370474,19387.481030341147,33254.97089471571
34,1961,GADW,17609,8611,58913,16521.031463778585,10380.671400222263,26293.528626801337
34,1962,GADW,42986,17394,269424,21171.350718309102,16406.637045627987,27319.802954810286
34,1963,GADW,33146,9595,239079,26226.070988329568,20585.270081502204,33412.57106473239
34,1964,GADW,38325,15536,481798,32219.5986427197,26154.035964690516,39691.8677522446
34,1965,GADW,31074,7484,435059,36467.139295937144,29978.512690553915,44360.18097883533
34,1966,GADW,25235,8609,569686,39776.802165095076,32759.824072064766,48296.77921958971
34,1967,GADW,34433,7952,545139,42256.531028688376,35042.2051188853,50956.10874146109
34,1968,GADW,18160,7431,123577,36122.14777951208,26845.77158040368,48603.91351751526
34,1969,GADW,13694,4021,267136,34362.32061925986,27910.370379039647,42305.74737293902
34,1970,GADW,28677,6461,721304,41901.785161640095,34546.22900963233,50823.48059589061
34,1971,GADW,16702,3812,608658,46536.08898800219,38954.96064204884,55592.60085509249
34,1972,GADW,39605,7760,545974,46179.29424339017,39035.68412027348,54630.1996462274
34,1973,GADW,37671,9432,227611,43133.757487146395,35114.161314802775,52984.920194452534
34,1974,GADW,44269,8201,943095,46785.64839762171,38127.417154287825,57410.04923381544
34,1975,GADW,37500,13146,763930,55694.92300511972,46428.95118090369,66810.13397136658
34,1976,GADW,95754,20232,656617,55739.68597453782,47047.46344605057,66037.8342416439
34,1977,GADW,31702,6721,338738,52029.0325984854,44193.15818867219,61254.28333447627
34,1978,GADW,52422,11656,545474,53777.184845277225,45725.009143806245,63247.348967995844
34,1979,GADW,56821,12665,667777,60486.96344290259,50558.90710535566,72364.5536664592
34,1980,GADW,57644,16079,273319,52969.07107105218,44703.58282922163,62762.810328843385
34,1981,GADW,43161,15469,97262,37947.21549610684,28819.50243229014,49965.857921771974
34,1982,GADW,54689,10083,247506,39732.501556053365,33195.54577363762,47556.73217927604
34,1983,GADW,73589,25962,464631,48843.734279754586,41648.84003235069,57281.556377996974
34,1984,GADW,40583,7407,260341,43817.80698091043,37013.72232737583,51872.6593244113
34,1985,GADW,60166,11960,560424,49974.67880330697,42323.243376008446,59009.384023470804
34,1986,GADW,81824,18814,529120,55993.45718077516,47520.98346097034,65976.48067680126
34,1987,GADW,47255,16204,251539,49740.95143175743,42157.55681759665,58688.46385101071
34,1988,GADW,36425,9930,213804,49320.01558314041,41413.84205339515,58735.52939099493
34,1989,GADW,27503,8809,63931,39492.353633070044,28453.603510462002,54813.65461868478
34,1990,GADW,99779,20369,453632,64224.74827274909,54230.440513160465,76060.94015955836
34,1991,GADW,50175,10270,257812,72358.70530836024,61959.03004136958,84503.94123998113
34,1992,GADW,71164,13814,378313,76498.11335121877,66560.82123529063,87919.00757368057
34,1993,GADW,63138,19577,202973,69083.54294527996,57826.98598130221,82531.29269810974
34,1994,GADW,37212,7930,472266,80757.08007132258,70422.38820627806,92608.41825674703
34,1995,GADW,106730,21537,560989,96823.80332748426,84417.42332902686,111053.4830500544
34,1996,GADW,82112,11950,572991,107090.336702695,93603.35093853007,122520.61598337347
34,1997,GADW,127455,25173,578141,116840.21737948954,102449.63600460572,133252.17081954927
34,1998,GADW,168070,39451,403037,115360.43734769958,102041.27088630524,130418.11797777761
34,1999,GADW,125620,18027,614884,123001.1114683128,107309.62720433346,140987.1026169155
34,2000,GADW,142876,24599,348144,112362.57344437367,98828.99062120248,127749.43699904249
34,2001,GADW,107523,17642,480083,107512.56140489344,94612.92040456273,122170.95519739977
34,2002,GADW,86687,35708,157284,87188.20489089681,70907.25675681834,107207.406121603
34,2003,GADW,120914,22965,333625,89869.59215466249,78637.42854748991,102706.0999224799
34,2004,GADW,82495,17840,281582,99591.66919416074,86204.65964047992,115057.59217940958
34,2005,GADW,64903,10933,528010,119161.46308314621,105461.55633759276,134641.04624686338
34,2006,GADW,124798,24242,653893,142542.7731625854,125055.87766624695,162474.9076977155
34,2007,GADW,165124,29308,488059,142429.22720312502,126554.66166435713,160295.0416435966
34,2008,GADW,124081,24248,381112,129554.42249572587,114438.88290138518,146666.48225380294
34,2009,GADW,108892,36556,415188,122470.86060418084,108591.0495378731,138124.75117387535
34,2010,GADW,112387,26824,539068,125242.88173017674,111265.47952935679,140976.15442299363
34,2011,GADW,107552,19748,580653,131913.63724597127,117036.94319477456,148681.3241738752
34,2012,GADW,119897,26001,590340,143567.28670710194,127753.66540605856,161338.35179543687
34,2013,GADW,136416,26258,511762,159073.9759134286,142424.01965012497,177670.3808463523
34,2014,GADW,283763,44683,489857,179779.973425344,160955.62154411638,200805.90248883335
34,2015,GADW,231437,41211,597424,209356.02068288016,186825.552633352,234603.57953383113
34,2016,GADW,222281,32557,610225,227825.71320987327,202859.46801354256,255864.59487373967
34,2017,GADW,210441,34719,510220,217816.61015118528,194421.92853169565,244026.36068913827
34,2018,GADW,179890,36422,406454,190765.15918956135,168332.35915993535,216187.46474076717
34,2019,GADW,212079,49200,242083,152341.7741029191,126503.69599691423,183457.21801986668
34,2022,GADW,144434,22411,539452,,,
34,2023,GADW,139276,28766,578161,146152.33043787055,121730.09764034166,175474.30016470782
34,2024,GADW,101735,23827,336424,130894.6309605569,107772.74807571851,158977.15071961298
34,2025,GADW,120692,27785,482120,139754.925122946,115082.1830529044,169717.3148613409
34,2026,GADW,173431,44310,564512,159351.74473216396,125411.69383911669,202476.96025667197
35,1955,GADW,16011,4878,732851,,,
35,1956,GADW,18691,7114,452487,22819.84616854046,14883.681795966917,34987.67215629126
35,1957,GADW,15122,4075,299313,17274.924480786936,11915.98836374512,25043.916350644984
35,1958,GADW,8895,3092,343959,18850.02803210187,13246.936250114162,26823.07441526067
35,1959,GADW,7116,4648,77376,8523.866556061193,5597.094826484299,12981.073810245965
35,1960,GADW,13343,3303,270172,15655.518276545172,11520.081111959746,21275.479757932484
35,1961,GADW,5337,3662,41837,7341.36074732758,4659.822873820155,11566.014220239706
35,1962,GADW,8006,2363,59938,8107.063139392175,5520.881881845909,11904.705471459261
35,1963,GADW,24017,5595,129744,13642.41686187826,10292.475100166597,18082.6804069944
35,1964,GADW,50703,17601,393969,26884.669091700373,21050.00201945646,34336.59680897706
35,1965,GADW,16011,5065,332170,30660.554275188475,24511.29374368917,38352.50796191916
35,1966,GADW,24314,7045,388506,34415.228721768006,27666.596857438555,42810.03457254486
35,1967,GADW,18399,8543,298965,33515.42221185059,27316.130205763944,41121.619994386514
35,1968,GADW,10304,6514,58512,18930.684519776714,13420.938091436714,26702.367147939814
35,1969,GADW,22401,7613,179628,24468.48478139884,19647.252638208658,30472.79731789177
35,1970,GADW,54111,12493,518056,40649.38276077755,32868.4035583063,50272.36311921884
35,1971,GADW,32599,8937,391727,42419.53793090225,35033.130964130825,51363.29950393567
35,1972,GADW,46221,10980,302777,38789.390289423405,32459.679286953793,46353.40927813636
35,1973,GADW,20219,4306,117041,28271.23283490603,22346.274237749098,35767.152837285554
35,1974,GADW,58051,16299,460946,42038.446655024265,34635.50826697595,51023.67730668845
35,1975,GADW,41978,10182,480885,51585.89109096686,42643.336675390936,62403.75090499878
35,1976,GADW,43445,12006,670848,61062.213804923405,48977.0964878501,76129.33844870003
35,1977,GADW,33666,10932,170320,39213.04435019402,32253.200921772474,47674.736251442446
35,1978,GADW,38105,14014,280655,42117.304390267396,35395.925662979156,50115.01453563447
35,1979,GADW,69059,14536,480873,56810.97388525011,46377.26344889587,69592.00508557407
35,1980,GADW,38701,12056,137210,35496.598213445344,28994.160650614158,43457.31886879373
35,1981,GADW,31259,12758,52607,19546.887465975833,14462.956454650785,26417.89116945444
35,1982,GADW,48308,12040,210367,31614.947753961096,26214.186159409466,38128.39793719562
35,1983,GADW,59249,22918,323346,43036.95255016533,35805.07579186161,51729.51722186209
35,1984,GADW,15793,3055,131871,28003.693866273417,22894.202871037753,34253.51275925043
35,1985,GADW,21744,7718,207783,31453.26231993586,26344.25595668055,37553.070855122096
35,1986,GADW,40180,10692,346258,44521.283158199236,36876.47613740993,53750.923669242264
35,1987,GADW,33413,12227,184291,37164.37409707076,31085.486054744568,44432.012405873684
35,1988,GADW,16511,4717,63390,22528.87882332378,17248.822109159977,29425.219752627185
35,1989,GADW,13836,4732,73088,24223.89749587562,18856.028306048676,31119.87319739306
35,1990,GADW,22266,12610,97383,31285.620453722964,25279.083627118045,38719.36426225574
35,1991,GADW,34575,14696,144762,41543.36286188425,34845.61343222034,49528.500946932916
35,1992,GADW,80179,18736,229072,55445.35625779898,47321.40321658218,64963.99771756988
35,1993,GADW,34758,8599,96326,38575.2370266147,31260.319476086315,47601.84593755802
35,1994,GADW,29135,4854,287995,60503.49901764967,51901.76974851716,70530.80099418615
35,1995,GADW,57370,11583,331352,76393.63604931634,65790.91330894298,88705.0708876862
35,1996,GADW,87070,10293,381601,89099.00082617505,76485.01175849845,103793.30231770093
35,1997,GADW,110668,27655,319462,90496.49551048856,78603.06435703431,104189.52195655683
35,1998,GADW,124523,40279,241799,82906.50401334447,72509.9129356766,94793.77549125125
35,1999,GADW,119531,19309,362340,97579.00719843198,84263.0880938808,112999.21307445066
35,2000,GADW,85787,16050,209192,77866.62729023308,67787.25926314872,89444.70851106122
35,2001,GADW,92197,11165,292752,80811.53287448923,70174.29340452078,93061.198463082
35,2002,GADW,48897,16031,15108,22479.32440326292,14442.491731890905,34988.424089682485
35,2003,GADW,76826,11555,287201,58049.40148383842,48649.563794306065,69265.43117384033
35,2004,GADW,44619,7989,224794,75410.63418464437,65813.77701184711,86406.8893524616
35,2005,GADW,73332,14415,281204,86770.34886851952,76019.03044981534,99042.21874725155
35,2006,GADW,53892,10506,260191,91513.09186465305,80315.6742436952,104271.62644763377
35,2007,GADW,84861,13574,213295,85119.58522992022,74489.64903939706,97266.45088476174
35,2008,GADW,45535,8476,119297,63236.98694416007,52900.50485132214,75593.16360051573
35,2009,GADW,82709,27563,279243,81040.11024736498,70634.18950849838,92979.04477427178
35,2010,GADW,44860,10453,166660,67911.96314452717,58426.798278755414,78936.97539508338
35,2011,GADW,93486,20597,375711,90866.45723017055,78499.31464950206,105181.97625582437
35,2012,GADW,137105,44728,361262,103979.4285818673,90432.31634327774,119555.95085246678
35,2013,GADW,140787,37921,338206,113134.11172194513,99031.48115010417,129245.03487646866
35,2014,GADW,152596,35821,366144,132998.39801143805,115872.27648716312,152655.78971833276
35,2015,GADW,166805,35468,342781,145115.82234514764,126629.83187745536,166300.48056359804
35,2016,GADW,170040,42045,203441,120593.36654140138,104929.84947020274,138595.07210975786
35,2017,GADW,120626,23604,289242,129535.81757137846,112914.9522652806,148603.2425047117
35,2018,GADW,66429,13994,162021,96670.45273658402,82077.51652718242,113857.93366690367
35,2019,GADW,78338,15251,166272,82690.78197846816,69853.868648831,97886.71059272799
35,2022,GADW,87396,12457,283909,,,
35,2023,GADW,95840,23921,304188,86555.12838979565,69930.89950365579,107131.32969471323
35,2024,GADW,56354,9051,227039,76063.74428421154,61916.424195415275,93443.59383987711
35,2025,GADW,62834,12858,209939,72989.50669535233,58466.194401176195,91120.48667090444
35,2026,GADW,90629,19810,195145,72924.85804456675,56352.82104855101,94370.34068336055
36,1955,GADW,0,0,69259,,,
36,1956,GADW,0,0,54593,390.5110674242662,173.3362469426782,879.7865216919731
36,1957,GADW,0,0,82296,483.70716033887476,222.55995823358276,1051.2790297953652
36,1958,GADW,0,0,31778,368.89452829252394,171.53520298940902,793.3250471774346
36,1959,GADW,0,0,45630,411.6618573937401,204.30062099845713,829.4907964775291
36,1960,GADW,0,0,16413,330.52337830245204,147.08018292779477,742.7629027229126
36,1961,GADW,0,0,33134,410.02451832702417,210.98472070525105,796.8354536164474
36,1962,GADW,0,0,25166,456.4155537164172,231.99638700309973,897.9241459974996
36,1963,GADW,5049,,47754,587.1835012998052,326.82280109158245,1054.958414918189
36,1964,GADW,0,0,77402,783.8444608394084,444.9272963811841,1380.9270498482417
36,1965,GADW,0,0,141807,1027.7329214392487,552.2029380101256,1912.7659146766168
36,1966,GADW,0,0,115818,1140.3904297921654,643.3041456405355,2021.579281238218
36,1967,GADW,0,0,128954,1207.373830789727,679.4080516777516,2145.6200933681057
36,1968,GADW,0,0,39765,1076.468391605456,640.8656733236269,1808.154573353892
36,1969,GADW,0,0,59610,1046.9517169788594,644.458560813894,1700.8198266474953
36,1970,GADW,2363,2363,79444,1174.5207588417331,722.8346162344997,1908.4573178529513
36,1971,GADW,1708,1965,69920,1234.429256000563,770.5384457875293,1977.5983877257243
36,1972,GADW,2285,2134,103819,1326.5633240535185,804.7875604539078,2186.6270543886058
36,1973,GADW,4815,1989,82621,1406.5561645406344,878.2173992055126,2252.745442981474
36,1974,GADW,0,0,141671,1541.5141269962864,895.1970251494973,2654.461238108212
36,1975,GADW,0,0,59721,1522.8566097008795,967.1831515034715,2397.77983115676
36,1976,GADW,1035,967,75452,1498.1090167211848,947.6690747099891,2368.2640764321004
36,1977,GADW,969,906,35568,1411.8399139472435,867.3615321159926,2298.109691067088
36,1978,GADW,1264,781,129904,1701.1709937390217,1003.2449080061976,2884.622415567877
36,1979,GADW,1560,752,67575,1786.8146746326279,1134.1884375670033,2814.9702251693884
36,1980,GADW,2752,1059,32444,1431.6593708441744,870.8907741194079,2353.5081723634266
36,1981,GADW,4446,2135,30420,1275.3225789281655,767.583271184406,2118.920176327352
36,1982,GADW,406,379,27028,1179.0549911768774,694.703004073752,2001.100706441628
36,1983,GADW,636,598,89234,1522.8792329531454,945.9138916105779,2451.7677335420008
36,1984,GADW,0,0,69312,1571.2393441855315,995.9142014931333,2478.9214502767595
36,1985,GADW,802,749,45424,1351.677103045866,852.1544668296008,2144.013863702252
36,1986,GADW,2159,553,94302,1665.8887994956406,1029.3457497764248,2696.067373754446
36,1987,GADW,1974,947,42082,1550.7909344605466,972.5480802807582,2472.8366351931372
36,1988,GADW,1311,807,108225,2110.9895805847964,1274.1191934795638,3497.5354206600405
36,1989,GADW,788,482,36639,1900.3362139232643,1175.4878137621113,3072.152415081555
36,1990,GADW,3678,1952,80723,2323.5482564189556,1456.4511691142325,3706.8709301053937
36,1991,GADW,3300,1575,28783,1973.929419817665,1185.4410475653337,3286.8756843068227
36,1992,GADW,1241,812,61938,2218.9612273175662,1419.77368764033,3468.009705491893
36,1993,GADW,5500,1730,48325,2249.740560000509,1437.0337762697013,3522.069328425793
36,1994,GADW,4626,612,45760,2187.9530034495288,1394.4895923831107,3432.896431390956
36,1995,GADW,3370,1380,79658,2612.56171537377,1659.9823933461378,4111.7777778824275
36,1996,GADW,4018,1476,76862,2939.1598391728335,1874.274138612452,4609.0699232513425
36,1997,GADW,1812,858,99934,3344.0068256576737,2074.6175845134967,5390.09296629837
36,1998,GADW,6688,6249,43021,2962.3982336044496,1884.5035676935381,4656.824982933597
36,1999,GADW,1420,1325,36786,2621.5374678316857,1641.731157771023,4186.104809374574
36,2000,GADW,3305,3084,45551,2606.5136840487608,1666.2823283163175,4077.2883860553816
36,2001,GADW,483,451,31052,2312.1545288489306,1419.0276488120535,3767.4097257739136
36,2003,GADW,815,761,43959,,,
36,2004,GADW,5566,3297,47008,2476.311081220726,1586.5897542460057,3864.966702681583
36,2005,GADW,1158,969,56798,2762.0010920250234,1779.0748881589454,4287.987022424806
36,2006,GADW,835,296,77005,3172.5908266643323,2018.3517777883142,4986.90697241298
36,2007,GADW,4332,2601,134038,3747.897424824532,2199.895463353265,6385.1829966480045
36,2008,GADW,2920,1674,71815,3356.9319156852703,2129.6698595837775,5291.426666830318
36,2009,GADW,0,0,29546,2420.669223273019,1452.3201037189667,4034.674913262154
36,2010,GADW,822,769,19728,1899.377651441631,1044.393410059524,3454.2878459854664
36,2011,GADW,1188,1095,55937,2254.0536301714205,1407.8828305223626,3608.7930455149212
36,2012,GADW,1258,1262,22828,2192.2848196958053,1225.1062827477247,3923.0169646092254
36,2013,GADW,1203,978,35970,2442.254399765359,1453.283501998773,4104.227802056396
36,2014,GADW,1449,1352,39537,2968.7243268602133,1766.0623170835458,4990.381168115202
36,2015,GADW,2327,1399,38671,3300.3643096789656,1934.5221739268225,5630.540049325242
36,2016,GADW,935,873,73023,3937.1756159751894,2308.58752935375,6714.647650968189
36,2017,GADW,2925,2615,85082,4240.425214324067,2417.8948323236145,7436.719644665124
36,2018,GADW,501,446,59503,3664.8868478861455,2081.4042157694134,6453.045259564726
36,2019,GADW,2290,1153,64861,3231.589586217917,1790.234220646348,5833.410585784504
36,2022,GADW,1216,,65761,,,
36,2024,GADW,1608,1415,49204,,,
36,2025,GADW,0,0,54091,2308.6597229540016,1076.1140901604595,4952.922524781088
36,2026,GADW,5626,1779,59449,2500.734220026599,1119.936732863932,5583.950821239684
37,1955,GADW,10682,7580,729650,,,
37,1956,GADW,2672,2557,481836,13963.237418320577,7786.8981695868915,25038.46781532158
37,1957,GADW,5341,3450,324959,11769.709119985982,6996.218624619522,19800.132071575266
37,1958,GADW,13353,6212,192648,9755.372968911384,5925.114218398234,16061.682231721428
37,1959,GADW,8012,5305,406415,12003.218838781391,7456.074555089819,19323.473957663624
37,1960,GADW,11770,7226,187237,10865.359042416689,6995.317114299475,16876.436792165136
37,1961,GADW,21364,10622,289760,11715.939018805315,7819.547252704095,17553.858638669593
37,1962,GADW,8012,5305,313547,13207.990162277098,8998.37342718511,19386.948712283072
37,1963,GADW,21364,7481,247712,13593.983665068108,9476.27298564304,19500.95698658249
37,1964,GADW,13353,9193,289576,14641.444272507886,10406.794048933943,20599.22483110098
37,1965,GADW,2671,2555,443785,16912.69598389911,11937.266140419528,23961.875531556543
37,1966,GADW,39672,20061,433194,18554.610379486003,13285.05960167625,25914.341121291684
37,1967,GADW,41428,35596,503289,19417.415493744375,13818.726253450439,27284.42676564063
37,1968,GADW,17558,10333,153852,18185.642385861833,13137.253281343888,25174.0285357902
37,1969,GADW,3363,2173,153143,16255.903103883698,11846.488397228186,22306.558438421744
37,1970,GADW,15872,10200,368228,17329.802867502127,12982.599022088543,23132.66141205764
37,1971,GADW,4590,2502,239925,18678.366716245608,14298.834609903693,24399.28796329378
37,1972,GADW,23022,11291,431494,18635.574852406782,13924.495469949858,24940.555356502744
37,1973,GADW,15528,10794,137602,18828.74837940087,13950.268814416298,25413.256923653385
37,1974,GADW,11788,4181,559526,18535.78806816271,13435.473540859455,25572.261242819197
37,1975,GADW,10724,5513,264223,20908.739302417976,16316.501719858154,26793.45038062967
37,1976,GADW,11121,3763,444044,20570.755091171708,15487.982823670109,27321.56729759942
37,1977,GADW,24741,10669,208171,20604.40196280061,16179.861621632415,26238.875842859576
37,1978,GADW,10753,4357,312549,20166.59757007001,15744.994143709408,25829.902116263347
37,1979,GADW,17462,8619,268512,20852.585438688428,16445.199283285452,26441.17058038651
37,1980,GADW,31127,9057,103244,17510.8932549198,13018.000583180934,23554.414568190987
37,1981,GADW,16429,4599,107755,15224.858690977775,11398.850882913583,20335.06048471033
37,1982,GADW,11990,3976,131121,14952.748346714337,11514.135884927435,19418.27726845326
37,1983,GADW,9402,3993,271728,16619.666692335933,13166.15244401795,20979.046242916487
37,1984,GADW,5696,1526,159056,15305.465492959931,12065.924092848145,19414.781010850125
37,1985,GADW,18594,4162,234600,15442.714227860159,12357.93949855543,19297.50689839768
37,1986,GADW,25384,12763,383751,18605.5541427703,14323.805375533459,24167.226228223226
37,1987,GADW,10611,4071,165172,17401.34875278234,13853.466102587892,21857.84670591526
37,1988,GADW,16436,5712,318522,20546.27856190681,16154.111469592697,26132.6389593197
37,1989,GADW,22762,7433,99091,18659.84155733275,14051.99629346829,24778.66344916483
37,1990,GADW,42362,10070,348462,23764.755666612342,18507.754456897266,30514.97215445894
37,1991,GADW,18969,10340,147119,23328.851204677503,18590.780849056475,29274.47227465996
37,1992,GADW,33557,8192,261941,24204.044276919292,19551.215717322786,29964.16017444924
37,1993,GADW,23812,8066,216768,24557.92936997102,19990.991262484276,30168.183609397423
37,1994,GADW,24083,4441,157912,22735.616636154373,18255.56404520314,28315.107796518787
37,1995,GADW,21732,18478,332102,26283.300436861926,20852.513187881035,33128.47116460902
37,1996,GADW,39866,19618,371207,30891.185348590894,24202.739304112834,39427.988718567736
37,1997,GADW,21911,11114,467509,34730.31284495352,26267.41906494182,45919.80001256417
37,1998,GADW,27506,9477,194941,32014.760504316633,26135.2872445796,39216.897849910696
37,1999,GADW,20750,9155,185633,28945.79043025591,23659.5897083944,35413.07325946668
37,2000,GADW,18779,3767,184022,27596.57256486807,22587.514549315183,33716.45054905427
37,2001,GADW,28860,9349,324705,28375.067027020104,22495.32003074891,35791.64144752462
37,2002,GADW,48837,9264,77842,23033.78922646807,16988.624936507433,31230.040577870903
37,2003,GADW,7408,3794,143102,21468.32555391661,17238.807483502897,26735.550155079352
37,2004,GADW,27805,10878,219877,25416.242677529117,20813.605839657776,31036.6880597021
37,2005,GADW,20792,6216,312438,29908.609714507147,23945.908580568106,37356.06573644946
37,2006,GADW,11935,5351,262458,31882.185186083123,25930.80226832993,39199.471027595166
37,2007,GADW,29553,15932,363365,33344.39259115968,26230.952664132452,42386.89046142417
37,2008,GADW,19362,7123,265560,31842.50330173397,25858.19275760591,39211.751030926076
37,2009,GADW,31129,14144,323996,29778.520610369695,23758.465932581676,37323.970843005285
37,2010,GADW,15586,5760,105458,24221.009478628752,18538.297198857093,31645.695064161122
37,2011,GADW,16716,4258,192078,23293.58954147614,18936.700044797824,28652.896885052785
37,2012,GADW,36014,19663,119516,24437.398665122284,18949.835632256392,31514.07036489489
37,2013,GADW,15000,5979,196320,27947.557822016137,22672.543089187813,34449.86233535548
37,2014,GADW,71403,11898,243717,34696.51620640737,28162.25389821302,42746.871085409715
37,2015,GADW,51440,18159,167806,37183.18614154986,29674.32252540627,46592.11109043562
37,2016,GADW,10041,4413,251910,39724.772551869784,31880.92740046234,49498.483355754
37,2017,GADW,20089,12804,250042,40447.24901521187,32218.201602671004,50778.12762717733
37,2018,GADW,9657,2746,189153,35698.28550966818,28019.425532422778,45481.57444752556
37,2019,GADW,18932,7426,187984,31182.31026942577,24122.06698093032,40309.003142533984
37,2022,GADW,22010,9721,247290,,,
37,2023,GADW,28200,17541,166486,23604.54935575468,16855.940051757883,33055.09799971979
37,2024,GADW,12757,3367,188837,23260.49622416693,16493.07573172157,32804.7171670877
37,2025,GADW,7049,3982,146848,23125.801038325273,15618.437275301903,34241.75314324899
37,2026,GADW,47745,9985,331839,28166.126542388305,18683.837066752178,42460.800828410145
38,1955,GADW,0,0,93203,,,
38,1956,GADW,0,0,83987,681.107465966827,279.471519060137,1659.9451055187071
38,1957,GADW,0,0,34139,443.43700884075275,193.71798432631707,1015.0651809302369
38,1958,GADW,1298,982,39585,462.18777299483304,211.60067700370806,1009.5314463581793
38,1959,GADW,0,0,42098,516.4407950480422,244.78674774442433,1089.565089807559
38,1960,GADW,0,0,37072,527.0962472464437,257.1967587476672,1080.225331042606
38,1961,GADW,0,0,36339,559.0386519189581,280.9864258888225,1112.2395444932345
38,1962,GADW,1298,1483,31865,582.4562789870391,298.6028216706489,1136.1423680906046
38,1963,GADW,2596,1964,53192,759.7355788618817,402.8141080237826,1432.9144344530255
38,1964,GADW,1298,982,38578,801.3979122490631,435.3735952901228,1475.1436943004876
38,1965,GADW,1298,1483,72625,1030.641341836232,559.814338669685,1897.4533200171318
38,1966,GADW,1542,1760,62849,1147.7462442130354,643.6081852848927,2046.7754624997772
38,1967,GADW,1917,879,70061,1238.3930020243206,699.4121086375654,2192.7233007879304
38,1968,GADW,813,615,27446,1048.1793780164596,594.8206436558179,1847.077804405698
38,1969,GADW,1634,742,36814,1055.603750215141,622.9685402352511,1788.6926955372064
38,1970,GADW,1012,1156,63095,1266.1576270639214,750.3609854885889,2136.5118490645727
38,1971,GADW,1902,1440,60509,1370.0212198076908,822.9255569339955,2280.8358871687083
38,1972,GADW,0,0,48055,1341.7987379902786,821.7133993808833,2191.0605992659075
38,1973,GADW,0,0,33592,1256.9549946921236,765.582538533498,2063.7041457448895
38,1974,GADW,1086,823,67189,1466.4298668832855,891.6038502543996,2411.85202808821
38,1975,GADW,1976,1498,53291,1563.5005760629701,973.0469543498574,2512.2467527608246
38,1976,GADW,0,0,61715,1644.7189867670836,1018.8259204986041,2655.1155511515553
38,1977,GADW,0,0,39203,1545.483466493659,970.8481481566889,2460.239688091535
38,1978,GADW,469,357,31702,1429.183210602055,888.1696334077185,2299.746098760335
38,1979,GADW,2316,1081,42125,1547.9720848226827,980.4344504621697,2444.0364924556898
38,1980,GADW,1022,1164,31621,1470.409974880217,919.1418460292855,2352.308845003182
38,1981,GADW,1238,951,23103,1263.2241746604595,759.3014833942208,2101.5832977348623
38,1982,GADW,1355,1027,25310,1208.3243608992918,737.6474854342821,1979.3299509224178
38,1983,GADW,0,0,34252,1295.3514894415655,820.1067909815549,2045.9963259055867
38,1984,GADW,755,569,36519,1324.3502963467438,844.814972578948,2076.080283093948
38,1985,GADW,2234,1855,29034,1218.5644616646282,763.4761030921094,1944.9192204158094
38,1986,GADW,4209,1459,70170,1743.02184669477,1092.468226332779,2780.9734734837
38,1987,GADW,4398,2391,37646,1647.8269661910613,1063.2786758129912,2553.7366376977993
38,1988,GADW,3407,1809,43372,1829.6299739109172,1189.5242824081863,2814.188739935744
38,1989,GADW,1755,819,38177,1992.3329958037311,1296.0604576760154,3062.658645790214
38,1990,GADW,585,445,35651,2098.579086185175,1366.9951200586715,3221.6897605199815
38,1991,GADW,4493,1629,32391,2117.60706300229,1376.264902588406,3258.282373432202
38,1992,GADW,2074,554,54005,2579.0368638291166,1697.6360523703565,3918.0548361366014
38,1993,GADW,4084,3101,55712,2765.1872003074695,1825.7556709227135,4187.997536866441
38,1994,GADW,2576,697,37030,2442.4680503226928,1623.4193939432341,3674.7436916820093
38,1995,GADW,4504,2410,65241,2986.029805365089,1965.1882324224014,4537.160283897003
38,1996,GADW,2410,1344,54466,3212.4497368142206,2158.631677599745,4780.729115878039
38,1997,GADW,4037,3112,84498,3943.4483312445172,2522.7846097634247,6164.134932888093
38,1998,GADW,3311,2879,44343,3539.816900807197,2417.81407371795,5182.492660393866
38,1999,GADW,3559,536,32579,3031.0826909372804,2046.3768607579354,4489.623810492429
38,2000,GADW,3221,1136,27548,2703.1083843472998,1795.1409321246535,4070.318272382466
38,2001,GADW,3766,1568,122896,4038.9493338509947,2400.589613313066,6795.460428116062
38,2002,GADW,3583,933,45849,3363.311915604175,2324.394025750095,4866.587556296366
38,2003,GADW,2723,1083,59636,3280.1856903283924,2255.860620152575,4769.628968613946
38,2004,GADW,2385,1383,32326,2922.583676962443,2009.1866700374082,4251.22039491148
38,2005,GADW,6914,2382,38400,3091.354674829676,2165.339131096343,4413.384300108555
38,2006,GADW,1396,1049,59072,3829.7480974842697,2667.4621888250367,5498.473624717015
38,2007,GADW,3524,425,39634,3625.353048468319,2553.666270978168,5146.790273814481
38,2008,GADW,2390,453,37256,3312.7566541564447,2324.2663332303546,4721.6433386982935
38,2009,GADW,2167,1644,44435,3287.456323064396,2320.855507854054,4656.6315910157455
38,2010,GADW,6735,2876,67179,3630.0190161552896,2485.9019684869804,5300.707036999171
38,2011,GADW,2847,1282,63388,3712.564978405308,2552.8658955416395,5399.084512411191
38,2012,GADW,952,1087,23823,2896.5771392399915,1878.359030871554,4466.7494263195895
38,2013,GADW,9189,5689,44812,3550.0362994593083,2454.430761012781,5134.696780885527
38,2014,GADW,6329,4769,40191,4201.742504665991,2875.698776936434,6139.252211361593
38,2015,GADW,5081,2262,37532,4524.300288079714,3051.5065612904523,6707.930225803586
38,2016,GADW,3573,1202,54347,5287.481661035147,3530.07111299336,7919.801449007124
38,2017,GADW,4600,1068,50874,5272.96842916349,3479.159571087111,7991.641511937632
38,2018,GADW,1897,1037,41640,4556.0049861210555,2952.40980943665,7030.589509361039
38,2019,GADW,2821,1135,51069,4302.713226273589,2722.6477319987853,6799.756314401505
38,2022,GADW,3578,1191,45758,,,
38,2023,GADW,2576,1293,28495,2708.323371527172,1504.9855674451876,4873.81118027064
38,2024,GADW,0,0,35220,2784.7177951764356,1532.7381569948952,5059.346349135177
38,2025,GADW,1023,714,37890,3028.54985824444,1619.9661464298924,5661.91723455831
38,2026,GADW,7096,1885,44076,3393.9520423681047,1747.4720966534,6591.756450906764
39,1955,GADW,8830,3137,317966,,,
39,1956,GADW,9603,3387,188970,11853.123575052474,7611.155901302503,18459.290587047555
39,1957,GADW,4991,1869,96530,8176.650383880915,5327.88541413427,12548.620381897541
39,1958,GADW,6910,2408,166418,10435.185128372246,7196.075209965877,15132.288849982384
39,1959,GADW,6143,2562,70074,7743.1405823157265,5213.545790692219,11500.08621474947
39,1960,GADW,9214,2911,164249,10832.496995110372,7830.379279002271,14985.607589116273
39,1961,GADW,13821,3882,117745,10962.158904218684,8105.863649753635,14824.938221727098
39,1962,GADW,9982,2927,74842,9582.356673324291,6954.042341912357,13204.05526745063
39,1963,GADW,20347,4299,162511,13093.527124023522,10095.215018505105,16982.347798762043
39,1964,GADW,26874,5472,253221,17741.234545399966,13626.297402753959,23098.820896957666
39,1965,GADW,18620,5607,245962,19736.40739994622,15393.700278814724,25304.23290056706
39,1966,GADW,16653,4394,242044,20735.67687507179,16345.925512338898,26304.31021741906
39,1967,GADW,19007,4730,182714,20046.326656065605,16114.097842090976,24938.114211520853
39,1968,GADW,9135,2855,46307,14355.68210426961,10139.3547299163,20325.31794856614
39,1969,GADW,10393,1964,126267,16089.942178123625,12867.732347503823,20119.025816198475
39,1970,GADW,21630,4387,262215,21446.37285985739,17026.648056033562,27013.35620084312
39,1971,GADW,13960,5492,200724,22154.483409049488,17940.531816984847,27358.226619412348
39,1972,GADW,19328,5924,180364,21420.061719228233,17462.73463002146,26274.180635303106
39,1973,GADW,19886,6841,97662,18929.698197480353,15071.073656735301,23776.24063216961
39,1974,GADW,21807,4788,324561,23841.515987972634,18527.88240806786,30679.052904461467
39,1975,GADW,17295,5760,296181,27543.45717979066,21594.705154293646,35130.928067527784
39,1976,GADW,25519,8296,376404,30020.69754326862,22764.743657826402,39589.388509304474
39,1977,GADW,16955,9319,66971,20209.177014934936,15522.549878312882,26310.80839312233
39,1978,GADW,20777,4885,114911,19694.916468938933,15966.244549223291,24294.362617498027
39,1979,GADW,24152,5928,202495,25074.236800315764,20125.173379472075,31240.344580564397
39,1980,GADW,61177,35749,58521,18065.031121400814,13870.608145365386,23527.832809999927
39,1981,GADW,17534,6166,47454,14165.68239319219,10594.191968248955,18941.18572385677
39,1982,GADW,17449,4623,88215,16259.895800191389,13045.017145744416,20267.065077743475
39,1983,GADW,19520,7664,163286,20577.826594616283,16680.2974971467,25386.05486086391
39,1984,GADW,5446,1424,86326,16630.113918185478,13376.693221554984,20674.817337231074
39,1985,GADW,15185,4753,83659,15101.853782411366,12151.72238238537,18768.20260442482
39,1986,GADW,40714,11492,197072,21711.545153194726,17398.349953344412,27094.017202970437
39,1987,GADW,21516,5430,119356,21228.00427273083,17412.14210729219,25880.11070816816
39,1988,GADW,9773,3075,48774,15752.919962350674,12057.067548918349,20581.66186209088
39,1989,GADW,16383,7332,63452,17716.376743924,14059.83926624072,22323.86864381081
39,1990,GADW,34209,8909,52375,18469.446094604697,14388.12978040616,23708.462756990735
39,1991,GADW,20928,6291,70804,21385.51134048636,17319.753033394452,26405.69380015217
39,1992,GADW,35591,6385,150259,29789.645630340976,24692.359832189566,35939.17279726447
39,1993,GADW,26639,7702,63417,23585.471651052354,18848.864392137395,29512.360078023492
39,1994,GADW,10170,2247,89396,24819.28906983999,20516.29144328062,30024.778680653155
39,1995,GADW,31311,10326,239535,38317.71274410898,30985.481984749546,47385.00148755779
39,1996,GADW,28985,3835,177222,41372.880419646404,34606.26916512619,49462.57644968297
39,1997,GADW,23557,5618,157356,41792.5866523167,35377.506711236514,49370.92693806606
39,1998,GADW,33085,9335,124092,40586.44517739654,34607.50850926805,47598.32773563204
39,1999,GADW,52334,6522,204599,47412.0231276707,39428.097478737654,57012.64024395302
39,2000,GADW,40282,5851,91285,37819.226675822196,31859.446331632724,44893.872023667456
39,2001,GADW,38789,4261,144001,38463.16397599855,32795.27903136603,45110.60819545435
39,2002,GADW,18400,3399,51972,28496.382120675582,22421.55662317614,36217.101587326295
39,2003,GADW,28976,5151,140292,35335.79031919045,30181.66153375797,41370.09077797864
39,2004,GADW,64097,22628,126838,40365.031998027654,34580.43083669262,47117.279015301916
39,2005,GADW,44599,6028,139300,44639.217481031825,38364.3032080331,51940.46472090268
39,2006,GADW,62050,11921,185933,53119.32396055903,45090.34950645806,62577.97087207515
39,2007,GADW,37405,9008,110972,48145.02206564169,41109.47215454495,56384.64879790143
39,2008,GADW,38766,12121,69089,38549.79824223216,31241.757683900647,47567.32830312581
39,2009,GADW,49943,12058,126378,42219.76856983926,36099.152454792136,49378.13596380323
39,2010,GADW,44607,12648,91406,39103.5219701142,32762.451812063307,46671.886439957656
39,2011,GADW,53679,13715,194771,47970.0762689746,40544.19195618723,56756.05077387853
39,2012,GADW,53585,16176,120849,47908.982516262324,40902.85911311908,56115.16298642677
39,2013,GADW,67172,14012,157479,55518.37216161842,47673.24077599658,64654.502133781854
39,2014,GADW,85119,16002,211973,71807.91235789275,60478.979732801825,85258.98254203115
39,2015,GADW,108543,27527,166009,76328.95419509865,65155.84786672918,89418.05592698732
39,2016,GADW,86195,33107,125476,71125.00446785914,60430.80217948473,83711.71783435882
39,2017,GADW,52979,7717,176096,74768.755309904,62860.03901264215,88933.55553705568
39,2018,GADW,58590,23764,105272,60464.38221467958,50083.766223606,72996.53744649306
39,2019,GADW,66802,27855,94088,49396.93935521265,40138.31009240703,60791.23939311391
39,2022,GADW,64460,8914,179836,,,
39,2023,GADW,44960,8023,150314,44685.80750214873,34700.51757157489,57544.42676540359
39,2024,GADW,31211,7050,140085,42553.47915422725,32651.34791155156,55458.616686652
39,2025,GADW,28231,9686,90616,36780.5415023279,27329.102736344154,49500.645749536656
39,2026,GADW,30793,6274,94705,36881.63963467726,26556.55792510701,51221.07111841435
40,1955,GADW,8083,2366,352385,,,
40,1956,GADW,6617,2384,246782,13594.907262818053,8937.58496447103,20679.132474749196
40,1957,GADW,13227,3238,183100,12007.071423919071,8318.831023612607,17330.531629969995
40,1958,GADW,12492,3859,213391,12483.51805726561,8816.982491716404,17674.779691633423
40,1959,GADW,12125,4138,111710,10821.164426298146,7757.097357203737,15095.543364843312
40,1960,GADW,6613,1843,178594,11859.487815626318,8793.24027702636,15994.951442012947
40,1961,GADW,17636,4247,109629,11657.299576824706,8721.316694162622,15581.664809259079
40,1962,GADW,19473,4924,88175,11293.401822906162,8376.231233265997,15226.528635825449
40,1963,GADW,21126,4045,168754,13347.915481572087,10427.854896969819,17085.66617617248
40,1964,GADW,12859,3491,250304,16265.319463487365,12552.575795110663,21076.201535652115
40,1965,GADW,16533,4468,218425,17712.159682149497,13979.573189569228,22441.357568773477
40,1966,GADW,20959,4491,212375,18319.626867463525,14579.11710816212,23019.82527976271
40,1967,GADW,19686,4981,234940,19076.454498874387,15096.848868886676,24105.104277596285
40,1968,GADW,15184,5595,67895,18063.238547115994,13412.169325179348,24327.204563207688
40,1969,GADW,7402,1625,87263,16329.855916577475,12637.218671049843,21101.49402313279
40,1970,GADW,9418,2933,262248,17851.483587503237,13931.738452354679,22874.06323085518
40,1971,GADW,9156,3822,183497,19908.231614039654,16096.919696696476,24621.958329057652
40,1972,GADW,22453,7620,249992,19617.154048840934,15453.823453257452,24902.10491532688
40,1973,GADW,26158,4852,82407,19605.52561700789,15262.005948643075,25185.197543008893
40,1974,GADW,18116,5507,356195,19075.441923882157,14204.288325467181,25617.086632844956
40,1975,GADW,10142,2295,264139,22605.05118754416,17614.761480060653,29009.097839327205
40,1976,GADW,18488,7991,231046,22269.884926011342,17630.69438392751,28129.792498127747
40,1977,GADW,24245,8907,89978,20680.194009326595,16458.539975998236,25984.712185106728
40,1978,GADW,11139,5204,191271,20438.575769456875,16395.915362670097,25478.01511801662
40,1979,GADW,20808,4667,211724,22833.237209515522,18083.732343266864,28830.150301363068
40,1980,GADW,23281,8470,60873,19365.650843210446,14818.11089953155,25308.788355268243
40,1981,GADW,18010,4867,54028,15957.311547384725,12002.071878555647,21215.986239447626
40,1982,GADW,16525,3273,87362,16173.718798519847,12979.49006997862,20154.041365511457
40,1983,GADW,19551,8766,153856,17895.22449876593,14577.836025019851,21967.530661725643
40,1984,GADW,3636,1101,58192,15006.331408501204,11449.664518591066,19667.82362715728
40,1985,GADW,17920,3008,103567,14946.517115228547,12194.462002722712,18319.658040341656
40,1986,GADW,27972,4487,202212,19005.57502701584,15170.749902175849,23809.757885186784
40,1987,GADW,24931,7586,133814,20265.172516476498,16705.67606045829,24583.09472997696
40,1988,GADW,25607,6228,113578,20843.513391710625,17241.887747428627,25197.47587239757
40,1989,GADW,18726,5558,46800,18857.214903204524,14073.575036298575,25266.824739875196
40,1990,GADW,29672,5548,145170,23863.71933954159,19654.940475579773,28973.738252932206
40,1991,GADW,17561,4195,114002,26874.24465997371,22381.96125836786,32268.174254573412
40,1992,GADW,33042,6183,136624,27524.720048869847,22956.69483127267,33001.711236610856
40,1993,GADW,18346,3995,99187,26427.337802832306,21984.18583459885,31768.480697877676
40,1994,GADW,8541,1772,65555,24106.16598684162,19009.02945841387,30570.06355092724
40,1995,GADW,20232,8579,172902,28805.23710385402,23799.801125696173,34863.38731265248
40,1996,GADW,25295,6573,150071,33642.08900036579,28241.1564026219,40075.913895772974
40,1997,GADW,40149,10322,159200,36258.75985173515,30436.719564745803,43194.46000706944
40,1998,GADW,32398,9514,85709,35134.82235471512,28978.602289122962,42598.871042194434
40,1999,GADW,37556,5270,151081,36310.083879304206,30672.949932902415,42983.22118368718
40,2000,GADW,19488,3388,117250,36163.818808360185,30739.26750699831,42545.6394010091
40,2001,GADW,34354,5259,163108,35072.31445666775,29490.652976527188,41710.41049265495
40,2002,GADW,59455,15267,87153,32045.851039020963,26624.254182489516,38571.46802221134
40,2003,GADW,54163,11665,103928,30689.851975387795,25963.417646532296,36276.69619977827
40,2004,GADW,47741,9079,114520,33090.477937377094,28154.688118705682,38891.5595693119
40,2005,GADW,46938,8994,208307,38860.05196597054,32189.261991321604,46913.27310346731
40,2006,GADW,48962,10185,150295,41938.950705359704,35779.5014162488,49158.75058750317
40,2007,GADW,35297,7495,166557,41723.5683680878,35438.28360308559,49123.60251033494
40,2008,GADW,49056,14179,153971,40389.16269970219,34433.05902101182,47375.53124709509
40,2009,GADW,34670,6480,146565,37325.969675646906,31858.89018453601,43731.21612703169
40,2010,GADW,33976,8819,98506,33184.80877579344,27670.33975622775,39798.26569488088
40,2011,GADW,17802,6263,150002,33325.0993825151,28333.555272228823,39196.00763773643
40,2012,GADW,20761,5978,114005,35428.909164251294,29864.14068544129,42030.5950802288
40,2013,GADW,40083,11460,143562,39542.13434635212,33658.180514094594,46454.691393974776
40,2014,GADW,72045,14912,132451,45496.59611367394,38604.36617584908,53619.33022036578
40,2015,GADW,37470,6298,146896,50670.293460089575,42994.83114216705,59715.98378516597
40,2016,GADW,34047,6092,144417,53290.806911355234,45130.83004605961,62926.16595717367
40,2017,GADW,44613,7504,150748,52144.1729149643,43905.355357884284,61929.000387817854
40,2018,GADW,30169,8371,149934,48337.211973614205,40286.67402744122,57996.49928387282
40,2019,GADW,48846,11303,137703,43055.65936016176,35463.040641082844,52273.85383279081
40,2022,GADW,53420,8593,188115,,,
40,2023,GADW,31389,8429,143598,33698.43408018943,26132.38737498808,43455.05992857609
40,2024,GADW,31484,5862,136997,32647.433395065378,24970.49778482908,42684.56786363283
40,2025,GADW,38171,13914,135398,33577.32585033884,25150.41045222331,44827.769845011295
40,2026,GADW,48055,10917,141100,35555.727595991164,25705.364526635014,49180.77561477088
26,1955,MALL,1063652,56467,664698,,,
26,1956,MALL,893726,81727,557221,1116727.6844876832,976436.6241935907,1277175.282452303
26,1957,MALL,1209198,103079,421417,1140107.9537402685,1027037.8766051473,1265626.298494888
26,1958,MALL,1165780,83279,403035,1132510.6878496709,1034727.6735222418,1239534.3150800199
26,1959,MALL,989212,93931,249349,947394.1441910125,854528.8898534118,1050351.4569313042
26,1960,MALL,870174,92932,515330,1008163.4693381872,918647.7789755326,1106401.8268693606
26,1961,MALL,902392,102738,358196,812481.0421619797,746409.6738723919,884400.9757374518
26,1962,MALL,658689,91715,395508,687149.2347705637,630586.7799651976,748785.2359858078
26,1963,MALL,854997,97700,543023,698725.606262788,636098.3393718799,767518.8608877591
26,1964,MALL,703474,80943,366657,572457.3293150316,522566.5665444604,627111.2904400035
26,1965,MALL,569663,61104,601686,691627.6948619164,629417.2977063425,759986.8482216133
26,1966,MALL,896903,117752,490191,710910.3338638814,650380.5653170035,777073.500878859
26,1967,MALL,758017,118392,377493,694076.6926380732,630618.5450930041,763920.5332795257
26,1968,MALL,544233,102146,266132,668918.310005068,593665.7206128576,753709.8571197935
26,1969,MALL,581977,74486,483245,860821.7212158073,785363.7578258971,943529.7062450089
26,1970,MALL,955998,175086,531228,992048.2399834291,906758.773634614,1085360.0087147264
26,1971,MALL,1191470,190294,585392,1043415.4265229598,953647.6251529772,1141633.1604993474
26,1972,MALL,1131736,129502,517134,1021677.8485808776,937152.6950203367,1113826.6280696115
26,1973,MALL,1023338,170360,683871,989227.3382267422,902474.9972264642,1084318.9337129148
26,1974,MALL,965684,150261,947344,948873.6407447368,846241.3291836969,1063953.2188396896
26,1975,MALL,900750,122095,428156,878805.7955109229,802204.5820950242,962721.5344577827
26,1976,MALL,922548,135587,459595,751699.7991572258,687832.1417030202,821497.7954562957
26,1977,MALL,621640,83548,433788,717940.7923774925,656122.2291008411,785583.78073242
26,1978,MALL,513667,62061,295812,701681.2563788227,632907.863837056,777927.742228404
26,1979,MALL,637804,97291,617173,664683.5722090675,597591.1089387238,739308.6084383306
26,1980,MALL,598294,72691,281191,706985.598718608,638135.649422321,783263.9302442732
26,1981,MALL,626307,111417,365159,630454.3700210013,573181.0474550051,693450.5501244428
26,1982,MALL,503052,94608,374594,599311.3809595405,544682.64912626,659419.0799427746
26,1983,MALL,579832,81677,318745,528371.8244377394,478604.69873074215,583313.9239962357
26,1984,MALL,515812,87607,386351,475345.16736873233,431413.4046493718,523750.5967726012
26,1985,MALL,504089,73672,493458,465658.3228032658,420638.38214561384,515496.6422462301
26,1986,MALL,466074,62507,514467,466722.6628562797,420478.43885984883,518052.8271897011
26,1987,MALL,467606,70967,325047,424740.4258577052,384372.27101163694,469348.1891473981
26,1988,MALL,412480,81292,229287,381182.8702616037,339227.8751616533,428326.7715297103
26,1989,MALL,383321,53055,273985,395101.8902630078,355824.6779115576,438714.6630909137
26,1990,MALL,468489,46235,467916,464755.2863885526,418978.75721057266,515533.24007199804
26,1991,MALL,511099,56782,445659,468429.5916321127,423762.33282736456,517805.0650528662
26,1992,MALL,482667,72434,328103,412703.9353570617,374966.82473546604,454238.9540177784
26,1993,MALL,399152,43910,344031,395702.45023090806,359609.8345405692,435417.5388968116
26,1994,MALL,463850,53426,406094,420150.7155362006,382442.23715745914,461577.2177195528
26,1995,MALL,484944,71669,417916,456963.0066241156,415549.8763417739,502503.31262572436
26,1996,MALL,430668,49658,522064,519238.283460891,470968.70682573755,572455.0083773824
26,1997,MALL,455091,55098,653604,591038.9004674305,530415.3340501348,658591.4083560995
26,1998,MALL,580864,89587,358099,579712.3775511312,527028.8003652898,637662.3828774705
26,1999,MALL,654740,112453,469520,554904.5200735339,503673.24599390704,611346.7984395658
26,2000,MALL,497743,61203,345901,519039.92837504315,471615.92865716026,571232.7147529641
26,2001,MALL,461071,67979,226432,444335.83908072655,397320.74633386824,496914.24299719156
26,2002,MALL,544718,96256,249379,397335.2510764664,356671.2198979322,442635.3822244963
26,2003,MALL,329694,47705,384054,397725.2755765481,360516.48229268054,438774.3767676631
26,2004,MALL,316342,60626,270952,390195.8446432271,350019.5380343373,434983.70985766314
26,2005,MALL,367225,56838,539557,407869.8637634113,369097.74084233,450714.83067529235
26,2006,MALL,397674,42457,539787,437474.387165292,397072.8663715532,481986.6972390001
26,2007,MALL,400618,51540,524874,431853.9434011516,392853.75855695206,474725.8346621838
26,2008,MALL,488150,43643,525585,425198.28725940944,387213.97581540904,466908.72432384104
26,2009,MALL,402089,40624,346492,390846.2868870516,354840.86951713805,430505.144971801
26,2010,MALL,288449,32253,245872,356534.017799683,315469.5463380607,402943.8255576188
26,2011,MALL,376863,43569,485855,426087.641961079,388816.2297144336,466931.8427507326
26,2012,MALL,599629,68860,421176,491596.36598497815,448412.88903987437,538938.5384686092
26,2013,MALL,588369,63490,631385,603301.8041915218,552071.8704735264,659285.6590004417
26,2014,MALL,657698,56860,621016,700649.8066232761,641828.6445789842,764861.7051724967
26,2015,MALL,692309,89679,602328,745192.1893786533,682267.3323084022,813920.545238616
26,2016,MALL,835441,86395,450480,706434.6751396708,643012.9362072711,776111.8356082757
26,2017,MALL,761559,90496,756627,730368.7452588252,656593.432332812,812433.5057018407
26,2018,MALL,687909,86043,600352,672586.6799147269,607990.1277389604,744046.3608858808
26,2019,MALL,495745,57293,560981,584208.6903171227,525615.876217157,649333.1143236635
26,2022,MALL,410211,54339,485905,,,
26,2023,MALL,412471,55742,338841,408639.93030849006,356858.2803678224,467935.3172649112
26,2024,MALL,404357,64639,352198,397925.1655744252,347197.1124172121,456064.96060703945
26,2025,MALL,422317,46585,331507,413918.9224339149,355741.4267041907,481610.69104644423
26,2026,MALL,426025,59330,455078,428710.1779743154,355488.6900120987,517013.40116478526
27,1955,MALL,349022,16548,256278,,,
27,1956,MALL,402824,24894,236564,451631.38627029344,383313.57536519837,532125.4507359819
27,1957,MALL,393749,47010,122624,366044.74833838025,318490.81188761606,420698.97398920235
27,1958,MALL,434958,33213,163615,394877.3208355072,350791.752323115,444503.31992584124
27,1959,MALL,302285,66799,78160,259335.52960460208,226765.4273807894,296583.6445710198
27,1960,MALL,248512,20641,144335,296513.48640509986,265532.57808938366,331109.0799205497
27,1961,MALL,226378,40008,105836,216662.8008589813,193472.68967026335,242632.53566207935
27,1962,MALL,125003,22815,84878,149294.22429823113,131742.6566468162,169184.11982964363
27,1963,MALL,181684,30611,127949,166343.60846173883,147726.7983160932,187306.54418479948
27,1964,MALL,171119,45021,97113,132542.8771994927,117146.94165525089,149962.21026426056
27,1965,MALL,144259,35815,197469,212010.9894868895,186571.53135312974,240919.17634601088
27,1966,MALL,275463,34632,162580,210779.99235796457,187360.8624215308,237126.39130827397
27,1967,MALL,228750,47752,155856,219528.74997248652,195739.57108779502,246209.14308056067
27,1968,MALL,91373,8518,43628,111562.64084282296,92709.35267681676,134249.9162432083
27,1969,MALL,205752,37604,156377,228451.90657564957,203067.29263476512,257009.7475614561
27,1970,MALL,271018,45213,187139,299152.3822286256,266341.4820606245,336005.2932824469
27,1971,MALL,338918,40062,196601,315138.91688727017,280575.4759582971,353960.1477915445
27,1972,MALL,278050,45595,92732,230596.80527386736,204789.13206229827,259656.77996202328
27,1973,MALL,303209,33353,136385,238253.07003152213,214144.27363724672,265076.0835921422
27,1974,MALL,309958,40227,259125,278522.62419200956,244617.75619288138,317126.82429167384
27,1975,MALL,245272,25586,205809,249783.06158081864,221594.6969719598,281557.17941473104
27,1976,MALL,227689,45615,144151,202844.64790666365,181490.98688544077,226710.7137962182
27,1977,MALL,98746,31366,53011,144293.09945835406,123375.54049343671,168757.10102689327
27,1978,MALL,129418,14804,89800,141936.5733105155,125484.77535886137,160545.29950360776
27,1979,MALL,111775,13367,124870,158598.9419532368,140820.12741056853,178622.36635640482
27,1980,MALL,136764,13338,68122,135395.66315130846,119128.35719966897,153884.31462591788
27,1981,MALL,96484,15019,80505,125243.91730441496,110760.0929029487,141621.75573019526
27,1982,MALL,84991,13652,86406,117854.52758950274,104190.58058561655,133310.41630899912
27,1983,MALL,94096,16528,56044,88601.84695583879,76727.57326589513,102313.77000261881
27,1984,MALL,89484,19824,69838,80191.15490239728,69955.10062533536,91924.98141088117
27,1985,MALL,122975,19979,170249,109810.69082831053,95053.98513314684,126858.3090261815
27,1986,MALL,86277,11537,70722,76495.59888133768,66638.92735858171,87810.18663051674
27,1987,MALL,108447,19947,151517,102716.50428906479,89193.20956361563,118290.17371373277
27,1988,MALL,77985,12276,61562,72131.29228265818,62536.127982601734,83198.68041420435
27,1989,MALL,73562,11132,111181,92909.40995444426,81420.34295153126,106019.67696478049
27,1990,MALL,92011,12582,116410,102002.06841435451,89338.71686099292,116460.39171343234
27,1991,MALL,76310,15359,83147,84356.96389639932,74121.22232210558,96006.2062508128
27,1992,MALL,108362,34853,78342,77212.15836932372,67737.47537947637,88012.09916152051
27,1993,MALL,141193,19821,139138,101714.43663691689,89338.93544616032,115804.22991048783
27,1994,MALL,114441,13629,122543,104897.35043656544,92641.62417338927,118774.40866124506
27,1995,MALL,102549,17102,93242,99501.59687791708,87569.97397771574,113058.9325489003
27,1996,MALL,109957,12522,138365,128451.45855052577,113495.91320451222,145377.72099358257
27,1997,MALL,157270,21901,199007,170783.85516152976,148868.35680511448,195925.6205267144
27,1998,MALL,121586,21813,78697,131134.81349146256,115190.00297209542,149286.7337941336
27,1999,MALL,158481,34492,104612,134707.8536484675,119496.37589147016,151855.700218539
27,2000,MALL,148009,24508,89314,126057.55976264265,111658.02785255293,142314.0698337966
27,2001,MALL,99982,9611,67556,105797.44317039367,92755.8437000345,120672.70950162805
27,2002,MALL,83175,9771,80102,103354.42675465342,91176.31846042658,117159.12322583419
27,2003,MALL,110990,17973,167198,133106.08646454892,117095.08300357887,151306.35548007142
27,2004,MALL,67558,10569,61827,98861.85909422862,85382.50492335325,114469.20176845134
27,2005,MALL,111343,18878,98248,107459.2780622404,95144.2137537753,121368.35216844385
27,2006,MALL,158125,20841,165211,139954.09840882308,124891.25313833222,156833.63861944267
27,2007,MALL,187820,20008,323372,196831.96229565772,169497.3981365707,228574.72626183098
27,2008,MALL,170382,20279,123835,139042.0842458985,123836.9440896251,156114.165555085
27,2009,MALL,107927,21426,95757,112310.31586625481,99168.25387280734,127194.00168279729
27,2010,MALL,76978,7230,93710,110816.80063853669,97514.55110843411,125933.64953406474
27,2011,MALL,189773,16254,209769,173471.79033001343,154832.9762794809,194354.34726761183
27,2012,MALL,209587,26632,143670,173828.07827336193,155904.62032234736,193812.09314858806
27,2013,MALL,218705,17559,219067,231110.62608927017,206979.02153376638,258055.7251434336
27,2014,MALL,271820,45321,217032,265041.2295474098,236991.40743489616,296410.9716901879
27,2015,MALL,250692,38794,178291,254128.82348372173,227612.93335794093,283733.69637858274
27,2016,MALL,254363,37065,137733,219177.98826139688,195234.2975877105,246058.1523424753
27,2017,MALL,194736,19469,168492,220616.03278606423,196342.07290146017,247891.00574836496
27,2018,MALL,222140,37460,197911,216772.61556708862,190189.3092806876,247071.54696296246
27,2019,MALL,169297,28131,157955,175633.32587409535,154065.9675724173,200219.85155869537
27,2022,MALL,84120,14223,88749,,,
27,2023,MALL,92442,9358,90994,90872.41924527191,76630.07242114113,107761.82663779211
27,2024,MALL,57956,11392,87529,88751.95086588094,74152.8373671675,106225.31870894243
27,2025,MALL,95277,7883,98323,92451.50023060989,76379.5255309877,111905.38086575008
27,2026,MALL,102127,11265,110957,98585.28088572761,78753.60126606542,123410.9609093611
28,1955,MALL,284700,24965,188752,,,
28,1956,MALL,272746,20006,149253,273192.148770157,230591.80376408936,323662.6321116386
28,1957,MALL,226538,24058,77390,240555.70092316665,206742.4286754629,279899.2234800225
28,1958,MALL,268124,18951,115683,255916.89517789872,226504.82885388617,289148.1721113511
28,1959,MALL,226829,22142,78194,219044.03903274392,195181.63070803625,245823.80453389022
28,1960,MALL,212580,11945,142519,238356.76027208206,210956.03059269828,269316.52538104437
28,1961,MALL,134017,13559,81952,165150.78626642938,148093.95866446747,184172.14618602768
28,1962,MALL,103051,13375,73218,122003.90271180689,109046.94677930135,136500.40387685038
28,1963,MALL,101948,9761,49067,83971.51165023897,73175.75407898135,96359.98777977166
28,1964,MALL,110644,18191,62074,84779.03532942252,74814.9430249786,96070.17717019143
28,1965,MALL,96125,11410,95495,109839.546573838,98364.04149529188,122653.82560682803
28,1966,MALL,187007,17836,134933,145857.1388483524,129998.3589725271,163650.56544693385
28,1967,MALL,246385,41059,215824,206017.87085378708,178103.85685450258,238306.8163751261
28,1968,MALL,116599,12945,47294,117584.991964094,101621.56889527022,136056.06059325038
28,1969,MALL,160779,13469,125330,166973.59135196105,149254.06530145634,186796.7894386033
28,1970,MALL,163799,12519,86500,170082.60315986414,153007.13237682325,189063.68251116708
28,1971,MALL,171456,14496,121414,187277.7174704964,168007.30612293415,208758.44194118277
28,1972,MALL,216983,12924,60060,162130.16024677193,143559.29743148392,183103.35402825076
28,1973,MALL,211174,31258,121316,168788.7484032274,151042.39201174252,188620.16953037347
28,1974,MALL,161105,24137,124084,168002.46087233635,150063.28868716914,188086.1542225698
28,1975,MALL,118919,12124,178280,159545.70159614977,139173.99843502365,182899.32878296805
28,1976,MALL,158818,20824,104144,143755.72481570466,128143.89230848833,161269.55444383438
28,1977,MALL,51942,6998,45431,120354.80165504734,104160.87581535953,139066.40250513132
28,1978,MALL,95596,15982,88634,113401.4564824633,100497.86118610487,127961.83103369431
28,1979,MALL,92891,12630,100739,121819.59722352061,107489.20013200342,138060.51444681262
28,1980,MALL,133509,12435,59124,115230.3977337846,101823.54204998302,130402.50117569353
28,1981,MALL,113943,19491,58943,104251.84351149733,92097.60092583101,118010.09761696633
28,1982,MALL,88785,16300,66784,97966.03820810026,86541.93931922864,110898.19245659703
28,1983,MALL,87994,10791,58022,86239.9327356022,75896.39648216237,97993.13726296817
28,1984,MALL,46324,7274,42892,70033.63056878907,60594.2465514903,80943.48374276464
28,1985,MALL,95449,16505,89250,76310.22204371935,66640.17731461822,87383.47079824409
28,1986,MALL,57089,7972,46371,64938.348163953386,56322.90367042262,74871.65588867421
28,1987,MALL,76871,14485,58119,66367.24571501753,58093.770158173495,75818.9955963429
28,1988,MALL,66687,20667,52705,68418.03251874902,59860.145089466416,78199.39572048112
28,1989,MALL,63498,10645,57836,73070.02686291208,64146.46044743668,83234.9717896251
28,1990,MALL,101069,11450,66153,79058.75286788512,69601.0951009535,89801.55263303765
28,1991,MALL,85018,8219,73487,82443.35570963066,72673.30720038063,93526.869252333825
28,1992,MALL,69295,15240,47976,70320.06962901719,61578.962417209994,80301.97324740615
28,1993,MALL,103025,11113,90746,84068.2602327753,74120.24646370909,95351.44195757658
28,1994,MALL,123953,12722,69750,85931.24947146625,76000.75532294645,97159.29275110646
28,1995,MALL,71409,8354,58766,87382.42259666102,76597.49784391235,99685.8643401275
28,1996,MALL,84890,13373,130494,120098.51776109074,104934.47749816785,137453.90754590515
28,1997,MALL,120983,20399,143245,146883.43515936614,127876.73432063562,168715.15869430662
28,1998,MALL,140374,15573,66328,132311.3358694661,116848.2817429175,149820.68489529815
28,1999,MALL,130509,16568,67172,124992.50529728112,110411.27799620795,141499.37093407635
28,2000,MALL,107192,24026,63063,119675.37945002232,105392.75812869356,135893.55379634528
28,2001,MALL,111088,23034,56585,110037.56367469527,96284.20105447808,125755.47480122618
28,2002,MALL,70689,12047,59887,104455.57914611977,91411.04683976664,119361.59131704287
28,2003,MALL,86237,8961,159493,124808.72898397889,108723.69531273964,143273.44913902166
28,2004,MALL,114598,30965,97648,124613.30293713053,110245.2604233707,140853.90346276702
28,2005,MALL,86252,13527,52992,104689.57921308496,90006.53728124424,121767.9107192655
28,2006,MALL,205884,15259,170624,131922.62228337294,116820.93183120132,148976.54039661773
28,2007,MALL,154096,17385,253077,166458.6140369102,144091.16635904045,192298.1879267062
28,2008,MALL,123672,17938,87338,129464.7116701087,114613.25922796999,146240.5979964841
28,2009,MALL,121627,10076,107409,123319.90291099393,110342.12012868542,137824.0551861884
28,2010,MALL,112185,9117,132128,138078.00879056915,123906.23693121696,153870.676600018
28,2011,MALL,159382,24179,154782,158850.13193052117,142273.458653464,177358.1991550861
28,2012,MALL,221550,28795,107654,158469.6866395746,141669.97078365894,177261.57099300824
28,2013,MALL,166362,29941,157948,194432.87079269032,174532.46371006983,216602.34687047423
28,2014,MALL,224123,17748,177836,231523.66857727262,206513.26868527936,259563.026883123
28,2015,MALL,203246,20734,124503,219344.8739482621,196171.66858126456,245255.46464141132
28,2016,MALL,223262,27884,90495,189697.97707174183,167041.73213235778,215427.13934861278
28,2017,MALL,172482,30178,138182,195882.11705924623,173863.05140617705,220689.81001589066
28,2018,MALL,209552,25822,204452,203770.4583438458,175114.57979852517,237115.6059160455
28,2019,MALL,139363,30772,118747,159210.17824395208,139519.84355514825,181679.39563702056
28,2022,MALL,80639,14313,64846,,,
28,2023,MALL,104700,10540,85951,88259.46368481303,74650.98912692667,104348.69009821421
28,2024,MALL,78843,8819,96686,89657.40798236165,75000.28300597193,107178.93965114215
28,2025,MALL,91914,13793,70181,87634.69277629223,71620.65821816669,107229.38840636237
28,2026,MALL,77330,8379,83860,87716.33658796347,69642.5694075449,110480.64093366628
29,1955,MALL,209610,38499,157117,,,
29,1956,MALL,188338,51771,95044,201595.96928611357,156526.582312835,259642.38298631235
29,1957,MALL,157208,42620,67026,182109.13226076082,144834.92003511733,228976.10634732456
29,1958,MALL,203340,43110,98759,206908.52118591807,170943.98071683684,250439.5648201194
29,1959,MALL,234692,52683,111453,220147.45500307129,184494.16074723398,262690.7092779407
29,1960,MALL,171092,35203,160368,242716.8564056434,201759.59071163245,291988.46099781053
29,1961,MALL,68097,16915,49751,115613.13837774887,96783.05722513626,138106.79419290985
29,1962,MALL,96362,25141,52549,88272.6292625244,74517.17323621364,104567.2660209327
29,1963,MALL,89302,27459,57578,81831.558718615,69543.56124579537,96290.78353710279
29,1964,MALL,134170,45960,118608,121076.01816426896,104401.38522857352,140413.8665633554
29,1965,MALL,83878,31541,104179,122699.40937061423,106659.5366364774,141151.42006672415
29,1966,MALL,187365,43123,76200,108934.37521914995,94581.61365942236,125465.16860155488
29,1967,MALL,269289,49716,169890,184352.3683877828,157401.184328765,215918.29740746046
29,1968,MALL,159758,35679,80902,149079.0639482644,130382.1499802029,170457.1316784181
29,1969,MALL,172939,33259,94544,165324.8929382036,145434.82994636035,187935.17505475995
29,1970,MALL,203738,55187,77844,166421.8294128672,146359.2287800372,189234.5671399378
29,1971,MALL,169442,23976,78039,171783.6824698656,151341.9812606809,194986.43613022592
29,1972,MALL,198551,29483,61204,161908.62077958236,141163.97472788306,185701.78073604975
29,1973,MALL,191784,33702,83588,168456.63154768947,148374.9750023684,191256.21899475326
29,1974,MALL,139468,24528,64073,154590.13990334613,134480.58217467234,177706.78092615385
29,1975,MALL,133389,21954,145626,161533.0387858449,139915.2398448646,186490.9258513984
29,1976,MALL,144536,32497,123706,156019.97663700947,136124.0572386713,178823.8875890457
29,1977,MALL,80930,22545,55778,128092.11750807369,109875.00321012312,149329.60262421615
29,1978,MALL,84807,11014,145626,131505.54705880347,112821.55482409969,153283.73141283003
29,1979,MALL,140657,26065,153665,144850.051480783,123194.17655683398,170312.73717963393
29,1980,MALL,106589,25902,52135,118773.56863109481,101194.07954201697,139406.97587459086
29,1981,MALL,110323,24386,64692,105222.34246200556,90603.87518892647,122199.42392204388
29,1982,MALL,88943,24985,103313,110460.18213838681,94987.03895787639,128453.86035726967
29,1983,MALL,83642,16782,64305,91275.65903436135,78009.41141821227,106797.95912691575
29,1984,MALL,61424,18882,38815,65435.65659034827,53727.550927900134,79695.14856830155
29,1985,MALL,80478,27630,75313,70909.23371368101,60430.082317147295,83205.56969413039
29,1986,MALL,89355,24853,95957,80455.14617444608,68766.15946528944,94131.04637927072
29,1987,MALL,101024,36487,72083,74870.33649092496,63900.104398659205,87723.91436627999
29,1988,MALL,70274,21177,74322,77047.26524385369,65862.29850148554,90131.70230344831
29,1989,MALL,65493,13586,105858,94219.35141878728,80333.30229230945,110505.67981725781
29,1990,MALL,117108,34286,121656,105712.5662131832,89672.30970451943,124622.04544747468
29,1991,MALL,96800,21877,93444,94137.21710449673,80933.0359491811,109495.65329223037
29,1992,MALL,73204,16915,48799,68158.39340559638,57438.06921805309,80879.57438116525
29,1993,MALL,110477,24141,115923,91051.85389993832,78497.45381519647,105614.12753760873
29,1994,MALL,146540,39161,121988,104718.89080553643,90514.68257689243,121152.12448793798
29,1995,MALL,119556,29317,118814,112552.89823448576,97763.52273772718,129579.5665523194
29,1996,MALL,168302,20131,112943,122261.51150567479,106588.46237879874,140239.16718612405
29,1997,MALL,150219,27344,104584,130845.3139932652,114404.13299868743,149649.28053947655
29,1998,MALL,107290,21798,56219,114838.9920404922,98322.71208543041,134129.68187266312
29,1999,MALL,88112,21454,74707,118113.36918456906,102860.79444540112,135627.65148129812
29,2000,MALL,80214,17632,54849,107149.21922053496,91955.24734316766,124853.72516833649
29,2001,MALL,71618,13332,75130,105766.51094901912,92189.23076830314,121343.40144830872
29,2002,MALL,94714,20377,87493,106917.36959513657,93539.55016989869,122208.4551441607
29,2003,MALL,100176,22394,177655,127295.79347803521,108788.53919204837,148951.52704088335
29,2004,MALL,101600,16766,80278,108997.47531912541,95169.49673905742,124834.63749438571
29,2005,MALL,106545,22425,59577,92802.32805150379,79629.08827120929,108154.84992677961
29,2006,MALL,139064,11217,120208,112675.13782223941,99855.52179809484,127140.5572235753
29,2007,MALL,87623,9120,124028,122627.18600221084,108992.3755273786,137967.69429108786
29,2008,MALL,93010,10099,111987,118510.0644939167,105329.06409875616,133340.55045988158
29,2009,MALL,122313,21116,137018,127126.58965530527,113255.76751774357,142696.21893522047
29,2010,MALL,120080,11677,206651,157567.11741057248,138099.1809270414,179779.46228510642
29,2011,MALL,212574,36661,235202,187911.97513965936,163150.15010059436,216431.98231271087
29,2012,MALL,229764,35145,134028,170936.03187160214,152265.05698272775,191896.4703459433
29,2013,MALL,167604,30075,118100,174525.74496012088,155233.4078589686,196215.72491378748
29,2014,MALL,289911,50185,202551,239018.3105655877,209757.68901375245,272360.70846433716
29,2015,MALL,245436,45071,117447,217333.92808570698,192413.00517954418,245482.5558859095
29,2016,MALL,174831,33000,78925,177581.60507687667,153014.77902668854,206092.68374121873
29,2017,MALL,162177,25926,105054,180501.79482915436,158579.73896383704,205454.35469518573
29,2018,MALL,208270,22526,176261,202437.74032496774,175252.4359415389,233840.05185268648
29,2019,MALL,167135,31184,109795,160053.93437982778,139293.4608219695,183908.5751714042
29,2022,MALL,111806,19437,71991,,,
29,2023,MALL,130374,24187,126614,102707.1254068034,84534.92191599963,124785.74972614145
29,2024,MALL,88792,16907,140437,107372.43746466689,85928.04542873536,134168.5391490171
29,2025,MALL,86806,10518,79948,97840.42885873305,77523.51874553361,123481.87587669736
29,2026,MALL,79522,22445,66210,92135.8210790911,69177.82381382829,122712.8732578225
30,1955,MALL,442134,39917,525462,,,
30,1956,MALL,703475,79289,315811,684268.104047428,583064.488409807,803037.8243299413
30,1957,MALL,727433,89145,164066,598832.9443406027,523465.1913444501,685052.0362330438
30,1958,MALL,529337,46056,209975,583245.0315999509,519805.1010916247,654427.5271089847
30,1959,MALL,291824,66134,57531,367612.6178974156,306906.1161986453,440326.95897765167
30,1960,MALL,341163,38393,166280,388528.34484495333,347966.95512902405,433817.8454100219
30,1961,MALL,309066,122895,142170,332777.1851133579,297528.9064001059,372201.33086178236
30,1962,MALL,197604,35461,160311,282746.2373937194,252631.97054231763,316450.188741706
30,1963,MALL,302170,43366,144989,236257.00629720453,209516.06312393054,266410.94812621066
30,1964,MALL,246272,50263,196851,253273.73200045447,227172.35074280895,282374.0790271705
30,1965,MALL,166609,32225,327925,339432.3359902149,304738.04408520204,378076.55772562895
30,1966,MALL,475007,60387,350761,398223.0575104238,358534.0844284613,442305.5168820143
30,1967,MALL,353286,17093,282303,406895.4377976823,369607.6716820788,447944.9697217831
30,1968,MALL,591909,62365,231448,416994.75626971194,378717.1839037999,459141.1062050088
30,1969,MALL,479683,38428,386743,543797.3390722169,492031.27281099063,601009.6559362806
30,1970,MALL,645337,112596,278096,559336.9718708178,509096.0051605793,614536.0500382129
30,1971,MALL,842757,168494,294264,577806.4232116811,526013.8368195435,634698.6321183256
30,1972,MALL,540495,63248,349128,606090.6045246398,550664.7915237087,667095.166692217
30,1973,MALL,544598,106711,266781,578765.7150064876,524908.6508130925,638148.6613872658
30,1974,MALL,477846,77219,427648,552799.2247267569,498219.9615970575,613357.5657605851
30,1975,MALL,462198,82507,395299,528757.7076314215,478268.7396537759,584576.5993027901
30,1976,MALL,505848,62871,201874,476391.4644921707,427086.60929114703,531388.3004144554
30,1977,MALL,675920,119476,176065,421225.05884727754,374412.15223224653,473891.002583786
30,1978,MALL,290994,53312,274088,404913.2776223115,365914.1406103571,448068.9434995899
30,1979,MALL,378168,38233,433416,423132.5119617564,377883.6919907141,473799.5485750297
30,1980,MALL,422621,49646,265432,429362.0847469768,387010.26315103954,476348.6071849278
30,1981,MALL,354425,80815,145930,372326.4740706361,328045.91039196664,422584.15332242113
30,1982,MALL,306725,60928,283612,341029.84507542057,306561.7357264147,379373.3583761945
30,1983,MALL,318697,44623,384934,341947.9900611727,306011.88844710484,382104.2002656944
30,1984,MALL,245403,34718,283066,299975.21638515865,269132.2366374617,334352.8503667825
30,1985,MALL,275524,37485,622251,318494.6949975188,276703.63028630137,366597.54205828503
30,1986,MALL,352171,67776,343774,291670.36266850075,259977.9925936422,327226.16099334863
30,1987,MALL,253613,44521,223794,246853.0983143847,219565.69612517837,277531.7511924554
30,1988,MALL,348865,100569,217588,241684.15411172336,214657.83036458783,272113.2056980641
30,1989,MALL,254775,53571,208088,244133.66865863244,216723.88232472164,275010.0613434989
30,1990,MALL,269643,72064,212982,244947.86671257758,218054.6991375427,275157.8280328493
30,1991,MALL,260077,67953,194812,232800.2192684439,207318.58787377665,261413.81073091284
30,1992,MALL,273700,29028,247891,238637.52052802083,213836.22157273296,266315.34070756886
30,1993,MALL,209130,34650,167698,216330.59124293822,191203.32694033644,244759.99166124588
30,1994,MALL,250561,27120,407268,267952.13182553445,238603.91600407724,300910.1700938627
30,1995,MALL,324871,46668,344941,300446.4094815676,270051.61597387644,334262.19148822996
30,1996,MALL,336250,31259,408311,336246.8472742422,300759.6056397154,375921.3012046113
30,1997,MALL,342605,69532,461590,380911.5084940686,338336.095668838,428844.5104161865
30,1998,MALL,304120,44116,146488,337359.0811577126,297232.9366094501,382902.2144646054
30,1999,MALL,382221,62322,313141,339804.49063080363,304939.2439401016,378656.05738676526
30,2000,MALL,321139,30179,214417,334008.84193677985,300555.23142661783,371186.04112265207
30,2001,MALL,217031,26964,139687,285702.3934057399,253483.07384370072,322016.99450788257
30,2002,MALL,147896,52695,72858,237372.94841992788,200217.7324689696,281423.2083579431
30,2003,MALL,222541,24682,136837,233856.10778906636,205251.293326773,266447.42775473575
30,2004,MALL,208376,44575,148151,250268.1924565107,220226.5600423984,284407.8758864991
30,2005,MALL,339667,72586,411543,300225.91342901776,268586.91320782405,335591.92448272416
30,2006,MALL,338268,43694,456112,345459.5088221963,309532.2638743065,385556.8099490109
30,2007,MALL,394443,64043,477294,355086.4775898833,318609.4179045581,395739.73486546736
30,2008,MALL,418987,72019,422393,347138.2469109514,313857.54116757924,383947.95938348013
30,2009,MALL,381237,35393,328293,324814.0665829121,295277.85130495415,357304.74664409185
30,2010,MALL,299269,32444,244447,302124.4617460706,272106.7122916077,335453.6520493181
30,2011,MALL,354835,48059,455751,365532.00349335035,331684.5854697025,402833.4490993931
30,2012,MALL,398454,28041,317751,391156.40493810567,356170.2650394064,429579.1876595177
30,2013,MALL,538278,62774,547969,488185.50250549975,441945.81155116844,539263.1373064932
30,2014,MALL,432207,34293,491388,551943.4558027349,502483.10129502625,606272.2858108601
30,2015,MALL,510845,59977,356857,529783.351229332,483934.04090391984,579976.5577877711
30,2016,MALL,586092,43152,327781,500271.03294181864,456266.33660407347,548519.7708500852
30,2017,MALL,467694,37613,461745,506248.76166612125,456086.73304114834,561927.7872425175
30,2018,MALL,447547,45096,343056,441672.2714827218,399211.71800828737,488648.9714529308
30,2019,MALL,310709,27199,247386,356894.63222598075,319132.3146993606,399125.2926915623
30,2022,MALL,241164,33785,282063,,,
30,2023,MALL,230127,34181,199835,251415.0746606833,216122.4285364191,292470.98598091793
30,2024,MALL,264499,42182,208458,244079.51429409935,208443.9750276006,285807.29805289407
30,2025,MALL,277014,41083,202630,252481.35565217462,211547.93379697518,301335.18114688096
30,2026,MALL,267459,51301,304799,263688.682820769,210741.06421756535,329939.1208159071
31,1955,MALL,761916,194486,844690,,,
31,1956,MALL,1074543,157719,414848,1110813.2409092844,943599.4125533837,1307658.7795242828
31,1957,MALL,971591,229711,399228,1012982.8803247943,884000.0752486793,1160785.3263388618
31,1958,MALL,1204891,217117,318945,917041.516918171,811018.5423766583,1036924.6815087167
31,1959,MALL,669384,166016,218670,716365.2071785145,629627.6902682777,815051.685286039
31,1960,MALL,789479,183395,692558,785816.6500796601,678145.663651701,910582.8447198832
31,1961,MALL,487611,135480,219363,481114.6502688107,421728.6064611098,548863.1863170168
31,1962,MALL,351647,67884,383369,410491.26178602886,364964.40851810755,461697.28354299476
31,1963,MALL,394780,117872,198501,276201.2244173336,238529.49358372667,319822.5729802952
31,1964,MALL,264533,71784,357343,292318.99407977355,258802.48242248158,330176.0999352292
31,1965,MALL,225085,55853,439897,327509.7061517472,291201.1042760742,368345.47001550207
31,1966,MALL,393918,88593,587304,387646.468447805,343775.42469317385,437116.1336915626
31,1967,MALL,334945,62161,642054,440859.8694258545,390957.7676555643,497131.50767069886
31,1968,MALL,418862,94737,329573,390345.2625588724,345890.6995069515,440513.2147795515
31,1969,MALL,392476,54761,469731,442103.6749132923,396137.83917169564,493403.1542670249
31,1970,MALL,464833,102862,603695,515030.2380871587,460435.6365714669,576098.2102065061
31,1971,MALL,611493,128242,406953,512650.3282440692,459830.2205705163,571537.8139407198
31,1972,MALL,567782,118699,646164,526300.5095338981,472184.31856978283,586618.8592934071
31,1973,MALL,562549,111886,466551,526221.5847871777,474428.8827427478,583668.419795763
31,1974,MALL,319459,55176,836676,488861.4272642657,435167.8187146323,549180.0744199175
31,1975,MALL,429753,53384,806149,480805.0560327165,429360.7580545565,538413.2051426313
31,1976,MALL,524661,55069,398981,464439.1788387456,419206.2473681372,514552.80591508513
31,1977,MALL,721080,168123,254673,430261.03243108955,379722.83956819336,487525.4705226154
31,1978,MALL,356151,46793,393614,398292.0389872158,358702.86683416285,442250.57279493497
31,1979,MALL,434051,53539,697459,409742.0368147395,364347.12970826344,460792.80730857264
31,1980,MALL,452892,86241,311330,446993.05786941736,399540.3606202024,500081.62748139
31,1981,MALL,398510,84523,160516,394458.1285177595,338967.75933987537,459032.4916350509
31,1982,MALL,415349,94681,629722,354602.2868187693,312631.9801426822,402207.03512069664
31,1983,MALL,340393,62012,715446,376904.2806472266,330121.0385079009,430317.4296684623
31,1984,MALL,319288,85354,548332,338116.94074734993,298807.56078913645,382597.6334682603
31,1985,MALL,243014,63423,737129,320048.33867909946,278248.9891830864,368126.9045827603
31,1986,MALL,283101,62738,402474,288812.9616290435,254976.33370844426,327139.8784026712
31,1987,MALL,238985,53797,260876,250221.59245832602,219044.15932714674,285836.6346069519
31,1988,MALL,412263,117597,378725,268227.8992684756,236166.0747461279,304642.4259848485
31,1989,MALL,258608,62925,220599,252939.86243978262,220405.3008966156,290276.9295964721
31,1990,MALL,298479,70483,284859,255966.74435361286,225193.4341765893,290945.3131018464
31,1991,MALL,205734,48432,213222,240995.31390529356,209886.0895003626,276715.53394781146
31,1992,MALL,209226,50327,376385,258812.77877461485,228163.81864699392,293578.7753476936
31,1993,MALL,206593,55945,189633,237278.41942683113,203813.9148421394,276237.5099330299
31,1994,MALL,209015,46222,564677,282575.58254868374,247239.05998304338,322962.56043929444
31,1995,MALL,396540,90383,680902,349709.5438482104,304359.41688749817,401816.92522997747
31,1996,MALL,430428,93492,666917,392211.622097071,342647.3093473231,448945.4675743171
31,1997,MALL,405761,85428,497368,416312.90598405164,369122.9434044851,469535.7977219139
31,1998,MALL,478592,103723,284623,408560.9071039077,362400.2827809352,460601.22672274354
31,1999,MALL,391603,95973,344405,397449.6207962706,354464.86087970744,445646.99778437935
31,2000,MALL,452782,91375,272859,384224.6528793484,342206.69169185584,431401.80325050367
31,2001,MALL,235739,59106,202365,346419.24118071323,305689.8574752836,392575.31032060564
31,2002,MALL,228879,27901,127377,307693.61030451674,263087.10813219973,359863.1589908768
31,2003,MALL,397476,92950,275468,297518.7303079072,264442.62597476534,334731.946325764
31,2004,MALL,268734,55784,277817,318053.8298212129,282980.2004739774,357474.616579203
31,2005,MALL,328905,54247,527635,338996.09481321595,303249.3489923832,378956.6331484436
31,2006,MALL,318435,52582,624197,371547.03319559013,331541.4926493146,416379.85270960734
31,2007,MALL,470121,102897,1076681,404636.29665960977,349242.72352611605,468815.87373189774
31,2008,MALL,441083,93013,382709,366905.0013860772,327941.63232134416,410497.6824357766
31,2009,MALL,395018,57703,437833,333909.2325995626,300448.7980907217,371096.09465491126
31,2010,MALL,442355,82491,761893,379774.53260129923,335984.8763865963,429271.3921045082
31,2011,MALL,346593,65702,586465,406733.4745242934,364457.8940702514,453912.84422753105
31,2012,MALL,438373,84725,392778,402567.0025277545,362057.3086807346,447609.22549719125
31,2013,MALL,331537,50571,459849,443314.4289647515,400371.9786706212,490862.7311553776
31,2014,MALL,376291,68643,405130,481637.0816876075,433939.8400599968,534577.0474185597
31,2015,MALL,562193,97293,397514,498169.9381549078,448416.4761501305,553443.730283844
31,2016,MALL,520597,71544,384075,490146.7377299643,441263.9085251752,544444.7639288857
31,2017,MALL,558472,78956,477636,474567.26670168387,424891.53937890293,530050.7770851831
31,2018,MALL,349087,52287,346804,414602.6915230254,370720.7763364151,463678.8731315894
31,2019,MALL,327141,44112,247444,340663.37258527783,299544.4227995695,387426.7874412335
31,2022,MALL,218695,36229,457794,,,
31,2023,MALL,215778,44308,329244,255541.6747992452,220083.96679961187,296711.97092998936
31,2024,MALL,268989,35777,252485,243825.95955465594,207832.80000318607,286052.5314187045
31,2025,MALL,236484,32953,219272,243786.61027064917,201719.89703012674,294625.9254652369
31,2026,MALL,244928,32321,433399,238842.16687924924,191264.93747956117,298254.2510472998
32,1955,MALL,1268395,110991,958005,,,
32,1956,MALL,1659374,160966,729674,1295467.379612856,1124960.313320582,1491817.7217179304
32,1957,MALL,938998,102788,344416,1048495.3588041086,932308.0786079973,1179162.2776401911
32,1958,MALL,881513,99168,368032,959255.2999773128,869066.6871004051,1058803.3624953055
32,1959,MALL,448595,63354,160002,617375.9174723844,541829.8948401801,703455.1380508351
32,1960,MALL,664322,64002,394964,708602.8627516886,643899.8067522008,779807.6841062388
32,1961,MALL,526125,93500,252231,501657.0997727631,454120.63728611637,554169.586426135
32,1962,MALL,327921,54197,311113,432676.6263123786,392006.72422425513,477565.9482054321
32,1963,MALL,493775,70002,268896,346995.6240335009,311556.45002761367,386465.9617469867
32,1964,MALL,363491,65018,322555,351057.3908003884,316626.6125349921,389232.25893387775
32,1965,MALL,338421,47597,610148,521849.9041828351,472727.7783001332,576076.4122533423
32,1966,MALL,618235,90390,595118,589886.0863252481,536848.9151316368,648162.9840954341
32,1967,MALL,641514,47117,688814,706029.3040672775,642432.7222095794,775921.5260506406
32,1968,MALL,750096,109128,404228,619746.2195469324,564523.5567563354,680370.8579489745
32,1969,MALL,705146,72878,781769,884382.3344881883,802682.4821713426,974397.8857480806
32,1970,MALL,1028905,170361,733388,988316.2882193541,898138.4250093274,1087548.4873609962
32,1971,MALL,1244671,165739,495343,903116.5710535368,827705.6312401239,985398.0813075808
32,1972,MALL,776280,119322,357204,820172.1401495129,745636.3765053336,902158.6937994842
32,1973,MALL,836699,123766,326802,785311.3461817665,708567.4168202024,870367.3014057155
32,1974,MALL,661006,107855,755035,880082.4617168545,802013.0990608344,965751.2331514274
32,1975,MALL,787154,63270,785676,892362.9389099004,814403.3665562241,977785.2688738114
32,1976,MALL,1026314,101010,553390,795653.7240798977,731620.5824118111,865291.1958207779
32,1977,MALL,908371,139918,265677,670516.1315598495,602188.5811759289,746596.4927532185
32,1978,MALL,656769,84479,566432,661584.7315285968,604286.337725378,724316.1555485615
32,1979,MALL,667165,68761,660383,720330.0823545534,654611.1631952032,792646.7752432609
32,1980,MALL,680110,78121,358224,657129.5204322836,599456.5661084654,720351.1163900237
32,1981,MALL,375943,61090,126223,481074.0027537893,416219.34490512515,556034.2135906887
32,1982,MALL,589527,68119,704505,551106.1592062109,493503.0112769606,615432.9188977751
32,1983,MALL,555049,71354,711918,592273.2600864059,531656.7939984119,659800.8688560601
32,1984,MALL,419029,48556,266938,399534.66920214467,357279.1253557194,446787.7929770905
32,1985,MALL,311097,37485,722930,449783.65726580826,402423.44575736666,502717.57392928377
32,1986,MALL,463803,78993,615206,457551.0197966435,410320.9240367545,510217.5479069541
32,1987,MALL,374354,55426,347497,368680.36746734637,331971.21911615576,409448.78811406146
32,1988,MALL,356340,91221,149146,258046.34882805363,223250.0427095097,298266.09363803326
32,1989,MALL,228628,43297,222911,289765.4650037322,256557.18798290135,327272.15857395914
32,1990,MALL,329549,52558,277138,337716.64407974336,303112.8155533384,376270.89926989377
32,1991,MALL,276698,46665,437338,416523.9654522449,376236.9789404862,461124.8322390612
32,1992,MALL,419433,51475,349776,396609.73196690273,359099.61243989377,438038.0096266109
32,1993,MALL,321869,46205,337279,389658.30578279804,352457.86055499606,430785.1015904043
32,1994,MALL,546396,57385,742871,545648.852402529,493999.0252939252,602698.9019888216
32,1995,MALL,562353,61434,343488,504238.0835589917,454847.6985236412,558991.6047426795
32,1996,MALL,756737,66308,1041421,747797.4784770784,672700.0537625185,831278.4660696487
32,1997,MALL,876758,89997,972050,907821.9793581591,821076.6418349736,1003731.8128596919
32,1998,MALL,856653,78214,344989,731356.4095171904,665591.6629202472,803619.1369872481
32,1999,MALL,968843,92101,807043,829794.8835716716,754779.3421266974,912266.0231553373
32,2000,MALL,829705,74689,322493,696101.3228124449,634447.1995590642,763746.8523117431
32,2001,MALL,563788,63770,378874,618645.1162769647,565955.9191386446,676239.5567411358
32,2002,MALL,300956,51379,193792,502762.4616615403,445418.82355242624,567488.5736530183
32,2003,MALL,723376,91538,851096,641160.5942339322,575725.8700564872,714032.3702286915
32,2004,MALL,536825,91191,372215,594989.7148697033,538605.3853929644,657276.6823384888
32,2005,MALL,524710,79235,550857,601502.6980874949,550323.1189280354,657441.9343154083
32,2006,MALL,624529,66572,636964,646401.5413862825,591865.1755592219,705963.0638206952
32,2007,MALL,655963,77274,600079,631602.9090997151,578325.7521886181,689788.1224786207
32,2008,MALL,539616,97064,251415,461824.42882352794,404967.6347956887,526663.8238035521
32,2009,MALL,580667,71840,640724,559004.2671209903,510108.623724355,612586.72393731575
32,2010,MALL,527072,57398,766013,658706.8003646266,603965.5296902956,718409.6235907678
32,2011,MALL,669511,80739,924670,754781.1113323669,689546.1727666083,826187.6412690181
32,2012,MALL,914244,84850,880236,823969.7201589064,757017.1707113236,896843.7256195926
32,2013,MALL,987910,95084,888564,909311.1357421167,837660.0891339193,987091.007809049
32,2014,MALL,885642,77368,867290,982862.2172037112,904328.1044730368,1068216.4285599703
32,2015,MALL,1078691,90821,770225,979570.1067856945,901047.1110285209,1064936.0975286053
32,2016,MALL,848007,86488,503192,818901.1900609585,748662.6497023321,895729.4174484115
32,2017,MALL,830052,75258,584358,768723.0020231861,704292.4288680719,839047.8579888771
32,2018,MALL,592086,72333,554663,684269.3612429588,622916.9003213086,751664.5615078519
32,2019,MALL,468789,42196,359802,523440.08468118217,468094.91174229636,585328.9907194816
32,2022,MALL,339475,39689,383770,,,
32,2023,MALL,400720,49424,564886,381126.06526070443,327928.91521919856,442952.9415666565
32,2024,MALL,325690,36410,338242,351897.97182929184,306963.5979197776,403409.9919884689
32,2025,MALL,359180,45087,330774,336464.0326807538,289125.48990608193,391553.31937204604
32,2026,MALL,363543,50167,359149,347081.8087550727,289086.36197120126,416712.0895889708
33,1955,MALL,271599,27963,213286,,,
33,1956,MALL,247775,44090,103113,202572.6849829244,165900.50470977387,247351.22278849548
33,1957,MALL,168424,18327,72860,173986.1549745399,146179.93813341326,207081.64546626894
33,1958,MALL,175574,21457,108156,199406.34237755163,170769.50086201687,232845.3803499846
33,1959,MALL,131879,18346,79415,170375.07839001127,148100.4124130642,195999.90886886895
33,1960,MALL,154918,33498,90004,155058.01527832067,135629.2301982114,177269.95918884888
33,1961,MALL,92528,14974,80336,123315.97265957655,108209.29553472929,140531.63397683215
33,1962,MALL,58250,10808,45186,70798.78936669252,60500.50093440154,82850.03427036296
33,1963,MALL,95582,20707,43277,55944.0236024348,47386.67466364502,66046.70614777088
33,1964,MALL,65850,19371,64668,67639.8122777909,58692.017672869064,77951.72812894617
33,1965,MALL,54364,11909,112182,102203.5355904585,90088.58577950571,115947.68190451918
33,1966,MALL,157489,23333,132956,128940.66375831919,113770.48191259548,146133.64108986256
33,1967,MALL,204371,9962,194890,180702.63809696154,157155.50666758418,207777.91442122436
33,1968,MALL,145475,39019,65120,110883.10854244293,96262.72885616745,127724.03095289406
33,1969,MALL,180379,20650,140011,163836.93414648442,144835.69993558535,185330.97159372657
33,1970,MALL,172445,30806,102559,161726.93149357731,143286.1349451451,182541.04195316258
33,1971,MALL,217105,38612,120441,173315.79863092018,153513.42628755313,195672.5661168386
33,1972,MALL,126179,20164,63142,139827.85153387627,121347.9452456365,161122.03651246248
33,1973,MALL,134264,29394,85656,141469.09820073156,124282.69734650532,161032.1160791172
33,1974,MALL,133476,22107,122930,150093.88122743636,132406.1913176239,170144.4090924256
33,1975,MALL,131166,25744,192745,156440.8830663588,135584.8157284403,180505.09390078057
33,1976,MALL,153597,21525,96831,129334.84180285572,113683.12080140212,147141.4681990627
33,1977,MALL,182282,97488,44546,97649.04360814652,82348.46414723925,115792.51436355263
33,1978,MALL,116176,13834,161583,111315.78693489809,96128.91255948995,128901.95146301335
33,1979,MALL,103318,16692,130155,119888.28588053996,104054.64803023532,138131.27393595752
33,1980,MALL,71499,13848,48114,92146.83318684569,78610.68205121423,108013.8048011404
33,1981,MALL,54635,10647,28420,68019.90020950465,55718.46211626804,83037.23126557932
33,1982,MALL,80064,10777,119019,86699.28921429727,74684.79238455275,100646.550793908
33,1983,MALL,70260,15263,95962,84241.72483319593,72791.44296369638,97493.16559655583
33,1984,MALL,35538,9499,35218,50887.694131109965,41851.627399516874,61874.71252339632
33,1985,MALL,56178,12394,108016,64375.295610158784,55238.3297666773,75023.60593450307
33,1986,MALL,70732,15489,112817,71382.46250972566,61213.71609493539,83240.42843682169
33,1987,MALL,88727,19284,150913,83930.28130354517,70958.41552148122,99273.52616209006
33,1988,MALL,61835,24064,37148,46920.62008754844,38815.98541683591,56717.4726020266
33,1989,MALL,47979,8141,71109,58033.13997184008,49683.66196256166,67785.77105546225
33,1990,MALL,87020,21393,56782,56849.42235150057,48498.22416104705,66638.66311820681
33,1991,MALL,58013,15126,157120,90414.59879570515,76212.72004715979,107262.93026058945
33,1992,MALL,43803,13839,34489,48521.78779765136,39988.49113225565,58876.03719014103
33,1993,MALL,47588,13590,93982,67069.22211612595,58009.2507791106,77544.19329411663
33,1994,MALL,97012,18087,178041,102747.07944326024,87544.65784452888,120589.4522184073
33,1995,MALL,76188,14364,52691,73495.09397840095,62495.85811787403,86430.18916079389
33,1996,MALL,124527,15684,197625,123535.30337995174,105596.52238367224,144521.5319281805
33,1997,MALL,200740,33148,163437,146635.2789321644,127118.99113414888,169147.85773293828
33,1998,MALL,105169,11752,49289,103101.08288092975,88387.33733936476,120264.20991059965
33,1999,MALL,121086,13174,93533,116145.97775431043,101983.7467324049,132274.88281932691
33,2000,MALL,90331,15475,36607,89867.73388142447,75743.12115785984,106626.31100388002
33,2001,MALL,60320,15006,41981,81143.9674347036,68807.32615431247,95692.47664525862
33,2002,MALL,52344,14402,68500,90985.68107657674,79043.38145730278,104732.28761651997
33,2003,MALL,153150,32975,258746,141393.15388197487,118258.98508984101,169052.89648396647
33,2004,MALL,177480,43732,156775,137950.9067100605,118952.28338232286,159983.92061934873
33,2005,MALL,121113,28440,115679,119972.69305264275,105097.90985715992,136952.74337868352
33,2006,MALL,116701,17909,87593,106089.1650598878,92710.15272520843,121398.90413581255
33,2007,MALL,180845,32375,144895,123283.38800720026,107686.80828490111,141138.86371600197
33,2008,MALL,83552,19059,51422,85309.87293443066,72057.20808609067,100999.95008679148
33,2009,MALL,77005,34843,109183,102833.7062879365,89945.85444335008,117568.18826568397
33,2010,MALL,61945,9538,189975,143464.25221958314,123904.94705426684,166111.13724062883
33,2011,MALL,134080,44566,227698,175582.59778610352,149957.97618626384,205585.92099844947
33,2012,MALL,150775,23649,135196,157920.39588935365,139226.68860078274,179124.07232035525
33,2013,MALL,147085,24548,99533,147101.9510212264,130210.57777492337,166184.53250131148
33,2014,MALL,196686,20729,123776,174731.95211104376,155297.41891818392,196598.59964975348
33,2015,MALL,198866,20272,106691,178401.82360826075,158501.03017986385,200801.28583792856
33,2016,MALL,127224,18049,58942,137190.53309120107,117404.3573409033,160311.27631146854
33,2017,MALL,169595,14647,125860,169862.989594681,149772.32672834015,192648.64120310833
33,2018,MALL,130725,18080,122674,165259.8578664783,145025.30718878485,188317.61953447957
33,2019,MALL,136778,21148,109404,141365.95944220567,123360.11472234067,161999.96679636804
33,2022,MALL,78604,25575,88260,,,
33,2023,MALL,144729,20508,140805,106788.6854630595,85975.6913729761,132640.08885321635
33,2024,MALL,77419,19646,91405,99245.30092015142,80829.5398786082,121856.80840845843
33,2025,MALL,121974,24840,62774,90053.58469658002,71288.09950856357,113758.79245777804
33,2026,MALL,60478,10701,48899,87202.20548340298,64764.48712579363,117413.4927742077
34,1955,MALL,392417,62755,1198551,,,
34,1956,MALL,728706,61349,746712,990612.9608202747,852172.1676601877,1151544.3420776208
34,1957,MALL,880904,134643,636051,930012.1728955426,822772.1855021243,1051229.8020940518
34,1958,MALL,1401157,251641,466716,814656.8199332892,732289.5852631661,906288.6426621992
34,1959,MALL,461177,39977,169001,492883.46779785573,428754.4003184439,566604.3605570187
34,1960,MALL,767789,78092,487277,545131.5161500085,489642.00606971805,606909.4689921159
34,1961,MALL,171530,44185,58913,184889.4848909832,149482.53530483932,228683.04684250586
34,1962,MALL,147680,25974,269424,232056.42326150715,204779.17813307678,262967.0851688297
34,1963,MALL,209356,50593,239079,208017.08841187067,183566.61699666528,235724.28243931787
34,1964,MALL,276995,57396,481798,260774.731662179,230514.89510583723,295006.79616498866
34,1965,MALL,188063,49349,435059,256072.45519430336,226939.39905336328,288945.4302900459
34,1966,MALL,215750,38535,569686,297619.72816766816,262282.9543612066,337717.3435091437
34,1967,MALL,248320,51346,545139,317758.4496554262,280553.3313007555,359897.46355632786
34,1968,MALL,162090,27285,123577,183306.79063305754,152594.16547399803,220200.9453494947
34,1969,MALL,254288,62265,267136,241410.29689897367,210896.01401759917,276339.6535507175
34,1970,MALL,375768,91406,721304,390596.56418312155,341918.9039558182,446204.27296226216
34,1971,MALL,293770,72467,608658,420108.35006499215,371062.7757125802,475636.56972974667
34,1972,MALL,452174,74724,545974,404529.9066393741,359720.77229083277,454920.7551276878
34,1973,MALL,186802,41209,227611,342820.42941907357,296992.2975651125,395720.1846331106
34,1974,MALL,334893,72313,943095,366452.3680419172,320217.77391009533,419362.53695034236
34,1975,MALL,425431,97591,763930,387129.96560584224,343254.3967516822,436613.81088848674
34,1976,MALL,470968,76650,656617,355815.8553813412,317932.3778655579,398213.3678574006
34,1977,MALL,244540,46173,338738,330039.7806501061,295133.5339956388,369074.48413903295
34,1978,MALL,342863,33886,545474,317873.39530691353,285033.9709625917,354496.32583340886
34,1979,MALL,397634,84854,667777,345347.7445681316,306184.5964972035,389520.1327653488
34,1980,MALL,378484,47643,273319,331559.3586937594,296954.54003863747,370196.7591507897
34,1981,MALL,231417,46283,97262,257914.71180467092,218558.93709297283,304357.2569031552
34,1982,MALL,363248,45061,247506,238666.2464662396,212964.09812728135,267470.32811248704
34,1983,MALL,232889,22322,464631,261899.7077064391,234406.17934409122,292617.9552460986
34,1984,MALL,240080,34858,260341,218847.60250522944,195317.70980410028,245212.1375492468
34,1985,MALL,194158,32666,560424,227981.98404757757,201689.20199159632,257702.3684809639
34,1986,MALL,234867,35888,529120,234166.99393760375,206807.057742597,265146.5653460593
34,1987,MALL,196584,39634,251539,185291.22198582842,164465.588483042,208753.92391607558
34,1988,MALL,159487,37692,213804,166684.17971816676,147286.36385146435,188636.71450493133
34,1989,MALL,96449,16976,63931,110780.3181345965,89769.18973725667,136709.25316271486
34,1990,MALL,203247,36118,453632,194987.95008415112,170878.2890541283,222499.30572499998
34,1991,MALL,143767,15172,257812,192342.1061195434,171310.15249024334,215956.17801232595
34,1992,MALL,184566,17261,378313,202447.50177592042,181192.49783804733,226195.84952101234
34,1993,MALL,158904,32050,202973,174030.95858053063,152688.5437039979,198356.5617285101
34,1994,MALL,161414,31049,472266,221622.79996638154,198885.5083529717,246959.49881762656
34,1995,MALL,273950,30703,560989,277096.3967035729,249125.2572418027,308208.06335014966
34,1996,MALL,289159,24869,572991,318968.1891028924,287650.6627593607,353695.3632701745
34,1997,MALL,356299,39887,578141,357804.53325417417,323663.52957670763,395546.8328009319
34,1998,MALL,466310,49891,403037,357735.4001658852,325141.94033145235,393596.15188796516
34,1999,MALL,403644,44751,614884,380403.85980470205,342870.1077889505,422046.40552505705
34,2000,MALL,334527,41688,348144,346418.2401988172,314077.53170417063,382089.0863835449
34,2001,MALL,334643,35873,480083,325644.54222081765,294280.2081960985,360351.68157670146
34,2002,MALL,255241,44130,157284,261579.2629936355,228205.53180409115,299833.70818124426
34,2003,MALL,355144,37033,333625,256062.9829639358,231272.97122542615,283510.22126350534
34,2004,MALL,266702,38357,281582,262961.5630034269,236217.99126972695,292732.9254029905
34,2005,MALL,228656,29558,528010,291748.3865649624,264357.1348208911,321977.77117280307
34,2006,MALL,278221,23849,653893,324876.6796594584,292944.5198831942,360289.57643119
34,2007,MALL,295853,32551,488059,305820.5472100971,277367.317638003,337192.60038396425
34,2008,MALL,290465,39862,381112,271743.9224326961,245490.2099634721,300805.3127254849
34,2009,MALL,290669,44030,415188,265478.3846958211,240394.90605382732,293179.14384143124
34,2010,MALL,260801,29662,539068,291309.1139544644,264097.4835051457,321324.53042204655
34,2011,MALL,363291,45197,580653,322624.08607037336,292236.4477391801,356171.52383962827
34,2012,MALL,345558,37225,590340,357428.5417839702,324280.7368756234,393964.6977267581
34,2013,MALL,291394,41323,511762,380989.0280434217,346327.12510551483,419120.04277819063
34,2014,MALL,354654,51932,489857,406387.4257171965,368718.5892121848,447904.56628160767
34,2015,MALL,432333,45790,597424,451027.1942285705,407857.4709038955,498766.2221384939
34,2016,MALL,457089,49180,610225,457658.5908289245,412391.8118556748,507894.14274990227
34,2017,MALL,428258,73717,510220,406131.1206942791,366135.4850728579,450495.7697928921
34,2018,MALL,406802,37680,406454,335785.45112164743,300482.6931875298,375235.8180396113
34,2019,MALL,299623,43474,242083,254937.7804596145,219621.82976781277,295932.6583080852
34,2022,MALL,273260,48212,539452,,,
34,2023,MALL,178180,23327,578161,205881.5330001923,173442.19609305146,244388.08193923358
34,2024,MALL,146605,31581,336424,187522.85228943193,155433.42234134613,226237.18632109198
34,2025,MALL,193412,29945,482120,182099.84487910726,149266.3802436647,222155.54132727993
34,2026,MALL,187878,44683,564512,190343.1572173626,148986.04319779392,243180.61424971177
35,1955,MALL,180729,20734,732851,,,
35,1956,MALL,277556,31853,452487,309752.8358496062,254948.64035918593,376337.8348741057
35,1957,MALL,300560,46568,299313,284031.7359343014,241623.33149737568,333883.4313636178
35,1958,MALL,341486,69147,343959,288048.6936961225,247623.7217237524,335073.10754583427
35,1959,MALL,149298,25211,77376,157528.2857966098,130397.80195257984,190303.52087562488
35,1960,MALL,249812,44113,270172,191143.29658539998,166324.55686781998,219665.45720948206
35,1961,MALL,62829,23160,41837,74157.109324152,59468.27339989615,92474.13030363574
35,1962,MALL,42818,11412,59938,57593.756012233964,47109.749071463644,70410.91911920217
35,1963,MALL,55762,9322,129744,75373.49668880801,64358.037770733245,88274.35080193286
35,1964,MALL,170117,38463,393969,137135.4951824169,117400.56911128324,160187.8439030433
35,1965,MALL,97385,25652,332170,140432.91853080838,121152.69330021826,162781.3965159711
35,1966,MALL,115169,26737,388506,159384.30746911498,137202.0363933395,185152.91853672944
35,1967,MALL,105973,27676,298965,156609.23629137597,135680.34055078533,180766.44554549703
35,1968,MALL,63721,21044,58512,83246.85072060941,66570.2678342324,104101.10069191873
35,1969,MALL,167990,50341,179628,131049.3135984052,112281.37229409894,152954.3346658557
35,1970,MALL,258198,60438,518056,233465.73260999448,200376.4301705967,272019.2602329319
35,1971,MALL,197453,45529,391727,246382.63884103813,214081.66400184933,283557.235064041
35,1972,MALL,248553,38168,302777,228644.86451221758,200271.5613052044,261037.9313323493
35,1973,MALL,104183,27981,117041,187153.7885848205,158423.19322801894,221094.77702067202
35,1974,MALL,147106,41292,460946,205876.4499714286,179282.42685959802,236415.3218766462
35,1975,MALL,213512,56603,480885,222989.70225437067,195172.6446415656,254771.39689740702
35,1976,MALL,363352,66411,670848,217953.12822541164,187903.54224103352,252808.25223777568
35,1977,MALL,137133,33178,170320,197182.2396926847,172414.78663409964,225507.54728906546
35,1978,MALL,154606,22360,280655,178682.53611670076,158356.38526027373,201617.69075885564
35,1979,MALL,263872,52751,480873,200924.33727683974,174972.87920208878,230724.83858204307
35,1980,MALL,257393,26236,137210,188707.85795077292,165898.04515977358,214653.8593512243
35,1981,MALL,94872,19684,52607,139418.88443499574,116351.91525504296,167058.92029788674
35,1982,MALL,186168,28856,210367,143962.67513531298,126999.5239318198,163191.5710427552
35,1983,MALL,152854,16458,323346,163738.21530567546,143827.0413352549,186405.85874942844
35,1984,MALL,105398,17474,131871,123966.98359248774,108395.6046164024,141775.24149069298
35,1985,MALL,93359,19024,207783,116777.27973780458,102862.34885663966,132574.58355308804
35,1986,MALL,137930,22183,346258,138925.86951870102,120468.62614650422,160210.98470945915
35,1987,MALL,121064,21881,184291,120905.38667516608,106031.26674118346,137866.05570556322
35,1988,MALL,50439,12202,63390,80537.13027004451,67515.61016553306,96070.06936960724
35,1989,MALL,65276,15765,73088,78715.43127320049,66606.24912794918,93026.09292145152
35,1990,MALL,65754,14738,97383,90661.51179061191,78287.23732118217,104991.69470545757
35,1991,MALL,86815,15442,144762,107851.08129080352,94746.90199160902,122767.6630168409
35,1992,MALL,162663,28484,229072,131163.19265038602,115690.76795274507,148704.8915888372
35,1993,MALL,92322,15315,96326,104433.85945141927,89923.74329692467,121285.33132685753
35,1994,MALL,115894,14315,287995,144856.17623671165,128288.95638512584,163562.88479679395
35,1995,MALL,174639,27196,331352,186181.7683731019,165471.95722477668,209483.53700469228
35,1996,MALL,205641,20416,381601,221830.91526085266,197125.3712544539,249632.78269212518
35,1997,MALL,268601,38922,319462,241629.87088797177,216568.72943495723,269591.065421441
35,1998,MALL,237854,26236,241799,240526.58784161945,216840.00234758604,266800.5849123545
35,1999,MALL,261179,26371,362340,259949.82135936947,232198.42448676357,291017.9505917369
35,2000,MALL,238239,29765,209192,234433.3472282265,211036.7327285303,260423.83040173101
35,2001,MALL,238132,27384,292752,223086.58676291065,199407.73492617157,249577.2052771752
35,2002,MALL,227202,31510,15108,121823.57718673194,95846.93873841457,154840.45869295465
35,2003,MALL,258978,41389,287201,154630.44954928255,135512.96113979112,176444.9372717033
35,2004,MALL,151378,17133,224794,194273.7986081858,174777.92205084275,215944.37319534403
35,2005,MALL,185811,17995,281204,197909.55662942826,178086.05934696758,219939.68954608028
35,2006,MALL,155553,17263,260191,196827.20082389322,177409.89689066488,218369.70576700504
35,2007,MALL,157844,13133,213295,180841.17652022283,162831.04369991718,200843.34278104873
35,2008,MALL,133428,19935,119297,145362.43830067746,127923.19357545844,165179.10378976038
35,2009,MALL,142305,14646,279243,169654.41719447143,152205.03968338517,189104.25918530018
35,2010,MALL,107508,11851,166660,158326.32049681933,141031.05967537084,177742.57542815024
35,2011,MALL,224730,28620,375711,202599.8806715176,180929.20662059227,226866.14513370383
35,2012,MALL,254679,36724,361262,236140.11165196958,211774.31730737633,263309.3240011233
35,2013,MALL,279382,32746,338206,254211.44878717218,228738.85798731376,282520.69308686146
35,2014,MALL,307854,48306,366144,281957.50886463525,252471.9795897947,314886.5744797463
35,2015,MALL,285485,26113,342781,289440.29242798407,258673.28724632898,323866.77330550627
35,2016,MALL,245112,42982,203441,239733.70246828563,213134.35544973673,269652.6703913116
35,2017,MALL,271030,52997,289242,234906.31653187284,208883.46015807206,264171.119651189
35,2018,MALL,167269,21027,162021,183482.3013718702,160324.32357459428,209985.32328785473
35,2019,MALL,169372,15280,166272,153193.62433390698,133337.57144416263,176006.5545095514
35,2022,MALL,142862,17633,283909,,,
35,2023,MALL,96188,18123,304188,118410.72079811402,97532.42434514171,143758.33364207082
35,2024,MALL,79743,14987,227039,109315.93827858826,90071.68556172407,132671.8189762206
35,2025,MALL,125663,18316,209939,103867.45018679007,83864.92673897363,128640.75159671866
35,2026,MALL,109227,22351,195145,102829.11807859057,80007.46539825754,132160.51117463605
36,1955,MALL,16966,,69259,,,
36,1956,MALL,36748,,54593,21717.506060388525,16036.211750538047,29411.564078853447
36,1957,MALL,13377,,82296,24221.269185592755,18265.218967390727,32119.509873291903
36,1958,MALL,31770,,31778,18724.744449133977,14464.95393425395,24239.002507646575
36,1959,MALL,10032,,45630,17564.559510996954,14002.524755561648,22032.723112509782
36,1960,MALL,15049,7183,16413,9977.218613499508,7516.885179304854,13242.837809419185
36,1961,MALL,2780,,33134,9865.938208238575,7936.239160438497,12264.844186399707
36,1962,MALL,7425,,25166,7429.861961033578,5862.604594868046,9416.096185019316
36,1963,MALL,7705,,47754,8620.046890130245,7079.609406085846,10495.664961991986
36,1964,MALL,6790,,77402,11073.936208035087,9128.287375983142,13434.290364508022
36,1965,MALL,30259,,141807,16185.899412233206,12873.246183024787,20350.992753358023
36,1966,MALL,24959,,115818,16390.60890843304,13242.099751290605,20287.723656742666
36,1967,MALL,14611,,128954,18495.85288682995,14803.753095499867,23108.773282313683
36,1968,MALL,3082,,39765,12170.782431365637,9757.939200436524,15180.248815755265
36,1969,MALL,6850,,59610,14545.25746957169,11822.918403213076,17894.44091897267
36,1970,MALL,17342,5648,79444,18437.530664411886,14912.104636719592,22796.41574966242
36,1971,MALL,19163,6013,69920,19462.691863695854,15724.573679051551,24089.45274527916
36,1972,MALL,10425,3581,103819,21866.77751974259,17386.882779189094,27500.959497480468
36,1973,MALL,16437,8314,82621,21604.22011997289,17312.478908247624,26959.878447556497
36,1974,MALL,16369,8128,141671,22187.88754013391,17159.127763022156,28690.406662425987
36,1975,MALL,12896,5540,59721,20226.901159708603,16262.404326645792,25157.874709477597
36,1976,MALL,18585,11728,75452,18484.62338421758,14822.946939839525,23050.83483352619
36,1977,MALL,6245,2380,35568,17758.783042861298,14150.39123024874,22287.325490284285
36,1978,MALL,13200,5070,129904,18647.75509036201,14412.433002570488,24127.693766076995
36,1979,MALL,11245,4131,67575,21004.15674744298,16964.752174841655,26005.366664029814
36,1980,MALL,31316,2955,32444,18694.135720853432,15083.032249610473,23169.791363319106
36,1981,MALL,20765,5290,30420,16915.20895268695,13642.059376555673,20973.687770687662
36,1982,MALL,21763,2436,27028,15410.424961440784,12347.843503113641,19232.60506438341
36,1983,MALL,29115,9085,89234,17802.590003434972,14235.637727387213,22263.295603587405
36,1984,MALL,9543,5021,69312,17545.224325580453,14246.74847521186,21607.3791974742
36,1985,MALL,12936,4098,45424,14300.078379095801,11674.808464006492,17515.682786465753
36,1986,MALL,7484,2773,94302,16896.93484234649,13466.497736711539,21201.236776520804
36,1987,MALL,6431,1315,42082,14297.306493592207,11662.401678158398,17527.51951208669
36,1988,MALL,28206,10574,108225,19435.122573587367,15255.270266781472,24760.229274525776
36,1989,MALL,13383,2086,36639,14991.26025507594,12177.73781075802,18454.813819105406
36,1990,MALL,25712,4981,80723,18306.339111705358,14696.15809430357,22803.378238197587
36,1991,MALL,15910,3854,28783,13366.637043412034,10708.07603669744,16685.25561809691
36,1992,MALL,13200,1687,61938,15517.366796945842,12599.761719964572,19110.573490403618
36,1993,MALL,16689,5105,48325,15280.935413758458,12401.284493814153,18829.258149503166
36,1994,MALL,18006,2886,45760,15246.836064200452,12309.265153391423,18885.4498681877
36,1995,MALL,19146,8856,79658,19413.212264014954,15493.708562703303,24324.24805736405
36,1996,MALL,13525,3175,76862,22507.638986286263,17937.887332347636,28241.55394395001
36,1997,MALL,17343,6249,99934,26267.751737567174,20562.129507187274,33556.581827056536
36,1998,MALL,26252,15024,43021,23467.314740000817,18683.706868080542,29475.67444697535
36,1999,MALL,13713,5186,36786,21007.800570223197,16617.446286754584,26558.09305368678
36,2000,MALL,18543,5510,45551,20708.16100210495,16446.939045822888,26073.41894405645
36,2001,MALL,10177,4055,31052,18285.315883878804,14353.199376155282,23294.651471830377
36,2003,MALL,20152,9222,43959,,,
36,2004,MALL,14971,6430,47008,17258.236934463315,13740.438065587723,21676.65547956704
36,2005,MALL,18828,2534,56798,17973.352691006316,14350.245133407832,22511.21175646353
36,2006,MALL,13793,7895,77005,19525.85310682486,15499.11655282283,24598.75298375403
36,2007,MALL,30192,8912,134038,22847.68175455587,17453.45384203471,29909.06936140319
36,2008,MALL,18350,6058,71815,19880.386013598225,15878.75786808197,24890.4701068669
36,2009,MALL,12190,4721,29546,13991.745835465616,11120.998398152531,17603.54102351021
36,2010,MALL,12779,1063,19728,11165.423102083805,8603.843058560029,14489.649822763202
36,2011,MALL,19506,4622,55937,15406.652134573003,12470.314807819403,19034.397579674995
36,2012,MALL,4378,4380,22828,13706.871031238203,10637.414982879758,17662.027265964076
36,2013,MALL,20967,8732,35970,15871.49632051592,12683.450828895135,19860.872159354913
36,2014,MALL,9418,1505,39537,18450.569742736803,14718.168340064447,23129.476166196928
36,2015,MALL,15853,3137,38671,19152.243856792174,15117.542813069942,24263.76093560044
36,2016,MALL,20872,6072,73023,22797.07833870845,17858.116249591225,29101.993374755086
36,2017,MALL,35187,8554,85082,23285.292681039988,17807.38473498515,30448.31474755839
36,2018,MALL,22736,11635,59503,18699.801612155385,14130.703875105708,24746.295968314123
36,2019,MALL,11800,1674,64861,15952.065342732945,11714.864050184804,21721.838820212964
36,2022,MALL,31451,,65761,,,
36,2024,MALL,3835,2456,49204,,,
36,2025,MALL,11131,6268,54091,8890.239561027958,5084.743100674668,15543.825496705947
36,2026,MALL,3863,2068,59449,9018.8652112957,4867.892891944478,16709.473997286048
37,1955,MALL,202092,39549,729650,,,
37,1956,MALL,225903,101867,481836,296531.8782156521,233659.98482131594,376320.9813838894
37,1957,MALL,292985,73356,324959,282184.064609899,233175.8304188562,341492.710358219
37,1958,MALL,323927,55476,192648,240202.53942751704,201643.10058997964,286135.5522634483
37,1959,MALL,217563,16443,406415,255513.09404574975,217895.18258615205,299625.44584031275
37,1960,MALL,201519,29219,187237,186527.82685295472,161121.41447329006,215940.44655220932
37,1961,MALL,144008,28716,289760,164106.724062589,143111.79541277717,188181.67157275634
37,1962,MALL,83396,29317,313547,144863.37310150263,125489.67420915306,167228.07672102877
37,1963,MALL,155542,37335,247712,112452.60244228618,97061.43574489835,130284.3678232684
37,1964,MALL,171572,71663,289576,107497.98423430778,92536.70636532287,124878.19232314822
37,1965,MALL,85612,25055,443785,130020.27210663578,110197.319153416,153409.0964150244
37,1966,MALL,142927,75032,433194,140336.34263503106,118878.07093537916,165667.97315278143
37,1967,MALL,104781,35684,503289,159650.10265141926,134005.43095615064,190202.40519168926
37,1968,MALL,95409,34031,153852,116559.39806519148,97645.30538149446,139137.1886670813
37,1969,MALL,182331,47858,153143,116654.20280770394,97900.20426927062,139000.7624015993
37,1970,MALL,169861,50406,368228,159707.16044712794,135907.17318125282,187674.98801603392
37,1971,MALL,110783,38225,239925,166939.5156160833,143170.0114099097,194655.30245954532
37,1972,MALL,173288,34926,431494,177540.98099076567,150735.716330983,209113.0138125364
37,1973,MALL,73372,14075,137602,166782.9787922798,139980.0007515151,198718.11591289035
37,1974,MALL,151203,47646,559526,155665.24650338187,130209.75893406331,186097.1801754834
37,1975,MALL,153152,50251,264223,166026.6913230837,143429.43638005533,192184.1354702804
37,1976,MALL,222090,57190,444044,146214.15267201822,124532.91840447168,171670.0990830437
37,1977,MALL,108355,39412,208171,152627.24980845593,132369.14709394253,175985.70282816936
37,1978,MALL,125681,22532,312549,140785.80407202023,121949.96658117467,162530.93939974043
37,1979,MALL,121828,38883,268512,150393.94603551054,130978.60985328033,172687.27336065544
37,1980,MALL,148907,29672,103244,148466.15164122533,126985.8819695136,173579.91172945622
37,1981,MALL,162207,29094,107755,129607.11871461374,111540.75586485193,150599.70762487248
37,1982,MALL,167142,21061,131121,121288.8063424935,105736.75369942436,139128.29767599516
37,1983,MALL,146062,17721,271728,120225.13714958442,105537.81985299308,136956.43535909615
37,1984,MALL,66104,11012,159056,108220.75925480746,94859.77134678894,123463.64077635366
37,1985,MALL,105904,19625,234600,100929.98292067225,88882.43061177878,114610.51843711866
37,1986,MALL,149444,26212,383751,113588.5795088153,97864.93279553759,131838.4944052071
37,1987,MALL,72910,9896,165172,99791.15316053045,87382.53650002064,113961.83548764452
37,1988,MALL,106318,18946,318522,112828.28187402629,97820.62198607156,130138.42002003784
37,1989,MALL,85111,13318,99091,91338.44109896982,77662.56638202112,107422.54873927677
37,1990,MALL,123351,19638,348462,115390.56592982501,99152.27737525657,134288.21866806707
37,1991,MALL,86632,11753,147119,102067.32347789455,88729.45504933599,117410.14881866027
37,1992,MALL,111871,21332,261941,105947.28489862174,92514.90435038299,121329.93333569019
37,1993,MALL,97781,21652,216768,106581.91319840502,93147.32915891829,121954.15932593832
37,1994,MALL,139783,38438,157912,101881.32064290378,87936.24665876891,118037.82729345214
37,1995,MALL,155028,45575,332102,124873.64305081483,108187.57705901859,144133.24665063695
37,1996,MALL,144474,43074,371207,152526.89207258527,131682.73646822522,176670.4841445617
37,1997,MALL,143977,27086,467509,175870.4345943992,149653.1569395452,206680.63672667916
37,1998,MALL,154983,35766,194941,170964.79557301244,149637.76813042193,195331.44399645433
37,1999,MALL,178106,43104,185633,158300.63740664287,138813.00356549997,180524.0947151259
37,2000,MALL,108052,16892,184022,152134.90764522413,133733.49337886253,173068.3132508307
37,2001,MALL,148037,34812,324705,151314.42596846892,131066.23927451542,174690.71847107756
37,2002,MALL,134493,12808,77842,131860.81388496864,111093.12532264004,156510.80287740292
37,2003,MALL,146637,33045,143102,116880.53286036497,102183.01071910036,133692.07724048092
37,2004,MALL,137970,14313,219877,128929.995878786,113852.43994948374,146004.28277759673
37,2005,MALL,155289,34397,312438,141617.17894919228,124003.95459767128,161732.1434513684
37,2006,MALL,138450,32896,262458,143947.65455879102,126820.5503210142,163387.77272711115
37,2007,MALL,128831,32096,363365,147636.80562399345,128099.78251469757,170153.50023998658
37,2008,MALL,121076,14938,265560,142283.0677379349,124930.05839440748,162046.44122558116
37,2009,MALL,147638,22431,323996,141584.83933378235,123216.76752603817,162691.06170908746
37,2010,MALL,127364,23011,105458,116119.0299991084,98849.34774469341,136405.84824858076
37,2011,MALL,182265,45741,192078,123724.37925951071,108372.03421760502,141251.58887775594
37,2012,MALL,131317,27306,119516,128502.69589940179,109671.65236802465,150567.1018614886
37,2013,MALL,117470,21953,196320,151846.0288642511,132494.37305594614,174024.11853450566
37,2014,MALL,193584,33719,243717,183195.38177865327,159663.46615880146,210195.53635173605
37,2015,MALL,187084,68395,167806,180228.0589742411,155329.74623343133,209117.40364790123
37,2016,MALL,162089,36815,251910,187426.22601178513,162051.4009448362,216774.369071816
37,2017,MALL,164525,64490,250042,181279.10135766596,156131.7754502501,210476.7751104843
37,2018,MALL,162667,32909,189153,153431.30958831904,131667.4414029357,178792.61958121197
37,2019,MALL,138114,31588,187984,131008.09355616252,111868.02185773352,153422.9379602973
37,2022,MALL,174262,41504,247290,,,
37,2023,MALL,105708,16299,166486,89938.32831315565,73711.85324717565,109736.80003188511
37,2024,MALL,69326,18127,188837,84593.88064841474,68496.32864720905,104474.57235286171
37,2025,MALL,78951,9093,146848,85719.51545445636,67121.22004476195,109471.12291532605
37,2026,MALL,82949,20635,331839,83092.39799495257,60630.46195556102,113875.87001418734
38,1955,MALL,16043,2784,93203,,,
38,1956,MALL,41051,6497,83987,43871.42442842113,30232.68113753675,63662.95707028661
38,1957,MALL,27560,10970,34139,34455.08870849316,24279.930507700552,48894.42074529903
38,1958,MALL,18922,12368,39585,32345.214983334303,23659.595398063648,44219.392374044495
38,1959,MALL,20979,12065,42098,31039.03742134971,23266.077180159187,41408.8647855743
38,1960,MALL,31263,12511,37072,25165.635257214315,19151.97521949612,33067.56565006721
38,1961,MALL,23195,9824,36339,20026.80708017365,15445.273441980129,25967.36168725769
38,1962,MALL,12012,2297,31865,15053.333044660045,11654.420147913956,19443.510091234708
38,1963,MALL,18383,13386,53192,17077.382899343633,13396.71392479687,21769.294196167313
38,1964,MALL,19049,9706,38578,13675.88328401129,10776.099343254025,17355.981755586028
38,1965,MALL,12983,5133,72625,19203.409471857765,14997.860039987901,24588.23687916839
38,1966,MALL,15426,3924,62849,19824.650713954135,15622.38712578828,25157.280559353138
38,1967,MALL,17850,8279,70061,22626.129376290075,17749.453073487086,28842.67635926879
38,1968,MALL,9987,2846,27446,15651.447839514232,12243.227501026377,20008.43482263958
38,1969,MALL,26560,6478,36814,18429.221272629795,14623.119522933213,23225.974196744024
38,1970,MALL,29747,10438,63095,25824.11799912352,20336.448292127196,32792.60276194959
38,1971,MALL,12324,4140,60509,27973.74740990234,22070.65664296304,35455.69834246495
38,1972,MALL,32712,12058,48055,26407.92507792978,21003.068924356467,33203.64797321734
38,1973,MALL,10650,3588,33592,23567.135819528725,18706.05926035024,29691.442917288965
38,1974,MALL,18757,7851,67189,25612.799628851582,20109.53270434294,32622.115813065306
38,1975,MALL,13462,5254,53291,24955.604462931242,19851.35939237905,31372.269364553456
38,1976,MALL,13822,4269,61715,23838.870593395182,18870.52871584728,30115.306238950045
38,1977,MALL,11617,4601,39203,22274.59067430514,17901.360735653805,27716.18297818299
38,1978,MALL,5329,1825,31702,20872.782414256526,16800.452536741283,25932.22085893897
38,1979,MALL,30864,14530,42125,21851.70628690114,17678.719773891386,27009.708494513317
38,1980,MALL,27212,5545,31621,21894.550130092615,17795.305959453595,26938.077181217384
38,1981,MALL,18288,2318,23103,19703.644554930943,15880.818826669516,24446.699693788967
38,1982,MALL,30853,5999,25310,18289.442689192652,14838.977862399153,22542.234174287005
38,1983,MALL,22112,6782,34252,18270.616649399242,14985.79563055493,22275.456103824064
38,1984,MALL,8031,2001,36519,17622.354619770067,14481.645140671832,21444.206050371737
38,1985,MALL,6916,1526,29034,15464.920439246089,12637.358299601468,18925.1391408087
38,1986,MALL,42609,19152,70170,20818.115546853267,16735.75587094059,25896.286864142447
38,1987,MALL,30446,8925,37646,18713.53243715028,15487.084613606456,22612.15102864515
38,1988,MALL,18345,5327,43372,19995.22062971021,16600.754610116557,24083.775552416388
38,1989,MALL,14741,3962,38177,20585.424278655908,17174.839118160373,24673.284554042788
38,1990,MALL,19679,4150,35651,20588.457349036045,17249.690340575176,24573.46002414918
38,1991,MALL,16416,1913,32391,19946.47324398828,16731.065559662522,23779.824031791402
38,1992,MALL,28652,3608,54005,24560.2414314452,20699.527313312337,29141.02578482274
38,1993,MALL,23160,3432,55712,26741.147688153356,22629.235696559226,31600.226771616453
38,1994,MALL,27299,7107,37030,24609.299700236817,20872.96654899481,29014.449398676443
38,1995,MALL,38163,9754,65241,32418.99567757721,27526.21015805258,38181.474118961145
38,1996,MALL,30884,4108,54466,37020.80342529054,31785.075361370928,43118.97551514538
38,1997,MALL,73823,13024,84498,47333.27812065273,39790.988208831965,56305.191665226776
38,1998,MALL,37457,4389,44343,44806.8347160023,38763.09877359394,51792.87778289785
38,1999,MALL,43411,4062,32579,40177.47098187049,34343.19697550584,47002.880240017876
38,2000,MALL,25678,3391,27548,36969.83778843357,31230.78764510248,43763.51059840861
38,2001,MALL,41374,5911,122896,51379.161123432605,41381.20201014397,63792.69014709957
38,2002,MALL,42217,7272,45849,44828.57158613275,38649.46497033919,51995.5666138007
38,2003,MALL,36547,4093,59636,42924.55880066173,37054.606648534274,49724.39097000505
38,2004,MALL,37963,4691,32326,37780.110725411476,32308.430099456138,44178.46246414734
38,2005,MALL,53762,5713,38400,37943.4820887613,32767.424219391578,43937.16831023106
38,2006,MALL,73646,13279,59072,44622.44206044059,38528.406030557104,51680.371460427785
38,2007,MALL,37065,11181,39634,41162.20275982898,35441.898216878064,47805.76157837968
38,2008,MALL,30041,4546,37256,38135.32013407786,32671.005549239228,44513.55620312302
38,2009,MALL,41021,5904,44435,39972.35292966062,34411.337904175976,46432.05106359578
38,2010,MALL,28165,14029,67179,48266.218985838335,41016.453777871924,56797.399107324054
38,2011,MALL,77133,9097,63388,52156.14132568614,44431.09563144095,61224.30787099464
38,2012,MALL,24512,9574,23823,38910.236884382386,31821.536309463903,47578.04650520526
38,2013,MALL,30438,6135,44812,49874.448225108514,42671.93604152737,58292.65827869373
38,2014,MALL,75545,13289,40191,55573.84951389803,47335.89211162994,65245.47467089109
38,2015,MALL,62551,15675,37532,56006.79283525884,47428.14662942907,66137.11617702655
38,2016,MALL,46248,7910,54347,63091.0833329206,53480.76520095248,74428.34411895512
38,2017,MALL,62680,20958,50874,59288.01920559031,50132.02028628989,70116.24908090422
38,2018,MALL,40272,5294,41640,49007.18023239137,41207.9790095017,58282.49217891294
38,2019,MALL,49963,7694,51069,44963.643873892746,37353.6370039141,54124.02733919607
38,2022,MALL,54728,12359,45758,,,
38,2023,MALL,24971,3295,28495,26264.169741875477,20344.77321323213,33905.83935245839
38,2024,MALL,12900,3461,35220,25607.614785418016,19571.593454418275,33505.188860865295
38,2025,MALL,49137,9188,37890,26594.972163218707,19740.850009485217,35828.87991259409
38,2026,MALL,17783,5146,44076,27777.622074172767,19688.61811870063,39189.96668246072
39,1955,MALL,80860,10650,317966,,,
39,1956,MALL,113481,15651,188970,136660.25390735653,109499.2371685302,170558.49411333248
39,1957,MALL,111891,19324,96530,108555.35206341748,89186.34264594791,132130.8185984676
39,1958,MALL,154558,25589,166418,120008.39080639745,101232.61985603621,142266.53310387747
39,1959,MALL,92795,10007,70074,80821.13374002729,68166.12537957991,95825.5383102667
39,1960,MALL,88617,12990,164249,93025.36713236573,80175.9722001144,107934.06918112909
39,1961,MALL,61244,10386,117745,70018.89237341593,60786.71502639482,80653.23627162902
39,1962,MALL,30745,4844,74842,42418.70104355297,36121.97348157064,49813.06459184308
39,1963,MALL,55752,9155,162511,53826.35554975742,46550.99349702656,62238.769446541766
39,1964,MALL,88811,16458,253221,69464.53352850123,59142.82086139849,81587.61026364363
39,1965,MALL,54261,13090,245962,70877.7686917236,60491.30074367621,83047.61235015515
39,1966,MALL,56580,9564,242044,73579.57184303293,62879.22233520874,86100.83254118971
39,1967,MALL,46091,12197,182714,68352.98793688888,58851.771205965,79388.1112524091
39,1968,MALL,29001,5385,46307,37250.782171498686,29819.49210584186,46534.01766412378
39,1969,MALL,60337,13097,126267,59444.5662182446,50718.16169879858,69672.40796030218
39,1970,MALL,115450,28616,262215,96132.92350791422,81702.33567980173,113112.29850755859
39,1971,MALL,64912,17196,200724,97370.26127494301,83638.81732901225,113356.07178010578
39,1972,MALL,92013,15627,180364,93603.75685598553,80757.47998293844,108493.52034518072
39,1973,MALL,56592,10120,97662,79791.02900138532,67955.07682796872,93688.48666328882
39,1974,MALL,69390,17860,324561,93784.18424507095,79179.10089680701,111083.26711080529
39,1975,MALL,91106,23052,296181,98068.94211796312,83298.26906300888,115458.79063659138
39,1976,MALL,148499,23989,376404,95965.9860789163,80051.87651442832,115043.78017220958
39,1977,MALL,51750,12965,66971,77184.1270268477,65009.966800773516,91638.09425027543
39,1978,MALL,48482,8862,114911,70876.6990600392,61416.59344338546,81793.96133844656
39,1979,MALL,79617,20418,202495,84118.64204618132,72270.15244852602,97909.65841304106
39,1980,MALL,93249,11857,58521,75202.09265796552,64154.63683261415,88151.92508832394
39,1981,MALL,60566,7967,47454,62112.59736403754,52486.75955033821,73503.77093878304
39,1982,MALL,97169,16806,88215,65135.2314513756,56727.51623342855,74789.07341485504
39,1983,MALL,73631,8264,163286,74945.06782746696,64822.58942546504,86648.2385453291
39,1984,MALL,40748,8383,86326,60837.36712444627,52857.788345175904,70021.56833473427
39,1985,MALL,43231,7546,83659,52568.89583399155,45596.615853854,60607.322658825644
39,1986,MALL,88242,14382,197072,70421.15957619819,60001.0122046854,82650.93427322409
39,1987,MALL,57523,12089,119356,65744.46738501542,57086.97349447345,75714.90879890135
39,1988,MALL,47558,8515,48774,45732.474643449365,38762.4772325661,53955.76821536601
39,1989,MALL,64308,13164,63452,48909.847968228954,42174.191249153744,56721.259078637835
39,1990,MALL,46867,8541,52375,47540.30933667207,40667.04949624897,55575.23940936346
39,1991,MALL,53601,5916,70804,53211.55456238745,46292.35219252575,61164.95284512889
39,1992,MALL,77945,6580,150259,74115.34974854933,64543.49649794179,85106.71665463549
39,1993,MALL,48960,6820,63417,57708.11751517679,49616.80578966599,67118.92823699387
39,1994,MALL,67131,12766,89396,64219.811687714275,56077.10864761315,73544.879767638
39,1995,MALL,105050,18329,239535,103855.6428725524,89528.58489778338,120475.42769480534
39,1996,MALL,114523,16017,177222,116843.17573898629,102777.45014789706,132833.8823071198
39,1997,MALL,105695,11427,157356,122931.36732724922,108950.34714230016,138706.4976783334
39,1998,MALL,95477,17767,124092,123160.83124858991,109672.1171877126,138308.53951584964
39,1999,MALL,139404,10628,204599,140806.72725405818,123834.62312675836,160104.93623987606
39,2000,MALL,121305,14362,91285,117583.12475972394,104398.15555448181,132433.29017480198
39,2001,MALL,113628,8349,144001,116023.47810735299,103378.68134190065,130214.92726925825
39,2002,MALL,94781,10924,51972,90013.16533133548,77421.30371090944,104652.9772118088
39,2003,MALL,130848,14557,140292,102177.70446140855,91161.73944082382,114524.83632982992
39,2004,MALL,93815,9976,126838,110324.34138043973,98695.79401046188,123322.98881690556
39,2005,MALL,96895,9019,139300,113888.48183245379,102040.07717910876,127112.66644118824
39,2006,MALL,147909,16474,185933,126803.82288184733,112743.96409232276,142617.03166906667
39,2007,MALL,99287,10905,110972,110981.96849128194,99019.35037664781,124389.80142112375
39,2008,MALL,101662,11584,69089,88227.86930483121,76621.94303182552,101591.74531553143
39,2009,MALL,118612,14955,126378,101716.10353489006,90763.48501042362,113990.39731817572
39,2010,MALL,102815,11228,91406,97450.94733558112,86117.38087459271,110276.07946451168
39,2011,MALL,147222,19141,194771,131197.87419674362,116088.45069093644,148273.85576512353
39,2012,MALL,124622,23735,120849,128950.53355521821,114739.39019694392,144921.80998725884
39,2013,MALL,158097,16534,157479,149930.12043484315,133875.11703469302,167910.52371428555
39,2014,MALL,191797,20916,211973,187543.10131058167,165415.662914215,212630.4984034771
39,2015,MALL,162416,27759,166009,182574.8336632573,161937.42214764128,205842.2904668401
39,2016,MALL,119268,16456,125476,157209.09616729812,138856.36801888276,177987.51523140728
39,2017,MALL,177327,23140,176096,159201.78491972908,139565.52430784138,181600.78176415144
39,2018,MALL,118355,20105,105272,121952.50230134239,106071.12839751721,140211.69607833677
39,2019,MALL,122519,21814,94088,97602.49489661759,83987.23505217415,113424.93896990907
39,2022,MALL,134605,15624,179836,,,
39,2023,MALL,54047,8454,150314,75191.42906950225,61555.77758662193,91847.60922819909
39,2024,MALL,73962,15232,140085,69688.40160148377,56384.37320239412,86131.54748279578
39,2025,MALL,91595,10758,90616,63826.89509052903,50756.012867876234,80263.84080842126
39,2026,MALL,40522,6987,94705,62140.17590782108,47721.72254427244,80914.96400350271
40,1955,MALL,108820,13979,352385,,,
40,1956,MALL,210792,13934,246782,288113.65581321047,242944.22583416748,341681.21667034377
40,1957,MALL,267132,26523,183100,262838.98534480005,228470.7452325086,302377.14744081884
40,1958,MALL,391430,38703,213391,260409.72010153742,229197.1409076322,295872.8981296071
40,1959,MALL,204077,25493,111710,188867.57712619612,165563.42898094933,215451.93832403736
40,1960,MALL,189721,18858,178594,179134.47885565384,159581.7607076345,201082.8892512121
40,1961,MALL,100184,17999,109629,119267.7793457551,104937.21031617002,135555.37780363305
40,1962,MALL,60142,9458,88175,79645.4742750162,68700.7899887691,92333.75007083992
40,1963,MALL,90302,13634,168754,90628.21304229021,79726.32608790431,103020.83894073791
40,1964,MALL,131793,21322,250304,107254.87960097095,92984.01393791652,123715.98849130662
40,1965,MALL,88404,19192,218425,100006.76934712632,87286.45988178565,114580.81733174219
40,1966,MALL,93301,16586,212375,99711.24563179915,87042.52260373232,114223.85528402256
40,1967,MALL,106024,17136,234940,110671.14012074748,96088.63926608372,127466.6948057128
40,1968,MALL,60304,8746,67895,68567.42787792213,56990.98461198279,82495.36655321321
40,1969,MALL,80445,18222,87263,75294.8281927871,63883.0231498708,88745.19196251898
40,1970,MALL,115444,28088,262248,123183.8375255002,105535.89511952498,143782.907325732
40,1971,MALL,81759,22967,183497,125573.53039597944,109247.26664645168,144339.64363741025
40,1972,MALL,122579,19415,249992,130804.58094059592,112686.46766119357,151835.78605452296
40,1973,MALL,76635,11397,82407,105861.5025300704,89758.81491972895,124853.00444247379
40,1974,MALL,85710,20699,356195,115209.99986369077,96611.55933707577,137388.77790266482
40,1975,MALL,109193,21330,264139,119595.8550127729,102557.66727908589,139464.6438019459
40,1976,MALL,137415,30363,231046,108650.66315967936,93888.1643527831,125734.34241062753
40,1977,MALL,76099,15283,89978,97143.54434659879,83905.96844105214,112469.57020524048
40,1978,MALL,97792,15641,191271,94926.07580165444,82434.25897107004,109310.8615225595
40,1979,MALL,116228,26934,211724,106845.90578753091,92039.69212709095,124033.96099798265
40,1980,MALL,113980,16229,60873,96082.92887781205,82257.292209694,112232.35015084423
40,1981,MALL,91122,14893,54028,80668.90243674093,68678.40209800527,94752.81342542231
40,1982,MALL,102703,12738,87362,80275.53182335618,70354.84041473643,91595.13363309238
40,1983,MALL,83647,8571,153856,86468.48773374753,75695.31024142705,98774.93529142436
40,1984,MALL,52294,9627,58192,65153.57757517946,55502.69845962927,76482.56370692652
40,1985,MALL,69776,10339,103567,63556.802854754846,55690.73867832047,72533.91290876655
40,1986,MALL,94806,12991,202212,81186.94154433253,69777.4281745755,94462.0581433885
40,1987,MALL,82601,15182,133814,77640.72431593704,67946.83439780785,88717.62938963086
40,1988,MALL,73066,10755,113578,73549.1044696191,64524.2673905426,83836.22142567426
40,1989,MALL,60794,9090,46800,54038.54702354372,45363.42037713177,64372.67164025036
40,1990,MALL,77345,12008,145170,76990.37434781341,66956.81837400817,88527.47018393927
40,1991,MALL,63922,9082,114002,77958.6570948971,68345.84058464279,88923.51259493278
40,1992,MALL,102574,11811,136624,79807.45330337154,69783.97294873571,91270.66479073577
40,1993,MALL,57101,12619,99187,73065.84632451764,63924.476345850206,83514.45650073902
40,1994,MALL,48621,5711,65555,65577.43312145308,55774.394465792335,77103.47689092676
40,1995,MALL,98857,19699,172902,93606.85266705391,81378.7452555609,107672.3761064967
40,1996,MALL,55105,11627,150071,111856.78561266403,97996.11986931312,127677.91729186125
40,1997,MALL,95630,14371,159200,125758.46261141374,110238.90009983457,143462.8874568214
40,1998,MALL,125299,21432,85709,118461.14852171998,103060.48358652976,136163.18515818752
40,1999,MALL,139800,22836,151081,129133.07320629616,113550.2497261486,146854.37183906612
40,2000,MALL,94090,20356,117250,125897.59587826602,111137.78461252018,142617.60483339333
40,2001,MALL,132749,23515,163108,123974.66672180188,108699.57503233459,141396.30246217485
40,2002,MALL,111036,15625,87153,106948.36021206064,93713.67187135993,122052.11388738954
40,2003,MALL,170812,26218,103928,100434.1175680777,88683.27747948597,113741.98449095163
40,2004,MALL,108712,16140,114520,102874.52629171326,91074.43609299534,116203.49917882576
40,2005,MALL,129991,17276,208307,119099.43481463454,104347.9782359366,135936.27411824922
40,2006,MALL,137488,21915,150295,116549.6736487433,103319.98419367036,131473.3691999611
40,2007,MALL,91809,12240,166557,113541.25721482356,100393.09468377322,128411.39254178634
40,2008,MALL,109774,23725,153971,108909.94667846219,96332.02891334776,123130.14289541208
40,2009,MALL,97820,9189,146565,103903.03007011313,91927.19346555122,117439.02158610406
40,2010,MALL,79702,11839,98506,91352.90925669747,79902.74659298568,104443.89442796708
40,2011,MALL,95059,17274,150002,104510.75318694608,92300.04823755838,118336.85615841554
40,2012,MALL,116191,25155,114005,107630.16521526378,94541.4448713761,122530.94375726314
40,2013,MALL,121233,12770,143562,124276.85903187297,109724.60635773922,140759.1077654266
40,2014,MALL,131387,21938,132451,134222.42279656383,118031.96356998291,152633.72934313497
40,2015,MALL,110248,21694,146896,143760.9447731549,126315.73306602256,163615.47956395723
40,2016,MALL,121930,19390,144417,142029.90525282038,124541.12586754154,161974.5593722995
40,2017,MALL,147444,28277,150748,133737.9580565781,116829.977773182,153092.91130626822
40,2018,MALL,116451,18114,149934,119595.94587605247,103793.53714428614,137804.24738877942
40,2019,MALL,119074,17080,137703,102533.80275792576,88352.084494248,118991.88081618681
40,2022,MALL,117995,10549,188115,,,
40,2023,MALL,58210,11106,143598,71171.66332788514,58287.82978785159,86903.31548273852
40,2024,MALL,56353,9540,136997,66901.63794967905,53946.43142915903,82968.03035484324
40,2025,MALL,105058,19273,135398,66586.50646022696,52420.63602499057,84580.48544974026
40,2026,MALL,49294,10171,141100,67775.63492198498,51343.797737778805,89466.24308038404
26,1955,NOPI,449884,43546,664698,,,
26,1956,NOPI,374515,42293,557221,510555.02612934593,413402.6100490255,630538.9186464611
26,1957,NOPI,361588,45402,421417,354543.088780822,298541.5496073436,421049.60588425177
26,1958,NOPI,337482,36345,403035,293464.44408771157,251521.14816889487,342402.14220825525
26,1959,NOPI,191292,20932,249349,175728.78747511448,146524.64585478336,210753.66923649755
26,1960,NOPI,249612,28551,515330,265648.2926311206,228658.00526722742,308622.54437738616
26,1961,NOPI,232505,43219,358196,185595.62528627188,160501.6320768582,214612.99601556375
26,1962,NOPI,114332,26104,395508,183480.31795400538,158891.79714101052,211873.91471585192
26,1963,NOPI,424098,83428,543023,227626.50733125606,195981.34015444125,264381.4293697296
26,1964,NOPI,89700,17903,366657,174534.4141661842,150242.0917448575,202754.5102344849
26,1965,NOPI,217778,42960,601686,267987.8847233239,231605.7960012937,310085.09976184013
26,1966,NOPI,308708,37774,490191,261242.76840525528,227582.5002604415,299881.51095071126
26,1967,NOPI,257299,66450,377493,245662.91451903363,212259.07278459374,284323.61820043897
26,1968,NOPI,168028,39804,266132,218410.34156575316,182000.69316408172,262103.82209842745
26,1969,NOPI,410295,100932,483245,392534.6735145828,342977.64696788596,449252.2217508461
26,1970,NOPI,426122,112273,531228,486440.68378558755,428074.6919986273,552764.6068890911
26,1971,NOPI,637483,120919,585392,561232.1067286377,494463.6025853324,637016.5083459442
26,1972,NOPI,616868,115695,517134,514925.40981502406,455595.5110535243,581981.5411702342
26,1973,NOPI,352350,63646,683871,598687.206843874,525346.292458425,682266.8719354952
26,1974,NOPI,740443,145880,947344,703312.9050335124,594969.3575837046,831385.7446298613
26,1975,NOPI,479009,96478,428156,352287.3538174555,308773.046309095,401933.9807771606
26,1976,NOPI,327730,51271,459595,330974.65425652463,290356.96731124085,377274.3005777535
26,1977,NOPI,153644,26507,433788,305028.6563006956,266428.8765049702,349220.7090505529
26,1978,NOPI,254966,70855,295812,226486.11152359258,192586.5958389011,266352.69443147717
26,1979,NOPI,392113,82225,617173,397198.7355637015,339765.67103486054,464340.1290450444
26,1980,NOPI,326112,67943,281191,220749.12043911114,186815.0180194289,260847.1989632719
26,1981,NOPI,271389,50970,365159,245442.26677086775,210696.32486238115,285918.1637694418
26,1982,NOPI,167272,33079,374594,221234.4438316414,189093.34391284856,258838.72020399544
26,1983,NOPI,147492,44790,318745,160358.06681651346,135358.06708958276,189975.44916263368
26,1984,NOPI,136961,50435,386351,148922.12088984906,125660.83676740974,176489.33956552047
26,1985,NOPI,154923,46193,493458,147861.3928327713,123380.55257157663,177199.65614324636
26,1986,NOPI,143241,29848,514467,130607.64911628373,108009.3930997845,157934.02331149962
26,1987,NOPI,140887,37535,325047,80035.8676447194,65990.08019153484,97071.25815047526
26,1988,NOPI,58086,19589,229287,54843.68402229004,43877.16536201901,68551.13935278125
26,1989,NOPI,66656,17914,273985,60227.45409462556,48681.11611208232,74512.38830204113
26,1990,NOPI,103136,35947,467916,92876.98212254934,75391.58345753328,114417.72957390256
26,1991,NOPI,66675,18369,445659,89110.64958238468,72282.13412094378,109857.13088808386
26,1992,NOPI,65461,17034,328103,67127.66247612736,54429.19018257946,82788.72153697963
26,1993,NOPI,70042,26095,344031,68089.0115856041,55314.52800553335,83813.66823270656
26,1994,NOPI,80381,29198,406094,78869.73873291218,64370.43873609905,96634.97422007468
26,1995,NOPI,62447,18551,417916,81817.24633408287,66890.92833780112,100074.28457094796
26,1996,NOPI,71927,10247,522064,101025.30039327666,82466.26993843901,123761.03984296412
26,1997,NOPI,140723,28108,653604,125347.65109873809,101063.9494450784,155466.2540128558
26,1998,NOPI,62331,17199,358099,72078.66349710913,58726.24824542389,88466.97834020629
26,1999,NOPI,50114,12112,469520,89362.33467625843,72661.74789063678,109901.38677658551
26,2000,NOPI,59053,21516,345901,67363.19128772776,54402.75518834522,83411.20821467406
26,2001,NOPI,31986,10192,226432,44533.849583692056,34782.754231701605,57018.59448885529
26,2002,NOPI,24812,9984,249379,48892.6301614455,38468.13883976291,62142.057198591094
26,2003,NOPI,37668,11935,384054,76951.62948425385,62222.95104721109,95166.70586370873
26,2004,NOPI,29482,9481,270952,55854.56304551897,44379.50499207982,70296.68793202213
26,2005,NOPI,154546,41780,539557,108749.25142884857,88964.07154678051,132934.5597690656
26,2006,NOPI,180861,54428,539787,106688.13631521419,87726.58740147523,129748.10450933276
26,2007,NOPI,149114,24234,524874,96396.9379667806,79405.616913751,117024.08482594573
26,2008,NOPI,120352,35632,525585,89905.36862398278,73966.98642167173,109278.14824487673
26,2009,NOPI,48772,9688,346492,54556.02461878178,44202.72103730786,67334.31228573066
26,2010,NOPI,20824,3404,245872,36158.47604054869,27987.79248730595,46714.48775990209
26,2011,NOPI,69654,19245,485855,75641.78744437169,61775.40896490964,92620.6738838362
26,2012,NOPI,72646,17286,421176,68204.66182084769,55594.29462046521,83675.41895897649
26,2013,NOPI,86361,23085,631385,109418.3244130722,89424.42804588332,133882.5417057332
26,2014,NOPI,83869,21266,621016,108602.91631925802,88591.23219482113,133134.99700636568
26,2015,NOPI,83668,19848,602328,99669.5458372086,81122.6869806507,122456.72249200619
26,2016,NOPI,68434,18662,450480,64620.01110464708,52250.12217369217,79918.39370793264
26,2017,NOPI,123886,25255,756627,105339.83293197918,83108.10821914961,133518.625798541
26,2018,NOPI,83813,21724,600352,73401.65637188489,57913.04796401504,93032.62990896362
26,2019,NOPI,51192,9857,560981,61877.46948362348,48028.90706703028,79719.09967372693
26,2022,NOPI,37004,9843,485905,,,
26,2023,NOPI,51287,13506,338841,35423.07930301556,25014.710841476768,50162.2647273284
26,2024,NOPI,17652,5408,352198,40759.64541471175,28445.943768667352,58403.71153946297
26,2025,NOPI,69687,16126,331507,42934.530701760996,28953.12630341083,63667.526168436554
26,2026,NOPI,48057,19727,455078,74568.05267965833,47058.00998109106,118160.42545510505
27,1955,NOPI,378833,54061,256278,,,
27,1956,NOPI,424035,50162,236564,557995.6568549481,447182.0287498238,696269.3781309692
27,1957,NOPI,294858,25374,122624,236516.74239436668,196610.81643249284,284522.3393497809
27,1958,NOPI,281357,37405,163615,271000.0168879045,230035.87933946884,319258.93197237316
27,1959,NOPI,125558,13132,78160,107247.98154957182,88689.96798080982,129689.1836621934
27,1960,NOPI,197922,27423,144335,176337.39000456862,151529.87029878132,205206.24120057345
27,1961,NOPI,107737,11085,105836,116008.42843787471,99168.30109417731,135708.23862198528
27,1962,NOPI,35171,7839,84878,84117.78511912859,70613.76467820661,100204.28461211447
27,1963,NOPI,154526,35129,127949,125479.83219719776,107339.20434606024,146686.2772475434
27,1964,NOPI,65959,13091,97113,97063.44741437928,82214.00196509798,114594.99110581634
27,1965,NOPI,173555,31432,197469,219416.05845029515,187706.0522302745,256482.97502310606
27,1966,NOPI,280846,31609,162580,206121.55756139063,178138.70684702558,238500.08369050347
27,1967,NOPI,314523,82306,155856,226787.8143200451,196797.05418394398,261348.99700271766
27,1968,NOPI,36482,4424,43628,69426.64020840642,53766.453110860886,89648.0629043737
27,1969,NOPI,368532,58512,156377,297591.3817691173,256613.04425808098,345113.51813505363
27,1970,NOPI,346311,65143,187139,428658.43017481954,373041.7156687655,492567.02948228945
27,1971,NOPI,459865,105042,196601,490072.45128643786,425992.9232341057,563791.0735383539
27,1972,NOPI,296869,84741,92732,224573.44933491028,191800.67441671266,262946.0730498088
27,1973,NOPI,232839,32449,136385,311854.4250056212,273095.2028666376,356114.57606993895
27,1974,NOPI,695684,91412,259125,568653.579006823,485811.09827103425,665622.6958752238
27,1975,NOPI,442247,69495,205809,412658.3266579704,356684.0984410103,477416.5579694853
27,1976,NOPI,183628,26246,144151,258859.3744192211,225221.67285586538,297520.99287351256
27,1977,NOPI,39791,13941,53011,84976.81717026644,68248.61611526686,105805.21433860363
27,1978,NOPI,191612,44479,89800,142948.18418640448,120661.72167381758,169351.0011188929
27,1979,NOPI,201884,44937,124870,210541.64623938614,180120.48659537308,246100.73867260758
27,1980,NOPI,143145,21420,68122,110126.19114013202,91451.37293796054,132614.4986719907
27,1981,NOPI,83429,15882,80505,120716.91090670318,101023.32650432346,144249.58158780544
27,1982,NOPI,75689,16644,86406,115138.2542448666,96274.98179637306,137697.43024822845
27,1983,NOPI,71092,33093,56044,59514.93952460555,47965.08313219178,73845.96867799907
27,1984,NOPI,51556,17455,69838,59881.254764192636,48837.953436986034,73421.68170008872
27,1985,NOPI,198011,29438,170249,131563.6101377272,107202.33607327091,161460.8799256155
27,1986,NOPI,38796,8557,70722,43741.73232659482,35349.41886459754,54126.4668101144
27,1987,NOPI,68007,19365,151517,89245.67759121975,72273.43276194863,110203.57916234662
27,1988,NOPI,30913,6893,61562,31245.137530370634,24753.896201607913,39438.58418653148
27,1989,NOPI,77219,22931,111181,57315.746429034785,46243.695905507535,71038.75943285419
27,1990,NOPI,70074,18589,116410,60808.966885133144,48887.19959743164,75638.00921481878
27,1991,NOPI,12133,5027,83147,40748.83599582915,32608.898468432544,50920.69076244382
27,1992,NOPI,19986,5116,78342,36827.149753510515,29368.086927987115,46180.705004486525
27,1993,NOPI,123102,29718,139138,71283.99338357164,57222.7740003718,88800.44355549889
27,1994,NOPI,81366,21984,122543,62875.35847548886,50576.42791104114,78165.08335414088
27,1995,NOPI,29066,8707,93242,45294.65794160089,36163.377799893606,56731.59319903642
27,1996,NOPI,46723,8234,138365,72153.16266290656,57892.75113687021,89926.26503362441
27,1997,NOPI,107543,45475,199007,113054.02741892562,89496.0342550112,142813.17850599083
27,1998,NOPI,30993,13863,78697,36188.3608743713,28428.613119592752,46066.17485223591
27,1999,NOPI,28739,6391,104612,48316.18468112951,38425.57765078617,60752.59878606541
27,2000,NOPI,65638,19205,89314,39274.227170003665,30986.75586811275,49778.19964007088
27,2001,NOPI,12316,6601,67556,27334.236410493646,21112.134933028876,35390.09591000015
27,2002,NOPI,10340,2881,80102,33827.15648682757,26447.842501018058,43265.40117365996
27,2003,NOPI,53596,14723,167198,89126.9316174771,71139.11239140233,111663.04544033755
27,2004,NOPI,18845,9659,61827,25244.7247357027,19197.210762177914,33197.32928269934
27,2005,NOPI,47481,16483,98248,43116.59549508172,34414.55463584226,54019.02848251122
27,2006,NOPI,132082,16807,165211,82001.36759015355,67119.2036671846,100183.31445048179
27,2007,NOPI,91363,12025,323372,190923.20631103416,150320.55462518966,242492.92319985488
27,2008,NOPI,44461,14427,123835,49452.1400723987,39962.2181679666,61195.65604344872
27,2009,NOPI,15660,5086,95757,31448.13832005338,24956.388517335792,39628.5465387036
27,2010,NOPI,28956,6605,93710,29104.511082169323,22947.701667041674,36913.17664935105
27,2011,NOPI,162075,26924,209769,89462.07990548747,73172.48851333372,109378.04499511326
27,2012,NOPI,77099,14778,143670,55429.14828553649,45282.8157980516,67848.92735827151
27,2013,NOPI,108443,18826,219067,100322.93555602174,81950.29282644461,122814.5873730168
27,2014,NOPI,93812,32579,217032,98091.37068231928,79537.10685719023,120973.93760641087
27,2015,NOPI,55399,12240,178291,68594.96841419597,55424.512256809634,84895.1032702401
27,2016,NOPI,35333,8004,137733,41482.12108066059,33055.25812434896,52057.26613530951
27,2017,NOPI,54861,8793,168492,48257.59007123753,38124.77633717652,61083.50587784907
27,2018,NOPI,60607,12440,197911,53762.98033576051,41231.14776803072,70103.74949650414
27,2019,NOPI,23429,6632,157955,34490.63841339801,25975.761301425147,45796.699636999634
27,2022,NOPI,7655,1948,88749,,,
27,2023,NOPI,16720,5083,90994,13097.665987073397,8703.888387810772,19709.45015209321
27,2024,NOPI,2011,437,87529,13146.935711764938,8551.766186992887,20211.254006472995
27,2025,NOPI,22263,4357,98323,17228.700718723787,10921.162860248323,27179.168761943023
27,2026,NOPI,18980,4688,110957,23158.840341652383,13805.619476748358,38848.80985409199
28,1955,NOPI,516868,56048,188752,,,
28,1956,NOPI,510124,77335,149253,682866.0832127816,555633.4514866117,839233.286539447
28,1957,NOPI,409370,46580,77390,337772.3285735775,281831.92851746804,404816.2553837311
28,1958,NOPI,393745,47660,115683,391216.9734876667,336431.6653600135,454923.6475141871
28,1959,NOPI,263121,40020,78194,247847.66972843747,213601.14233677284,287584.91980799346
28,1960,NOPI,437807,56150,142519,345054.0684817699,295318.1787351419,403166.2076671676
28,1961,NOPI,126873,14527,81952,199542.85608037692,172645.70849178018,230630.41508853817
28,1962,NOPI,99294,17263,73218,163367.51831824981,140620.3846014944,189794.28990396927
28,1963,NOPI,149886,34266,49067,112990.65786165667,93673.05731464812,136292.00465963158
28,1964,NOPI,142143,35255,62074,135552.93009544106,114724.8367659293,160162.32731669812
28,1965,NOPI,202767,34188,95495,204302.78532524913,177946.62466319604,234562.6289380676
28,1966,NOPI,414885,44733,134933,302100.8003556074,263244.65160414914,346692.2994231883
28,1967,NOPI,552379,128914,215824,506794.16123627767,425541.38445554,603561.3250443249
28,1968,NOPI,124886,17196,47294,175854.410356442,145564.7976763943,212446.7875163121
28,1969,NOPI,445580,36515,125330,413024.2926832247,361011.2656040083,472531.144038027
28,1970,NOPI,374332,85937,86500,352919.24184337526,310127.14294964157,401615.8988171105
28,1971,NOPI,490021,135536,121414,480233.78456266754,422224.07772795577,546213.4918415922
28,1972,NOPI,417561,30865,60060,273213.7598792971,234786.86660946658,317929.872591828
28,1973,NOPI,269724,42705,121316,432433.1213086581,379030.499088068,493359.78200872795
28,1974,NOPI,444242,87803,124084,404364.7400107743,354480.5003960697,461268.93519188336
28,1975,NOPI,320622,52530,178280,480556.05100482365,408723.68544872996,565012.8103141674
28,1976,NOPI,234961,32053,104144,287666.49653933936,250729.5774277664,330044.8797472172
28,1977,NOPI,63937,12122,45431,137309.06453583896,114267.31550052688,164997.1308166442
28,1978,NOPI,259387,50503,88634,225586.35242246208,194348.68227656046,261844.8543265929
28,1979,NOPI,302811,70380,100739,259268.69539386214,222411.9078593334,302233.1720374854
28,1980,NOPI,203285,40639,59124,166301.43350814175,141386.1367044407,195607.34476164708
28,1981,NOPI,153817,40905,58943,152027.82893382484,128686.80303296896,179602.41629758262
28,1982,NOPI,118251,23624,66784,147709.17598835015,124836.57274484799,174772.5060968387
28,1983,NOPI,96362,26692,58022,109244.71293974627,91440.2464035206,130515.91366696134
28,1984,NOPI,52179,20727,42892,67908.28811226165,55450.66178019407,83164.66289650471
28,1985,NOPI,149546,20124,89250,101680.19969203565,84086.4627839491,122955.14244637471
28,1986,NOPI,34792,8417,46371,50601.65467046353,41137.919197449795,62242.51263412406
28,1987,NOPI,134134,39519,58119,53552.90151048859,43756.21033112489,65542.99923346133
28,1988,NOPI,47130,10695,52705,46329.685828761154,37500.45244649051,57237.70378649356
28,1989,NOPI,92317,38219,57836,48073.86759686631,38838.36636272127,59505.50865443511
28,1990,NOPI,65221,17561,66153,52983.21699155839,42791.805297632745,65601.8427652048
28,1991,NOPI,21671,6338,73487,56887.51655206172,45875.77002001774,70542.45711949894
28,1992,NOPI,10486,3637,47976,37778.24820279214,30005.239133166906,47564.89461516031
28,1993,NOPI,88683,15309,90746,65247.399938695344,52615.84912345874,80911.42250257786
28,1994,NOPI,57198,20005,69750,51893.99209328309,41818.9883996358,64396.25917400673
28,1995,NOPI,26251,8049,58766,43439.01541960518,34657.67526826002,54445.315388848074
28,1996,NOPI,72611,11480,130494,91313.13530795355,73292.49749925919,113764.55932413696
28,1997,NOPI,116268,27962,143245,101928.38619223244,81482.23807900352,127505.03860337677
28,1998,NOPI,36794,10371,66328,47467.18616679124,37971.62925832427,59337.29488573046
28,1999,NOPI,18572,4368,67172,45422.0676805226,36243.46346767275,56925.14001081075
28,2000,NOPI,34812,7111,63063,41748.20911906377,33082.291902924495,52684.16619269975
28,2001,NOPI,10214,5662,56585,37211.360085681816,29188.926978287942,47438.719499907136
28,2002,NOPI,15845,4716,59887,39626.164355031964,31128.052875097863,50444.302051034385
28,2003,NOPI,86637,31391,159493,110898.39935300213,88032.03103881283,139704.31937024856
28,2004,NOPI,59621,33777,97648,69613.59684077032,56008.64714251449,86523.29796108956
28,2005,NOPI,35531,9023,52992,34909.383926542694,27067.352514206,45023.43129019193
28,2006,NOPI,175327,25032,170624,112289.5844996571,91396.7661175673,137958.39090068283
28,2007,NOPI,61339,13747,253077,168259.67862036626,132908.68435282947,213013.31502365612
28,2008,NOPI,47602,9088,87338,49473.02676089887,39910.619345335115,61326.54458970948
28,2009,NOPI,45295,6975,107409,56013.08248481881,45831.212290264426,68456.95875510552
28,2010,NOPI,60068,15825,132128,69655.68498680461,57300.410988865115,84675.03753025095
28,2011,NOPI,175011,41097,154782,85038.12609666445,69929.21988311704,103411.46236321873
28,2012,NOPI,84959,33038,107654,57551.84102545485,46893.41545914693,70632.82494969461
28,2013,NOPI,95368,21803,157948,89891.82842778368,73787.19678408469,109511.42163233673
28,2014,NOPI,105992,18664,177836,103028.82539788618,83737.91803648036,126763.8258959785
28,2015,NOPI,49219,6836,124503,63269.86011822666,51194.82574853685,78192.96463753226
28,2016,NOPI,21582,10012,90495,37880.02363998433,29829.102978653376,48103.90014049793
28,2017,NOPI,68249,14443,138182,54823.35118605753,43647.36878094669,68860.96273876251
28,2018,NOPI,102160,23380,204452,79304.09566135914,60231.41011998353,104416.27675888326
28,2019,NOPI,26633,3254,118747,36730.31987825065,28000.489965263416,48181.88538958743
28,2022,NOPI,10440,3470,64846,,,
28,2023,NOPI,21410,5980,85951,21743.556292408517,14805.45983759237,31932.965637494224
28,2024,NOPI,10710,4903,96686,27500.081483311234,18432.293722502935,41028.7776971289
28,2025,NOPI,16257,2864,70181,19675.444846204544,12638.980695565453,30629.299879527785
28,2026,NOPI,25720,5464,83860,27251.040536143188,16598.51150755371,44740.10877207666
29,1955,NOPI,245939,42805,157117,,,
29,1956,NOPI,212785,47601,95044,274431.32379018445,211121.15295117922,356726.6966121994
29,1957,NOPI,184815,43348,67026,169686.78375947822,133952.84859522124,214953.28307384072
29,1958,NOPI,211286,43050,98759,212872.19538570786,175145.97414605154,258724.5969498783
29,1959,NOPI,252677,35216,111453,214005.29935277856,178094.80105767646,257156.68216637315
29,1960,NOPI,202142,35535,160368,270691.9516786322,219984.53808577728,333087.64943750534
29,1961,NOPI,46204,11373,49751,82341.47017103618,66949.49235326571,101272.13025233516
29,1962,NOPI,79788,13005,52549,78215.99970892553,64384.18483297948,95019.3378441743
29,1963,NOPI,83421,22914,57578,84086.73852157086,69815.1947947067,101275.65519205731
29,1964,NOPI,119821,30206,118608,171923.16503510682,145755.8224736776,202788.29465647216
29,1965,NOPI,182986,54251,104179,169592.88934174232,145453.43500184105,197738.5279001243
29,1966,NOPI,260713,31023,76200,142211.44701065146,121884.1499197069,165928.84041268917
29,1967,NOPI,435262,105283,169890,345953.89113259554,288141.97703429405,415365.0086725796
29,1968,NOPI,172158,38193,80902,209772.9573044632,180626.49916667468,243622.5792963768
29,1969,NOPI,360130,91823,94544,276650.55605282576,240229.3579065154,318593.5758697789
29,1970,NOPI,219649,54246,77844,262539.76630088873,227559.93133589023,302896.5973257624
29,1971,NOPI,175685,23306,78039,281226.61574344494,244205.44321698972,323860.141529429
29,1972,NOPI,385111,75985,61204,226008.87104310695,193402.00124706022,264113.1397856007
29,1973,NOPI,170190,23345,83588,283490.72076986596,246210.0860696209,326416.3139924849
29,1974,NOPI,242701,39287,64073,203405.8239620348,173880.47820367606,237944.64823826085
29,1975,NOPI,311255,64747,145626,389284.930850524,330867.6876397003,458016.18909465807
29,1976,NOPI,210183,48817,123706,317242.595770326,272653.621800655,369123.51982134086
29,1977,NOPI,88427,32705,55778,143116.00863498758,119268.15734824145,171732.27442263186
29,1978,NOPI,381603,88699,145626,339418.61045280634,285438.33503097726,403607.2909029939
29,1979,NOPI,559543,144757,153665,374326.8626564754,311074.97795295046,450439.958328737
29,1980,NOPI,169745,50628,52135,132695.509608861,108779.75378704014,161869.26020100186
29,1981,NOPI,148707,48816,64692,145650.42833070268,121445.22791726055,174679.95767911177
29,1982,NOPI,215610,67586,103313,200645.89491719092,167570.83898551523,240249.29033505867
29,1983,NOPI,65868,14644,64305,106298.65805372878,87338.13764945474,129375.37950918399
29,1984,NOPI,59081,18412,38815,50994.83811920177,39635.022218886494,65610.49721234775
29,1985,NOPI,90917,22895,75313,77730.5178052511,63162.14045375053,95659.09823300938
29,1986,NOPI,25817,8801,95957,85754.79354342796,69555.79792723192,105726.4072129467
29,1987,NOPI,104322,44691,72083,58420.497166358284,46833.34425915443,72874.45607724997
29,1988,NOPI,35265,11544,74322,56024.97240024195,44620.75208331283,70343.89574132062
29,1989,NOPI,77446,33757,105858,78016.79982982778,61752.20873735537,98565.23645291857
29,1990,NOPI,79303,32596,121656,90169.19161325922,70689.74653676411,115016.44176868255
29,1991,NOPI,15792,8456,93444,68163.57065552448,53830.57441353152,86312.88844918464
29,1992,NOPI,8000,4229,48799,33848.877874758495,25953.421270411236,44146.26192988854
29,1993,NOPI,90695,28419,115923,81343.12011308955,64397.041152625796,102748.55911547913
29,1994,NOPI,164458,68997,121988,89509.25324353635,71068.89543876392,112734.35962036205
29,1995,NOPI,80437,34795,118814,88067.26092424357,70211.43885853553,110464.08637665927
29,1996,NOPI,142242,41738,112943,83642.15003880508,66843.40761074299,104662.66627001809
29,1997,NOPI,108271,30300,104584,76538.80213615429,61224.67412677726,95683.45305206346
29,1998,NOPI,36165,20581,56219,37843.468209039,29329.844559576894,48828.355812779824
29,1999,NOPI,17573,4130,74707,49402.2064785004,38977.78549472138,62614.588642418006
29,2000,NOPI,29324,6206,54849,34495.34658502363,26615.265777879362,44708.512248255756
29,2001,NOPI,11560,5663,75130,48515.386799533626,38293.26047777471,61466.24045436054
29,2002,NOPI,21987,9639,87493,59239.81647350483,47156.316982242184,74419.63411044302
29,2003,NOPI,74047,21556,177655,139085.3408145449,109029.96151158519,177425.83562631634
29,2004,NOPI,53392,14209,80278,56556.011446936354,44933.18399715894,71185.30551915122
29,2005,NOPI,44715,12693,59577,37566.45398461625,29222.64565460208,48292.63173699141
29,2006,NOPI,122727,25608,120208,81735.31997215477,66565.37438309456,100362.42705557733
29,2007,NOPI,22333,3518,124028,81159.55039790932,66305.45846775948,99341.33287071077
29,2008,NOPI,27602,7461,111987,66606.15420405049,54309.43360901276,81687.09343927914
29,2009,NOPI,62216,23432,137018,80982.18359688437,66341.97298039253,98853.16588425472
29,2010,NOPI,131835,33712,206651,135103.2219372669,108994.18078888912,167466.5605605533
29,2011,NOPI,248284,71745,235202,166636.32284672384,132955.13635708863,208849.87863349382
29,2012,NOPI,122332,20683,134028,83913.73078658804,68702.77638189895,102492.4258574679
29,2013,NOPI,77568,27344,118100,71173.68917204044,57785.22935464803,87664.16758975381
29,2014,NOPI,177330,64417,202551,142169.3863874803,113471.4430716141,178125.2963623313
29,2015,NOPI,71553,16996,117447,66500.79432439512,53058.27454932724,83349.02865459985
29,2016,NOPI,42625,21885,78925,34106.60568598045,26018.94968450641,44708.2055780155
29,2017,NOPI,54077,13569,105054,43021.9238562314,33439.6314498444,55350.06972392887
29,2018,NOPI,97290,24675,176261,77628.72289716234,59047.787958649445,102056.63627678169
29,2019,NOPI,32024,11170,109795,36804.03783705128,27633.93930875242,49017.159152625165
29,2022,NOPI,12407,4814,71991,,,
29,2023,NOPI,62984,20318,126614,40081.75204386728,27024.945815951854,59446.81102589935
29,2024,NOPI,12268,4206,140437,51100.74855998891,33335.240439835994,78334.11335682737
29,2025,NOPI,16491,5702,79948,24408.993639386357,15420.321090531668,38637.260987609014
29,2026,NOPI,11943,2368,66210,19847.198949025642,11594.226963719122,33974.779634281724
30,1955,NOPI,490575,119231,525462,,,
30,1956,NOPI,787805,173022,315811,716250.1414517465,567197.6559750066,904471.7652222678
30,1957,NOPI,498684,84110,164066,351456.698286293,289339.8213503038,426909.1277994344
30,1958,NOPI,178391,32953,209975,323565.2225178872,271410.7390777056,385741.74912465626
30,1959,NOPI,72143,20156,57531,105662.89479247564,77739.41691846894,143616.2988929408
30,1960,NOPI,140352,25775,166280,170763.58818429234,143019.5724650233,203889.59739553113
30,1961,NOPI,120553,32330,142170,132744.67936051148,110654.73190076777,159244.43171871928
30,1962,NOPI,70992,26153,160311,123678.05000417102,103048.86583600876,148436.95686254898
30,1963,NOPI,194730,69062,144989,105390.8645109583,86627.26655228867,128218.68638395495
30,1964,NOPI,147588,53655,196851,124251.60415219839,103612.77422939468,149001.52272937357
30,1965,NOPI,121705,44477,327925,181352.28346959344,150177.77878776146,218998.11666621873
30,1966,NOPI,212239,80988,350761,206080.69562540096,170317.21660438107,249353.84664075534
30,1967,NOPI,190230,98113,282303,195773.29783323096,163855.19036688376,233908.88051017234
30,1968,NOPI,152865,55131,231448,190510.85397927935,159857.13149419622,227042.6420433548
30,1969,NOPI,291189,120587,386743,300382.92926361377,249906.67882573867,361054.3928516093
30,1970,NOPI,285692,74887,278096,266517.05191391305,225125.1697607983,315519.3132618453
30,1971,NOPI,327979,134573,294264,283438.68620329135,240316.22331353792,334299.065327073
30,1972,NOPI,337315,108432,349128,310686.46393693914,263063.7359387376,366930.3886724928
30,1973,NOPI,171655,69894,266781,238685.53841327305,202891.57633617095,280794.24132049317
30,1974,NOPI,318371,96227,427648,287426.1059787694,241640.17516922127,341887.54556341533
30,1975,NOPI,227029,62275,395299,242198.9055552645,205310.40531638777,285715.23085627897
30,1976,NOPI,285162,67076,201874,136142.2299991396,114063.5416002247,162494.57564714196
30,1977,NOPI,108162,34618,176065,112418.27504324372,92736.57622312773,136277.06648659534
30,1978,NOPI,97028,14364,274088,147463.6172894541,125386.72930019347,173427.5911450625
30,1979,NOPI,185456,15695,433416,203627.70487124557,170390.45627613753,243348.38404290358
30,1980,NOPI,167040,35750,265432,142888.13498578029,121041.74435662167,168677.50236282544
30,1981,NOPI,112866,16142,145930,84752.06426034798,68406.35210191621,105003.58776168308
30,1982,NOPI,65626,10557,283612,114526.44021687067,96034.73291491772,136578.76802103344
30,1983,NOPI,114726,26541,384934,119979.17593490332,99160.29459496212,145169.01867645144
30,1984,NOPI,63546,13325,283066,78091.75979068202,64449.85034157376,94621.21191725747
30,1985,NOPI,91115,29316,622251,112081.35432785685,87220.99705560366,144027.58982402063
30,1986,NOPI,73481,26249,343774,64058.92824784398,51610.047968513,79510.60791042034
30,1987,NOPI,22570,6611,223794,41199.251574311784,32920.957940974375,51559.2022968088
30,1988,NOPI,22448,6209,217588,37865.10850481331,30004.53785857117,47784.986685662676
30,1989,NOPI,32092,16761,208088,36056.64227964158,28380.275246825124,45809.33205105104
30,1990,NOPI,53647,14248,212982,36736.566370085115,28878.934621604596,46732.17091789941
30,1991,NOPI,35383,10238,194812,34623.26637750872,27043.600436685058,44327.32902760149
30,1992,NOPI,77688,21095,247891,42217.43144063095,33171.65755218117,53729.950474759455
30,1993,NOPI,32188,13900,167698,31806.258398263722,24378.421725461405,41497.27511853414
30,1994,NOPI,50059,25406,407268,66406.18633791163,51570.07103943916,85510.48108064423
30,1995,NOPI,67196,24080,344941,62582.14068021738,48933.44775275001,80037.77604038568
30,1996,NOPI,34780,12254,408311,74664.09643168253,58039.44186252482,96050.67032112696
30,1997,NOPI,60599,28507,461590,86049.69361799354,66430.69635273657,111462.77516697343
30,1998,NOPI,17362,7386,146488,33112.87078358324,24781.71119481126,44244.81436777681
30,1999,NOPI,35783,11260,313141,61403.48933747363,47780.08173721538,78911.30290554783
30,2000,NOPI,45627,21428,214417,46070.479807351425,35609.92739283961,59603.859515489
30,2001,NOPI,42434,21363,139687,31724.16261330772,23659.46011797688,42537.84695411936
30,2002,NOPI,4480,3046,72858,17878.937200780976,12153.847225968584,26300.840341852767
30,2003,NOPI,31200,16914,136837,31745.424916037882,23513.746209720066,42858.84495441258
30,2004,NOPI,23590,6223,148151,35468.65462600064,26689.464338342103,47135.65791469395
30,2005,NOPI,116318,33047,411543,91393.31611742641,73164.47253910013,114163.8549567348
30,2006,NOPI,165279,43734,456112,100500.14195006364,80933.49352376192,124797.26368190837
30,2007,NOPI,164602,52119,477294,98500.81578336353,79460.4476758932,122103.6502281329
30,2008,NOPI,102076,16851,422393,81109.35346877163,65919.57903736144,99799.2905323848
30,2009,NOPI,49973,10570,328293,59399.31113032654,48310.184245476514,73033.83785144024
30,2010,NOPI,31809,8483,244447,42382.11733586084,33739.28239670625,53238.94707511716
30,2011,NOPI,74082,18677,455751,79422.11112198609,64195.21932270322,98260.77084282615
30,2012,NOPI,52264,10127,317751,57254.53315878098,46256.63419134498,70867.2739497183
30,2013,NOPI,106635,34254,547969,101531.67552813051,80877.53256206523,127460.38125778276
30,2014,NOPI,59376,20247,491388,90874.87762176924,72532.62836958976,113855.56498368824
30,2015,NOPI,51984,16293,356857,60310.99369075289,48248.45004642022,75389.28103320311
30,2016,NOPI,33735,8503,327781,48972.803670664274,38927.85577251555,61609.75095522057
30,2017,NOPI,51570,6250,461745,62926.155354117065,49012.16484980536,80790.16790596223
30,2018,NOPI,36847,6705,343056,40693.16627447405,31473.27710186818,52613.96123709342
30,2019,NOPI,20798,5417,247386,25312.85681444493,19003.47070664648,33717.03674552941
30,2022,NOPI,20911,6555,282063,,,
30,2023,NOPI,20459,7455,199835,20085.21197577935,13698.566894350193,29449.484987978867
30,2024,NOPI,33554,8010,208458,22965.479061515518,15532.846352047052,33954.7058260446
30,2025,NOPI,49299,15051,202630,25127.502986365096,16536.020454755453,38182.79059688817
30,2026,NOPI,30512,7167,304799,47405.27778941307,29335.914665029894,76604.40753089196
31,1955,NOPI,803490,283970,844690,,,
31,1956,NOPI,1351191,303160,414848,1183764.0219497,965228.204941031,1451778.1934771994
31,1957,NOPI,1033059,324815,399228,827859.3951213356,694742.7041589771,986482.0083577812
31,1958,NOPI,460825,155323,318945,528737.1515438372,447248.36603150866,625073.2180494885
31,1959,NOPI,266705,92987,218670,305566.05652589264,251226.81562174932,371658.63313478907
31,1960,NOPI,438881,139963,692558,471415.71942900796,380853.66609069693,583512.2523721391
31,1961,NOPI,176431,45984,219363,184416.17155876826,150532.4030114131,225926.93434791255
31,1962,NOPI,161221,62892,383369,202479.0620981022,170972.67796735975,239791.35775105527
31,1963,NOPI,118927,41541,198501,116632.09677376524,93124.1818456973,146074.26050072143
31,1964,NOPI,153276,59405,357343,148791.26544105087,124608.29529086013,177667.47085234473
31,1965,NOPI,62259,18607,439897,166215.49369668865,140295.8684837207,196923.7629263454
31,1966,NOPI,308876,108773,587304,203327.76663178016,170456.98108513563,242537.3277191803
31,1967,NOPI,187139,59437,642054,230105.68293878878,192212.1272163053,275469.7431819212
31,1968,NOPI,115109,29466,329573,165506.9047772158,137913.73610253868,198620.7922651596
31,1969,NOPI,176068,46071,469731,219291.0789229735,185833.95671095137,258771.74519831923
31,1970,NOPI,205745,51812,603695,277376.3312481889,234233.5215248388,328465.49305090104
31,1971,NOPI,257499,93674,406953,224626.83298985084,189667.8186586903,266029.3899928736
31,1972,NOPI,405547,100790,646164,285121.14865748154,240091.30829918713,338596.46976665215
31,1973,NOPI,146184,59936,466551,217797.86109618895,184188.68213427046,257539.75623483112
31,1974,NOPI,228954,97123,836676,273797.4912811787,225776.5016336888,332032.1897515014
31,1975,NOPI,183865,53432,806149,241885.1988686935,199709.3504320928,292968.0022750965
31,1976,NOPI,240334,87861,398981,141712.2267542282,118362.86134295787,169667.70643920914
31,1977,NOPI,110082,39973,254673,98679.42612710688,78997.64187936638,123264.8077729336
31,1978,NOPI,119209,33304,393614,126305.15210042374,104629.04870078055,152471.9152587704
31,1979,NOPI,184885,37790,697459,186487.1445595122,152736.17677747778,227696.25258217557
31,1980,NOPI,112194,42251,311330,113020.7197630389,92030.01704363938,138799.09518758714
31,1981,NOPI,113857,29948,160516,67224.98092171612,50569.802160175306,89365.54755763018
31,1982,NOPI,94311,39949,629722,139553.52640384296,112448.96878051216,173191.33241463054
31,1983,NOPI,135698,46181,715446,133687.9160338369,106249.32489199111,168212.44663567192
31,1984,NOPI,122831,34433,548332,91974.95364392376,73614.07041616309,114915.42377670963
31,1985,NOPI,82379,34886,737129,91729.92030855693,71587.82689190374,117539.2332067819
31,1986,NOPI,60054,31487,402474,53290.03911239265,42009.557624261004,67599.57564895436
31,1987,NOPI,30173,11514,260876,35189.7228808271,26995.010263715194,45872.05503284677
31,1988,NOPI,23100,9177,378725,42724.248620045335,33066.003763012595,55203.56899581806
31,1989,NOPI,42655,19857,220599,29281.010081649427,21906.633736201133,39137.80463608256
31,1990,NOPI,44418,17255,284859,34238.75542118423,25976.711371657926,45128.590606380996
31,1991,NOPI,19442,7325,213222,28126.7889915126,20839.42429704261,37962.481482050556
31,1992,NOPI,98190,46847,376385,42125.730281055425,32041.579361453532,55383.57306591044
31,1993,NOPI,15533,10058,189633,26297.53448888213,19060.162566835108,36283.02317826333
31,1994,NOPI,35949,17489,564677,58940.08850751785,44413.72491160081,78217.57891706693
31,1995,NOPI,58645,24481,680902,73194.87997048275,54768.385562292475,97820.85776108691
31,1996,NOPI,37619,21850,666917,75002.35406418111,56153.92970546826,100177.37217456018
31,1997,NOPI,37697,19723,497368,60921.441096889655,46085.68605987302,80533.07442358647
31,1998,NOPI,38900,16049,284623,38925.5299166236,28994.757668588903,52257.614862959446
31,1999,NOPI,22721,12486,344405,44128.89755772741,33140.96223179645,58759.89918578899
31,2000,NOPI,27523,12207,272859,36843.28922978798,27345.425732872343,49640.03758910313
31,2001,NOPI,51661,27309,202365,28790.437486988023,20817.268339253562,39817.38992762998
31,2002,NOPI,1351,1329,127377,19648.16385885644,13381.592213645417,28849.35789859228
31,2003,NOPI,35383,30589,275468,37798.93375296995,28052.60555211715,50931.4327400715
31,2004,NOPI,49070,28993,277817,39513.35223358932,29585.431240908503,52772.76481192011
31,2005,NOPI,67135,19400,527635,67929.62625799548,52437.24438956281,87999.17267333395
31,2006,NOPI,131060,71742,624197,77219.30866848545,59708.9840648962,99864.73098852245
31,2007,NOPI,150427,44510,1076681,118476.41948659695,87528.65573800173,160366.47491056903
31,2008,NOPI,58944,18836,382709,43707.511779010994,33739.36159241159,56620.709336185144
31,2009,NOPI,48079,16640,437833,44746.934801180316,34781.051333252566,57568.362581000714
31,2010,NOPI,24655,10118,761893,74437.89647461774,56746.484328607134,97644.82323661009
31,2011,NOPI,78353,38708,586465,60200.93629078355,46488.30341750354,77958.37799755955
31,2012,NOPI,33281,14704,392778,41673.98394445997,32082.32800746517,54133.257954316585
31,2013,NOPI,28097,4587,459849,48838.102316742355,37595.51905217131,63442.67343644617
31,2014,NOPI,45891,18385,405130,42949.19362587132,32723.215502067123,56370.781563201206
31,2015,NOPI,37468,15279,397514,39769.20338555113,30026.985146757685,52672.27229744415
31,2016,NOPI,29520,12492,384075,35001.01971380679,26170.54014816789,46811.085062455415
31,2017,NOPI,31101,12602,477636,39190.84434898551,28917.925176977755,53113.156334230836
31,2018,NOPI,14266,4805,346804,25371.725183562856,18288.549952378617,35198.22186375769
31,2019,NOPI,17216,4508,247444,16081.814916271012,11066.323425505972,23370.433074919103
31,2022,NOPI,12130,3119,457794,,,
31,2023,NOPI,23360,11041,329244,24205.79686533724,15302.76167608647,38288.553026450434
31,2024,NOPI,23435,12803,252485,19761.485503446973,12114.693722529299,32234.930428056512
31,2025,NOPI,36119,18548,219272,18991.721941641987,11169.493701720512,32292.01895275583
31,2026,NOPI,53431,17726,433399,48153.65133398799,26968.545675469082,85980.68893661063
32,1955,NOPI,2661320,321437,958005,,,
32,1956,NOPI,3010823,427125,729674,2531405.2368498403,2156646.2664222126,2971285.8213792397
32,1957,NOPI,1057436,176884,344416,1046419.945282378,912433.0686206141,1200082.2192252977
32,1958,NOPI,583920,90030,368032,850142.3546305874,751093.339799787,962253.2711174021
32,1959,NOPI,238013,42617,160002,335212.8092253133,278828.4205151523,402999.1894697116
32,1960,NOPI,607578,92964,394964,564875.88168142806,497229.9854120224,641724.6969548021
32,1961,NOPI,343410,85972,252231,333314.97579644766,290938.7267500151,381863.47459218313
32,1962,NOPI,259621,66541,311113,339023.8043449067,296762.38429300743,387303.6004422001
32,1963,NOPI,370398,87154,268896,276988.19335699873,239893.02318145867,319819.46886858856
32,1964,NOPI,321595,64048,322555,310610.77661602205,271281.6348229252,355641.67332220456
32,1965,NOPI,355312,54909,610148,549418.7939765113,484665.86945176055,622822.9182221153
32,1966,NOPI,648192,106523,595118,597680.4145820957,530475.4076991105,673399.5069148325
32,1967,NOPI,800715,146049,688814,757124.7419449532,672455.069714807,852455.2801844833
32,1968,NOPI,394882,79076,404228,560832.6621762107,498954.3920535626,630384.8206829504
32,1969,NOPI,878925,117920,781769,1091095.264636933,971479.040997983,1225439.588784305
32,1970,NOPI,1360737,255619,733388,1182257.011251753,1054010.782562393,1326107.5349304483
32,1971,NOPI,1104461,186911,495343,899588.0402966116,806990.4269504279,1002810.7090474935
32,1972,NOPI,800717,141345,357204,671169.1495842431,594436.5767086665,757806.7114372917
32,1973,NOPI,443629,170675,326802,575720.7837898456,504433.24245851353,657082.82680211
32,1974,NOPI,1043099,165881,755035,1029907.8778524632,917133.4989443084,1156549.4424568766
32,1975,NOPI,925221,127520,785676,977028.4245944174,872452.1238818222,1094139.7428413532
32,1976,NOPI,1134653,168301,553390,661627.2530215534,592594.4856929977,738701.8146632396
32,1977,NOPI,300242,76380,265677,331528.25031143107,286032.64230958046,384260.27137000475
32,1978,NOPI,416655,60745,566432,597854.5162290622,529214.2417040591,675397.5883652878
32,1979,NOPI,610339,67278,660383,698657.6187931121,616865.0536782038,791295.3820079706
32,1980,NOPI,326822,51969,358224,408894.15328168863,358982.2179152479,465745.7117483797
32,1981,NOPI,175482,29093,126223,151421.11767822574,122764.72086271767,186766.64368880735
32,1982,NOPI,618187,111738,704505,556728.2703877492,479045.16783590283,647008.649412172
32,1983,NOPI,489710,80863,711918,500921.22100697283,431083.0975576363,582073.5516580256
32,1984,NOPI,207337,40159,266938,173241.7148929202,146816.62543510352,204422.97791612285
32,1985,NOPI,200310,38073,722930,332422.2231237234,283105.5797706074,390329.7650157843
32,1986,NOPI,216503,74948,615206,262567.9376057229,222331.7848018674,310085.766279261
32,1987,NOPI,135018,32328,347497,144908.1950433049,121724.28133696552,172507.77544193773
32,1988,NOPI,29410,7099,149146,64253.139345859214,51165.646657794634,80688.23879839436
32,1989,NOPI,192046,99761,222911,90750.63528307242,73828.33482692047,111551.72094275928
32,1990,NOPI,91556,23542,277138,116207.55218798821,96253.38616022952,140298.39078122468
32,1991,NOPI,72185,19536,437338,187426.68172257362,157607.91057252136,222887.0422425329
32,1992,NOPI,148611,30366,349776,161987.29641472295,136382.00739404117,192399.89717952925
32,1993,NOPI,125785,38868,337279,163321.96458391543,137879.05907789,193459.86470999295
32,1994,NOPI,517227,92189,742871,371507.2807695309,318846.37866567576,432865.69614606973
32,1995,NOPI,221136,39840,343488,194390.87426218364,165031.7614035937,228972.9666279453
32,1996,NOPI,463201,53874,1041421,597025.2792275384,512871.58891183726,694987.1892747643
32,1997,NOPI,661110,99378,972050,616783.4037851411,532007.0289753594,715069.0619961793
32,1998,NOPI,348718,67818,344989,225230.72001423407,192711.85870220375,263236.92573855177
32,1999,NOPI,539365,77975,807043,522640.3570131746,450454.9239192765,606393.5108139894
32,2000,NOPI,248617,36181,322493,214820.8295100023,182215.52518606663,253260.46583704738
32,2001,NOPI,303400,95907,378874,250558.39056117038,214103.01749962647,293221.0288942496
32,2002,NOPI,60598,30998,193792,127535.24229054753,103510.99409567828,157135.36681015952
32,2003,NOPI,570234,114995,851096,612226.1776046957,519655.7363666339,721286.9334709088
32,2004,NOPI,203845,50915,372215,268177.59447867546,227510.4810346956,316113.8856253445
32,2005,NOPI,413621,70104,550857,384385.67590087664,334311.6744915421,441959.8808880717
32,2006,NOPI,559437,124052,636964,429286.07698978134,374725.4730189005,491790.78863416734
32,2007,NOPI,489384,66084,600079,367224.9406554275,319556.8477784097,422003.65279887273
32,2008,NOPI,159536,41228,251415,123564.28710917119,100298.32953693217,152227.1918115606
32,2009,NOPI,231257,49984,640724,318781.320667483,274498.88324343966,370207.4456761322
32,2010,NOPI,173446,37610,766013,389315.9408619888,338776.2520107712,447395.2967766956
32,2011,NOPI,569100,75502,924670,486368.68404103024,422594.53986393264,559767.0450071824
32,2012,NOPI,370735,60081,880236,467747.4092826314,409038.5971202371,534882.6258229631
32,2013,NOPI,435723,51252,888564,473297.92503730406,413892.5010853989,541229.7281472057
32,2014,NOPI,414806,52469,867290,448870.9803370193,389830.0174152857,516853.8798644506
32,2015,NOPI,452487,81883,770225,362226.05985756754,312961.55996609456,419245.47683796304
32,2016,NOPI,130419,26087,503192,190181.54247053128,161710.88047182176,223664.72182292625
32,2017,NOPI,295581,43679,584358,196930.1007263727,166725.6017822773,232606.53527430672
32,2018,NOPI,122707,24725,554663,162790.35498104242,135170.32133425886,196054.1294366015
32,2019,NOPI,62921,15397,359802,84039.53997627068,66880.50292458905,105600.94452918012
32,2022,NOPI,26766,7898,383770,,,
32,2023,NOPI,140295,31857,564886,149308.8403025829,112918.34977335726,197426.98894597372
32,2024,NOPI,89916,20451,338242,82904.64253177529,63089.76938774752,108942.85745568543
32,2025,NOPI,122751,26523,330774,87677.91713877008,65441.395114766914,117470.25167038897
32,2026,NOPI,99168,22306,359149,110558.82927412132,77645.08162008616,157424.71352238554
33,1955,NOPI,760168,208990,213286,,,
33,1956,NOPI,468322,142361,103113,399998.5950200581,307151.0913746235,520912.60786983283
33,1957,NOPI,242491,58079,72860,235071.76612002414,186412.19945561019,296433.04133614886
33,1958,NOPI,231592,54706,108156,261414.4819669891,212107.50713928428,322183.4639600671
33,1959,NOPI,98086,18589,79415,167217.9433897459,137980.5381473041,202650.6126657152
33,1960,NOPI,179825,50429,90004,151169.25557545343,125975.86034948748,181400.97450288798
33,1961,NOPI,164484,45404,80336,116766.4158717382,97584.36182168745,139719.0658524301
33,1962,NOPI,23854,9164,45186,63243.257640418895,50567.74113499249,79096.07087836943
33,1963,NOPI,82268,25257,43277,55056.843012780846,43563.772921891214,69582.03477850652
33,1964,NOPI,64540,21343,64668,74528.26173394993,61336.81770995983,90556.73255416077
33,1965,NOPI,78510,14844,112182,122170.9122031425,103080.28399627208,144797.1543140854
33,1966,NOPI,186959,36814,132956,154339.8522097866,130260.52262687958,182870.3700841999
33,1967,NOPI,280017,78262,194890,236069.38394253034,194493.29991609277,286533.0274053039
33,1968,NOPI,61932,13985,65120,111022.26671472949,91846.69974021486,134201.26952127868
33,1969,NOPI,222225,36232,140011,224625.14646926476,190328.79344074297,265101.54093972006
33,1970,NOPI,218880,39044,102559,197712.115461606,168369.4652572023,232168.46677388423
33,1971,NOPI,230143,62012,120441,234111.44312309302,199324.71758010867,274969.24850351183
33,1972,NOPI,158557,65833,63142,136899.23425925887,113174.76605780332,165596.98768185996
33,1973,NOPI,116906,59643,85656,159657.36819831136,134436.29235256207,189610.0730981322
33,1974,NOPI,198039,37860,122930,194253.273724482,164692.27001170738,229120.25166691866
33,1975,NOPI,195507,43168,192745,252868.91017479435,208785.9951371537,306259.4581163531
33,1976,NOPI,271836,64830,96831,133606.30894810136,112565.68815309524,158579.8131172769
33,1977,NOPI,44068,11515,44546,65407.2066296001,51811.10198775529,82571.15782054323
33,1978,NOPI,145438,43593,161583,182190.88544927456,148922.1753801414,222891.71277588658
33,1979,NOPI,162790,38837,130155,162124.3799875595,133479.117960545,196917.0533035733
33,1980,NOPI,35718,10001,48114,69484.79354029604,55346.81416472661,87234.2266885998
33,1981,NOPI,44746,11080,28420,40265.06326867277,30094.858556823943,53872.169459410885
33,1982,NOPI,154357,70515,119019,116634.54824197681,94063.88926055054,144621.04374537314
33,1983,NOPI,56791,15147,95962,86447.19082034788,69883.16870390235,106937.29175895728
33,1984,NOPI,16551,4925,35218,29650.12008608782,22470.6274780059,39123.501200841616
33,1985,NOPI,40562,10101,108016,62448.57587528439,49693.443796144675,78477.64877896647
33,1986,NOPI,78199,41841,112817,59163.352800754896,46918.50914912189,74603.86909357077
33,1987,NOPI,74460,44382,150913,71149.19333289134,55280.481334244265,91573.14823858623
33,1988,NOPI,19200,5137,37148,20131.415756066643,15104.793922960958,26830.812946580292
33,1989,NOPI,76829,33210,71109,34207.49574075782,26772.008855509903,43708.067301536736
33,1990,NOPI,34414,13178,56782,29186.372680642762,22709.51199862812,37510.46479135395
33,1991,NOPI,36021,9469,157120,75409.39559023429,58280.71737663793,97572.18509400048
33,1992,NOPI,30097,7665,34489,19763.969431873153,14683.348481064268,26602.548336147924
33,1993,NOPI,37887,11430,93982,48915.02913846258,38765.17036435808,61722.41868480344
33,1994,NOPI,95316,33171,178041,97180.63112745092,75855.18224013763,124501.38260075913
33,1995,NOPI,36132,9997,52691,32721.520500616218,25279.23414007705,42354.83946781403
33,1996,NOPI,115423,33982,197625,116370.50653235201,90602.70958656116,149466.7748060908
33,1997,NOPI,194220,75155,163437,105620.93093935894,83528.00784907902,133557.37003393445
33,1998,NOPI,50230,11526,49289,32600.02494918689,25122.756465289593,42302.7476366279
33,1999,NOPI,48247,10617,93533,59219.442501821184,47195.95573797565,74305.99328672321
33,2000,NOPI,25848,7682,36607,23715.461896429762,17661.56360023704,31844.470041908608
33,2001,NOPI,18430,6192,41981,26615.385957024286,20005.49734881719,35409.20564432995
33,2002,NOPI,28497,15681,68500,45664.93995118103,35815.08376102841,58223.70135049188
33,2003,NOPI,185352,76448,258746,194636.2043832362,148133.53001365878,255737.18558667877
33,2004,NOPI,172347,100222,156775,124417.73214695194,98366.20415153186,157368.80574088526
33,2005,NOPI,64132,22302,115679,87691.78148848603,70872.55411519809,108502.48924463906
33,2006,NOPI,56598,10232,87593,61499.80297770229,49593.850412327265,76264.00722772017
33,2007,NOPI,80530,17177,144895,99029.75408505523,80426.59815236354,121935.93188621408
33,2008,NOPI,42191,13199,51422,29752.835875903347,22766.855608301637,38882.45517469058
33,2009,NOPI,46921,13724,109183,63696.5856388619,51668.416134980616,78524.85765093968
33,2010,NOPI,40003,11342,189975,122894.16350808826,99081.25567111169,152430.1980435658
33,2011,NOPI,220961,52107,227698,159622.25084700395,126801.42848517108,200938.2959628373
33,2012,NOPI,52874,11948,135196,91747.71708242118,75262.42717079293,111843.90281134372
33,2013,NOPI,91881,16647,99533,64502.385470609595,52488.13652508361,79266.63064920994
33,2014,NOPI,115403,22479,123776,82839.05328866043,67402.8511318942,101810.36313038637
33,2015,NOPI,66415,18143,106691,66620.91453437599,53693.580014077816,82660.65053276293
33,2016,NOPI,27445,6576,58942,29007.94660356628,21982.889360211804,38277.99668947818
33,2017,NOPI,115999,43210,125860,64557.65653877195,50828.461023838376,81995.22342066214
33,2018,NOPI,68418,18622,122674,57497.77804217147,44514.79807848873,74267.31384825487
33,2019,NOPI,40030,7393,109404,45519.293326911895,34521.54151871667,60020.67039381943
33,2022,NOPI,9155,2658,88260,,,
33,2023,NOPI,69473,29120,140805,64590.03591019104,42672.33231797963,97765.28519210995
33,2024,NOPI,31761,12311,91405,40519.727693245506,26857.045729646732,61132.871755971915
33,2025,NOPI,24102,5627,62774,26783.468779781146,16953.451088537902,42313.16657187922
33,2026,NOPI,15318,5086,48899,21058.250970549747,12211.364687424157,36314.52710566782
34,1955,NOPI,198104,71291,1198551,,,
34,1956,NOPI,285039,53838,746712,345231.05424418603,267717.4428928539,445187.58108059556
34,1957,NOPI,241686,49196,636051,253710.58381623606,204325.81762281127,315031.458526703
34,1958,NOPI,220744,24829,466716,172206.62198886028,142025.6265470759,208801.195796765
34,1959,NOPI,84053,11153,169001,76068.84070763348,59346.85767219344,97502.52588882271
34,1960,NOPI,157917,25530,487277,117030.4544268775,97428.28668252754,140576.49713158378
34,1961,NOPI,27043,8094,58913,29167.612807695998,19964.90287189361,42612.26024281582
34,1962,NOPI,59163,17253,269424,60443.21017185862,48929.64975508411,74666.00873225876
34,1963,NOPI,29582,8692,239079,56183.39790150191,45758.477414378074,68983.37484381946
34,1964,NOPI,65590,18660,481798,84522.48442228451,70316.44686289164,101598.56892151193
34,1965,NOPI,56673,10877,435059,85674.84401750959,71671.87310777849,102413.66074508209
34,1966,NOPI,91127,20487,569686,110117.04110824442,91825.76558668744,132051.8556525135
34,1967,NOPI,116379,34379,545139,123318.0039149753,103182.38813417235,147383.00173668342
34,1968,NOPI,61032,10053,123577,59072.105300330186,45148.340853153524,77289.96367691686
34,1969,NOPI,158202,39784,267136,102438.50905827223,84015.05074149801,124902.00321807979
34,1970,NOPI,144852,37445,721304,215839.22047368324,179874.16543547745,258995.33144129178
34,1971,NOPI,164999,54484,608658,218906.3537257307,184510.5092329319,259714.15883416714
34,1972,NOPI,278158,51017,545974,207160.82786980452,176092.6366465689,243710.40959445466
34,1973,NOPI,71523,20563,227611,117991.8093237576,96427.88414983379,144378.020841578
34,1974,NOPI,197469,33840,943095,244990.27743965245,202155.61115502662,296901.16290628357
34,1975,NOPI,251878,60501,763930,210258.82981653517,176679.3102624816,250220.44431880812
34,1976,NOPI,224929,56691,656617,179297.55369325168,151810.79803104303,211761.04188458825
34,1977,NOPI,63545,23519,338738,117737.56994933974,99218.08155688232,139713.80175929348
34,1978,NOPI,96003,15180,545474,155978.46057639862,132054.57871784954,184236.55128055473
34,1979,NOPI,219483,47356,667777,186415.26660684127,155454.00726313432,223542.97734684884
34,1980,NOPI,139935,22746,273319,110463.62005983863,91826.72206140324,132883.01142411394
34,1981,NOPI,59446,15386,97262,53915.90231286649,40303.33145286971,72126.15973470802
34,1982,NOPI,140991,32143,247506,82562.38529218663,67462.72357774165,101041.68796684186
34,1983,NOPI,115282,24844,464631,107644.5107163782,89419.88924719616,129583.48287969716
34,1984,NOPI,58739,11298,260341,62777.36425147302,51296.82479413678,76827.31783454516
34,1985,NOPI,71218,13777,560424,83675.61766251703,68041.89714628524,102901.43698008261
34,1986,NOPI,52732,16744,529120,72357.19301748053,58441.34405826962,89586.63538177276
34,1987,NOPI,44567,11719,251539,40527.74479907142,32412.169090776842,50675.352639883866
34,1988,NOPI,17379,4165,213804,33811.82723614165,26657.30023863205,42886.550806442705
34,1989,NOPI,6413,2243,63931,14627.232241712938,10056.068890138074,21276.298461204038
34,1990,NOPI,95443,28401,453632,53125.975948842846,41787.199597305946,67541.48035081512
34,1991,NOPI,38309,14674,257812,38964.50686587486,30857.05396959438,49202.130468995194
34,1992,NOPI,53301,10584,378313,50139.943197204775,40139.13359355752,62632.49050852532
34,1993,NOPI,21116,8195,202973,32965.624110648496,25651.44193074287,42365.35224564265
34,1994,NOPI,31756,7040,472266,60125.513601333485,48164.80726658474,75056.40717744897
34,1995,NOPI,105549,28504,560989,72294.07603124948,57818.980782629216,90393.03976769993
34,1996,NOPI,72635,19306,572991,75739.55714832315,60587.719189259806,94680.58203519559
34,1997,NOPI,44992,18429,578141,77096.04046999,61723.34382619687,96297.4312099346
34,1998,NOPI,51734,23179,403037,58283.03575271261,46952.29605163307,72348.16062704194
34,1999,NOPI,62626,15722,614884,78913.81296025275,62838.522073383465,99101.4694561617
34,2000,NOPI,59276,17277,348144,50761.87299559958,40749.5083544887,63234.32733483623
34,2001,NOPI,78139,21248,480083,64004.58750744268,51453.028984689525,79617.99922832292
34,2002,NOPI,37049,7866,157284,26455.136267501148,20042.7517236718,34919.06922667995
34,2003,NOPI,90443,17583,333625,47143.42952836901,37869.46526854871,58688.52205690173
34,2004,NOPI,11341,2965,281582,41660.779125088986,33265.45127709227,52174.86763826523
34,2005,NOPI,82155,20208,528010,67970.92806111177,55114.3638180004,83826.55158182049
34,2006,NOPI,68312,9794,653893,78195.73485335855,62847.41557527939,97292.35312679874
34,2007,NOPI,39316,8113,488059,55644.974493944785,44979.84080994414,68838.90940199197
34,2008,NOPI,47964,15741,381112,40023.11214954839,32086.70258853162,49922.53416241838
34,2009,NOPI,20225,5915,415188,39518.370611540915,31650.461933433628,49342.14290697015
34,2010,NOPI,23976,7360,539068,48434.93683425157,38806.55259527636,60452.24193461324
34,2011,NOPI,71793,21928,580653,52324.206367412684,41857.54222639727,65408.10631382447
34,2012,NOPI,20526,4040,590340,54016.32246151145,43215.980297970236,67515.83724696923
34,2013,NOPI,71585,16065,511762,47347.84586654699,37816.73849669052,59281.117233271725
34,2014,NOPI,56937,14373,489857,44037.14434938071,34903.379015567436,55561.09858541917
34,2015,NOPI,71045,16821,597424,49921.45769589951,39252.167659689345,63490.810497144616
34,2016,NOPI,45309,14889,610225,46276.999140547894,36039.48975983057,59422.612909499156
34,2017,NOPI,30307,7113,510220,33937.215687534284,26114.24508356824,44103.69148855558
34,2018,NOPI,17735,3647,406454,23435.240928986495,17553.510373090896,31287.78835266877
34,2019,NOPI,9134,2958,242083,12136.760352883855,8424.594854085819,17484.63331644897
34,2022,NOPI,11244,2817,539452,,,
34,2023,NOPI,11657,7726,578161,30985.98263267229,20696.861742651858,46390.17893875387
34,2024,NOPI,14983,3531,336424,18646.562552507414,12230.7779441158,28427.815189944373
34,2025,NOPI,34095,8755,482120,30559.854477947167,19797.8421374188,47172.04527801473
34,2026,NOPI,57711,15457,564512,41851.247300224444,25481.24459844879,68737.88655877391
35,1955,NOPI,162837,21289,732851,,,
35,1956,NOPI,319001,41899,452487,298413.8890114326,230523.69283209497,386298.0332342194
35,1957,NOPI,172558,20664,299313,175961.27105120145,140924.20904922084,219709.36802732103
35,1958,NOPI,137560,40607,343959,161579.1000815581,131195.3879244722,198999.4160327965
35,1959,NOPI,16041,4204,77376,41977.19474344898,30960.561619194017,56913.85383128951
35,1960,NOPI,140963,16789,270172,90151.54373302564,74124.47225687357,109643.96224344098
35,1961,NOPI,14738,5090,41837,19071.911448940355,13188.474451145654,27579.975808697498
35,1962,NOPI,6221,2060,59938,21361.83459320667,15494.006093251011,29451.90381629524
35,1963,NOPI,27996,7022,129744,37765.46019922915,29914.56807917346,47676.77007018206
35,1964,NOPI,100797,21580,393969,93327.99500528774,76903.29819895227,113260.61242748727
35,1965,NOPI,42105,12397,332170,90464.29262733486,75258.90865828657,108741.78733739819
35,1966,NOPI,57389,8809,388506,112821.96481815328,94052.40311792838,135337.27287614875
35,1967,NOPI,96622,21360,298965,106861.77430046124,89723.60719862525,127273.51433121704
35,1968,NOPI,23352,5746,58512,35242.35358173899,25925.43238863751,47907.53216230484
35,1969,NOPI,229545,55247,179628,92391.37280115436,75819.45748261687,112585.42399936024
35,1970,NOPI,201267,39360,518056,250135.04986548226,209244.67658883156,299016.1766177369
35,1971,NOPI,136959,27376,391727,228352.80484737887,193531.01404939263,269440.0364602892
35,1972,NOPI,281259,57747,302777,189249.81151461854,161840.17056787686,221301.6152457488
35,1973,NOPI,56413,16862,117041,86756.1826757697,69591.26785297666,108154.88012623673
35,1974,NOPI,200066,30476,460946,223019.2538445097,188714.68549357008,263559.7089610523
35,1975,NOPI,266832,40566,480885,223228.48396927104,189729.65475977608,262641.8949547553
35,1976,NOPI,392650,118417,670848,272341.66974776407,225222.6707428296,329318.4688573876
35,1977,NOPI,46436,13203,170320,92912.87364766859,76813.51347016422,112386.50205501622
35,1978,NOPI,87454,14368,280655,132365.13677265288,112381.53551826152,155902.20717349154
35,1979,NOPI,216966,46462,480873,212492.72169520706,176645.15617181754,255615.02931627273
35,1980,NOPI,115882,20738,137210,81496.11582392103,66433.60534181242,99973.75364792685
35,1981,NOPI,19786,5439,52607,34513.30558336147,25516.054926677625,46683.0889694118
35,1982,NOPI,148568,25816,210367,89910.81577589852,74114.81965831036,109073.39221436158
35,1983,NOPI,117145,19151,323346,113840.54380518243,94053.91734248037,137789.7888789614
35,1984,NOPI,23069,4274,131871,46118.189754871535,37066.69970055372,57380.005326845036
35,1985,NOPI,35045,6818,207783,54008.05818772787,44055.718219413815,66208.66636839065
35,1986,NOPI,64965,17058,346258,73907.02485737893,59415.60098338799,91932.89696415623
35,1987,NOPI,37055,9171,184291,41409.095478858,33110.23951529564,51788.00315186629
35,1988,NOPI,2217,579,63390,15951.708980820827,11782.378200274257,21596.40567325168
35,1989,NOPI,13681,5267,73088,17288.312117985817,12874.02008307769,23216.19307412506
35,1990,NOPI,17187,7024,97383,22746.86186870493,17407.278339283934,29724.332247060913
35,1991,NOPI,19649,9888,144762,33360.81330349808,26247.19120571109,42402.39862422652
35,1992,NOPI,48992,12373,229072,52566.08886243774,41952.72217171541,65864.46731594096
35,1993,NOPI,7858,3038,96326,25732.405082228237,19734.83889753334,33552.67680440242
35,1994,NOPI,54867,9787,287995,69802.89655911124,56173.24609431293,86739.59058483673
35,1995,NOPI,65569,23626,331352,87712.96205455899,71038.06216170242,108301.99301990829
35,1996,NOPI,83760,18319,381601,105899.70103117036,85820.1425509006,130677.32521930634
35,1997,NOPI,125248,23293,319462,94152.08192537227,77108.41479173403,114962.99794030125
35,1998,NOPI,44895,10504,241799,73237.65730372038,60347.33331440749,88881.38303298695
35,1999,NOPI,166488,40819,362340,107789.91140994824,88013.44228854869,132010.11913240643
35,2000,NOPI,56723,13318,209192,64917.060066011836,53253.822543643204,79134.68904810536
35,2001,NOPI,185953,29552,292752,89598.96071597569,73416.56358484953,109348.26378933963
35,2002,NOPI,49866,20049,15108,4854.112423510074,2939.2365494542805,8016.5059952216525
35,2003,NOPI,80761,16281,287201,82516.88757668159,65279.44776478513,104305.9794236775
35,2004,NOPI,13492,3738,224794,71752.82134483584,58665.603890413724,87759.55635880222
35,2005,NOPI,114181,26729,281204,85876.23230770224,70435.98806223007,104701.12620342434
35,2006,NOPI,42907,7815,260191,74014.96569236477,60592.409011970434,90410.91509267567
35,2007,NOPI,36043,7071,213295,53617.16191928535,43537.58346754643,66030.30814564574
35,2008,NOPI,12054,3858,119297,25433.963295775808,19676.247864285586,32876.51656925081
35,2009,NOPI,47740,11383,279243,56747.64221939333,45818.97896317325,70282.99124798409
35,2010,NOPI,37940,11935,166660,31395.788114781557,24806.885954507004,39734.75401773168
35,2011,NOPI,92115,19298,375711,74186.81137051107,59570.22481657993,92389.83062880725
35,2012,NOPI,75401,22729,361262,73448.3294006662,59136.95945317903,91223.10551018306
35,2013,NOPI,90941,16087,338206,67683.49639797215,54410.96498515736,84193.61218651358
35,2014,NOPI,46975,11910,366144,71376.91807171516,56750.73269912858,89772.66356059872
35,2015,NOPI,40590,6694,342781,61140.22038592878,48197.28680329764,77558.85853276246
35,2016,NOPI,22314,9543,203441,29236.560606583338,22536.050316011948,37929.293914253416
35,2017,NOPI,36056,10340,289242,37757.34268161171,29068.36198381884,49043.59341507581
35,2018,NOPI,8669,3583,162021,16599.25697284928,12172.919029178096,22635.107601573305
35,2019,NOPI,13417,3782,166272,14984.477511085526,10826.401408329273,20739.538264993815
35,2022,NOPI,14119,2804,283909,,,
35,2023,NOPI,20292,4129,304188,32143.597325231032,21726.02976814848,47556.35797394247
35,2024,NOPI,19921,7286,227039,24151.467758568153,16272.612860093888,35845.09752109912
35,2025,NOPI,35441,9232,209939,23986.616002717004,15735.793718961964,36563.6305061931
35,2026,NOPI,44902,10111,195145,24469.942852647742,15132.310569939194,39569.50925930225
36,1955,NOPI,0,0,69259,,,
36,1956,NOPI,38671,,54593,7015.257355239091,3638.5311710519827,13525.742517139772
36,1957,NOPI,0,0,82296,7417.728754933328,3980.972032844075,13821.423367914387
36,1958,NOPI,0,0,31778,2677.7208643503536,1448.532052857737,4949.969186550964
36,1959,NOPI,0,0,45630,2651.5972713947717,1514.8121653260714,4641.478495226334
36,1960,NOPI,591,571,16413,924.7798565831114,472.4689385297726,1810.1037198405975
36,1961,NOPI,0,0,33134,1248.5474256215596,719.9009369796289,2165.396089865535
36,1962,NOPI,0,0,25166,856.7328493563822,479.99530129033565,1529.1632505426023
36,1963,NOPI,0,0,47754,1237.9707915957058,745.0093320802632,2057.1174277304053
36,1964,NOPI,0,0,77402,1724.86257589682,1046.5759824391978,2842.7471637514464
36,1965,NOPI,5140,,141807,2785.812238484168,1604.287117167292,4837.506793541675
36,1966,NOPI,0,0,115818,2502.0216575739387,1467.2853309881575,4266.458774417861
36,1967,NOPI,3143,,128954,2887.1934168627827,1664.1053211885965,5009.229716555338
36,1968,NOPI,0,0,39765,1253.3844534144134,722.2104325005052,2175.2283231658375
36,1969,NOPI,0,0,59610,1804.9449335097281,1053.1820501487787,3093.3172593876034
36,1970,NOPI,11498,9784,79444,2453.1907185663563,1412.2912426800922,4261.263201094086
36,1971,NOPI,5587,3414,69920,2297.060868514332,1305.2921640395534,4042.3812990115584
36,1972,NOPI,2523,2357,103819,3004.5634212018517,1660.4584415798752,5436.692136320426
36,1973,NOPI,0,0,82621,2327.1781401858543,1279.8936212349704,4231.412678604665
36,1974,NOPI,1329,1241,141671,3101.831938416339,1623.2109717280264,5927.363443050797
36,1975,NOPI,1590,588,59721,1403.2651421080568,748.2597994057028,2631.6435289180617
36,1976,NOPI,6156,5757,75452,1469.3292631053089,773.2868106800152,2791.8858224402734
36,1977,NOPI,724,453,35568,769.198632763083,386.22828781697933,1531.9088614373247
36,1978,NOPI,313,292,129904,2057.310393380609,1022.4752634230955,4139.489928139684
36,1979,NOPI,2907,2719,67575,1289.1682687809114,649.9481167200748,2557.0576827247846
36,1980,NOPI,422,394,32444,683.1016885065311,328.14465084973654,1422.018965209801
36,1981,NOPI,360,337,30420,587.7595148566946,277.4656501725526,1245.0595130955444
36,1982,NOPI,2073,1365,27028,465.59780405592653,214.84565600979334,1009.0095334849099
36,1983,NOPI,6313,3341,89234,1028.7828039970002,493.79456328712956,2143.389450775503
36,1984,NOPI,851,794,69312,711.8029812834549,340.2194826743663,1489.2253676399728
36,1985,NOPI,363,339,45424,409.0736003989302,191.99030543692194,871.6128148372744
36,1986,NOPI,535,501,94302,643.1735761813386,300.40716338841855,1377.0385646996867
36,1987,NOPI,0,0,42082,305.5048302108856,140.81225094684237,662.820178319683
36,1988,NOPI,968,904,108225,643.0238389100756,294.0525655198017,1406.141982389223
36,1989,NOPI,335,384,36639,259.0130416431312,117.26886887836784,572.0849564159296
36,1990,NOPI,1047,643,80723,500.752477276842,230.6767266757362,1087.032259875004
36,1991,NOPI,768,497,28783,210.2675118572599,93.21013789580773,474.33066338840223
36,1992,NOPI,703,421,61938,406.9695987118468,188.18774399931385,880.1011732001289
36,1993,NOPI,0,0,48325,342.4111952704772,157.78801321251413,743.0566128533911
36,1994,NOPI,0,0,45760,333.37717120446524,153.72834758355506,722.9658031670696
36,1995,NOPI,0,0,79658,578.0478976493276,269.3935943425591,1240.3389649715211
36,1996,NOPI,675,634,76862,596.0746694110637,279.3839554191415,1271.74451009711
36,1997,NOPI,0,0,99934,787.4487320741633,367.51794782002213,1687.1978887650564
36,1998,NOPI,0,0,43021,361.6147901280854,169.78223331305816,770.1939943166125
36,1999,NOPI,0,0,36786,301.60083660136826,141.1372529621342,644.5007446974314
36,2000,NOPI,1339,816,45551,374.5951166114349,178.89147025076826,784.3945895935296
36,2001,NOPI,571,533,31052,264.36425498437814,123.97807024220488,563.7163022211143
36,2003,NOPI,0,0,43959,,,
36,2004,NOPI,1153,699,47008,441.1099785077813,218.73555897754488,889.5582138024042
36,2005,NOPI,0,0,56798,535.7051765958865,269.8920750844836,1063.3140530035844
36,2006,NOPI,0,0,77005,716.5561777743461,363.48686550281093,1412.5758167253766
36,2007,NOPI,0,0,134038,1241.3999412882254,609.3272002114163,2529.1400313258755
36,2008,NOPI,1241,369,71815,610.2501155452553,312.85515999487467,1190.3438112674835
36,2009,NOPI,861,805,29546,214.1997930051615,105.24391580149333,435.9544299928358
36,2010,NOPI,0,0,19728,128.81978498526513,59.515618337524174,278.82659152660096
36,2011,NOPI,0,0,55937,417.0687666250014,212.59654082217773,818.1993715485424
36,2012,NOPI,0,0,22828,161.84188139473852,75.54501907137615,346.7176909260059
36,2013,NOPI,0,0,35970,270.13008338790894,131.63064733366858,554.3561733475898
36,2014,NOPI,377,352,39537,304.00896861144633,147.0978177209128,628.2992802214486
36,2015,NOPI,0,0,38671,283.8643961973605,134.35313843765144,599.7552149917656
36,2016,NOPI,1390,925,73023,555.3771929604036,261.41663893320083,1179.893627732676
36,2017,NOPI,345,309,85082,616.9283168285509,279.767082756879,1360.4193329479558
36,2018,NOPI,0,0,59503,362.1700321153534,159.03316631105457,824.7784736039589
36,2019,NOPI,0,0,64861,368.41272524134894,154.7940514466638,876.8291471880261
36,2022,NOPI,0,0,65761,,,
36,2024,NOPI,0,0,49204,,,
36,2025,NOPI,0,0,54091,402.5308025375167,119.71546908456307,1353.4679204827228
36,2026,NOPI,0,0,59449,528.3741231596364,144.90278869815958,1926.66557029665
37,1955,NOPI,103610,70853,729650,,,
37,1956,NOPI,70129,37121,481836,160989.2510250191,98424.67188857919,263323.60015318455
37,1957,NOPI,77343,41689,324959,98338.53282329965,63963.537573010435,151187.1826476286
37,1958,NOPI,58372,26718,192648,54788.41042763126,36359.76289594385,82557.46677383968
37,1959,NOPI,74424,58096,406415,77088.43658141665,52962.118811551954,112205.23626918996
37,1960,NOPI,94638,36497,187237,38068.77190598531,26720.85211148241,54235.97228050885
37,1961,NOPI,29498,11875,289760,43703.82007694153,31920.376678541947,59837.13502358718
37,1962,NOPI,45138,28079,313547,42081.35676866236,31131.945793905084,56881.783079493056
37,1963,NOPI,87941,38474,247712,33315.31412944376,24888.801816568983,44594.76047595933
37,1964,NOPI,25218,12243,289576,36375.61911975708,27542.531825878825,48041.54079627416
37,1965,NOPI,53010,29308,443785,51498.35853610674,38477.43627436249,68925.6143003602
37,1966,NOPI,26105,12678,433194,55825.436759706005,41973.888974885325,74248.04957378742
37,1967,NOPI,53195,25359,503289,69489.45223890303,51571.15964524572,93633.41847807264
37,1968,NOPI,22590,13004,153852,34224.85115441617,25181.45074341718,46516.002929185815
37,1969,NOPI,103091,56040,153143,37031.572059089456,27313.543106831465,50207.22957119927
37,1970,NOPI,65814,29749,368228,76352.64778940345,58733.35515408656,99257.51405072033
37,1971,NOPI,42952,14765,239925,61217.91037928501,47493.9681529707,78907.54756763276
37,1972,NOPI,64416,24780,431494,90349.44520485017,68854.88318906649,118554.00620475433
37,1973,NOPI,30666,11229,137602,38208.26955971283,28011.961587137357,52116.01687394959
37,1974,NOPI,149496,76838,559526,88630.29055050315,65174.53733465243,120527.56681235443
37,1975,NOPI,70520,18527,264223,48837.43808605325,38031.09140690556,62714.35477068655
37,1976,NOPI,75264,30946,444044,62425.50279825736,47240.46959261172,82491.63129031868
37,1977,NOPI,6810,3070,208171,35203.25699025808,27040.52057886398,45830.08300849134
37,1978,NOPI,34855,6345,312549,45270.64682575052,34867.88593803839,58777.04968014854
37,1979,NOPI,52246,17488,268512,41417.87372083468,31854.437776947747,53852.4734156956
37,1980,NOPI,13596,4214,103244,20137.15868369935,14087.764699185234,28784.208745049556
37,1981,NOPI,20796,10217,107755,18593.994586473418,13036.168395578457,26521.338493837502
37,1982,NOPI,22978,6212,131121,18758.348863798463,13486.570487243565,26090.817708534192
37,1983,NOPI,25682,7512,271728,26883.109288085663,20137.39127104654,35888.53964586044
37,1984,NOPI,6862,4183,159056,14888.905062622918,10805.270623986107,20515.866902185917
37,1985,NOPI,6826,2587,234600,15968.09666212077,11781.100382593711,21643.14900393849
37,1986,NOPI,39549,19670,383751,20260.274031713423,14570.3709123638,28172.151986316723
37,1987,NOPI,14150,11738,165172,9700.845646485372,6910.1259841987485,13618.623809772138
37,1988,NOPI,13008,2841,318522,14898.296280221679,10687.074886283095,20768.9414002472
37,1989,NOPI,900,640,99091,5906.939275972415,3907.849665973591,8928.67806912747
37,1990,NOPI,11958,2816,348462,15297.236734990336,10786.969370478837,21693.345340049877
37,1991,NOPI,6710,3692,147119,7942.661694101434,5484.43993015233,11502.701386173092
37,1992,NOPI,23386,6232,261941,12248.039939363363,8672.362712535658,17297.994483025755
37,1993,NOPI,10866,5190,216768,10710.590096183003,7525.303166902968,15244.135374238353
37,1994,NOPI,8913,4403,157912,8203.788931536274,5621.173706192536,11972.971544902446
37,1995,NOPI,25643,11385,332102,15418.424944176295,10692.446809133255,22233.24857282768
37,1996,NOPI,27196,10301,371207,17662.86197387665,12107.250573328902,25767.75719794485
37,1997,NOPI,4920,2795,467509,21748.248748648763,14523.524711504724,32566.91010126689
37,1998,NOPI,1651,1130,194941,9990.683507918158,6806.943346546811,14663.52103635823
37,1999,NOPI,4701,2754,185633,9027.766512001901,6113.639913674634,13330.940216633835
37,2000,NOPI,6955,3713,184022,8719.190753655688,5877.051443002783,12935.787296731827
37,2001,NOPI,4450,2379,324705,14590.2959316527,9787.257717197323,21750.396436292132
37,2002,NOPI,6771,3973,77842,3969.864927141107,2407.8834342881005,6545.095711580627
37,2003,NOPI,2568,939,143102,6626.533279042322,4345.262102980575,10105.476322851791
37,2004,NOPI,5988,2737,219877,10101.183621380698,6798.795479664154,15007.645230400421
37,2005,NOPI,10615,5066,312438,13939.66718200049,9347.196623200532,20788.513281365762
37,2006,NOPI,4294,2545,262458,11119.865614581171,7482.9939146518145,16524.323378672456
37,2007,NOPI,1423,1069,363365,13904.307268204922,9209.008155357387,20993.54863706855
37,2008,NOPI,7839,2678,265560,9386.8367217852,6273.423121777969,14045.394664290208
37,2009,NOPI,6746,2358,323996,10561.527538895003,6990.946262336174,15955.76046061068
37,2010,NOPI,1794,1910,105458,3195.370072063115,1975.5352670520226,5168.41691855647
37,2011,NOPI,8892,4124,192078,5669.598017605535,3696.3511115648257,8696.236020616698
37,2012,NOPI,0,0,119516,3520.65416181654,2177.5650207645303,5692.140353524007
37,2013,NOPI,2474,1319,196320,5868.618366986835,3761.445548594425,9156.23557283848
37,2014,NOPI,14752,5243,243717,7359.222664297378,4693.15560190801,11539.817303455722
37,2015,NOPI,7731,3134,167806,4561.785310552247,2807.3369601500526,7412.678105608654
37,2016,NOPI,2634,963,251910,6318.047964511475,3881.2818502002674,10284.676975934613
37,2017,NOPI,2822,2035,250042,5562.9076975941725,3332.8552147486894,9285.114431316799
37,2018,NOPI,1448,731,189153,3539.738192844931,2037.225971617411,6150.396003413108
37,2019,NOPI,1593,949,187984,3115.0309860183356,1730.6456216070858,5606.8197455951295
37,2022,NOPI,1631,903,247290,,,
37,2023,NOPI,2167,1592,166486,2628.8342437390734,1229.8612239930496,5619.145759078133
37,2024,NOPI,2184,874,188837,3271.06392783869,1478.8915502706554,7235.053319527907
37,2025,NOPI,495,513,146848,2665.85942791066,1130.1419827742588,6288.4191523745085
37,2026,NOPI,7794,2693,331839,8256.625147542778,3287.128401042209,20739.031309340207
38,1955,NOPI,18439,6493,93203,,,
38,1956,NOPI,31241,7692,83987,37673.68614024012,21836.272671840143,64997.660027557955
38,1957,NOPI,16311,4556,34139,14729.678426416545,8932.24611907169,24289.90688942073
38,1958,NOPI,7801,5859,39585,13488.510693995866,8581.101947901108,21202.395898179766
38,1959,NOPI,8510,4450,42098,12044.873722181783,7935.597919265481,18282.048115252004
38,1960,NOPI,13474,2162,37072,9224.975996633288,6208.144489710136,13707.828849588152
38,1961,NOPI,11403,7919,36339,7875.165862744363,5409.690359613295,11464.285983674576
38,1962,NOPI,8320,1012,31865,6369.490105301988,4392.1714135667,9236.981069596823
38,1963,NOPI,15128,10257,53192,9195.741233019204,6564.971349448417,12880.735089842297
38,1964,NOPI,3604,1757,38578,7187.277780735332,5151.118655099775,10028.299745397968
38,1965,NOPI,9248,3161,72625,12574.58266988308,9007.490684812145,17554.292849654114
38,1966,NOPI,14378,1816,62849,12584.851301053497,9158.424862070971,17293.20103127583
38,1967,NOPI,20600,7866,70061,15598.395099837302,11294.607411228904,21542.132526778558
38,1968,NOPI,1893,727,27446,8386.185419969008,5899.535258873579,11920.956958824716
38,1969,NOPI,21782,8092,36814,11873.023734755792,8633.424706939002,16328.247177828824
38,1970,NOPI,22734,7614,63095,20996.822963039773,15321.328934262163,28774.69548710954
38,1971,NOPI,33879,16020,60509,22145.61176571915,16166.264686422142,30336.514339633646
38,1972,NOPI,19674,8925,48055,18368.185505209018,13462.108443244657,25062.213707175608
38,1973,NOPI,636,488,33592,12864.686593414488,9230.197472521499,17930.294735240073
38,1974,NOPI,19238,2512,67189,20444.421601082773,14673.88807523954,28484.22806959408
38,1975,NOPI,20373,4601,53291,15703.2281042599,11362.954259948,21701.34344055227
38,1976,NOPI,11656,6432,61715,16240.644408495056,11600.784903366495,22736.26595099097
38,1977,NOPI,0,0,39203,10873.412340913032,7734.951693520764,15285.305018072306
38,1978,NOPI,2437,821,31702,9011.60799298806,6280.226891402319,12930.914762086408
38,1979,NOPI,29955,16010,42125,11594.928303139255,8159.395744333627,16476.999837678497
38,1980,NOPI,6575,2562,31621,9232.293037103602,6355.727137015775,13410.776278695375
38,1981,NOPI,2807,720,23103,6670.175361809798,4405.80232604687,10098.32853695333
38,1982,NOPI,15008,5440,25310,6324.0718258372435,4194.224384648429,9535.466105421732
38,1983,NOPI,6250,1564,34252,6900.8388618533,4666.756471897425,10204.42726849696
38,1984,NOPI,1422,552,36519,6062.999611511457,4078.0955384937165,9014.002723135252
38,1985,NOPI,2829,1143,29034,4144.063934894634,2716.315594918975,6322.26458833354
38,1986,NOPI,17884,7981,70170,7741.548152973945,5048.660945163708,11870.784838943264
38,1987,NOPI,4590,2808,37646,4249.9650048672465,2780.366050565327,6496.339767536621
38,1988,NOPI,539,617,43372,4534.718138032291,2956.20814727961,6956.096312203977
38,1989,NOPI,1865,1110,38177,4050.1056563247535,2613.0844852372684,6277.392070583716
38,1990,NOPI,1166,888,35651,3807.9685059138264,2438.572274455151,5946.358159620852
38,1991,NOPI,856,668,32391,3501.7601310255304,2222.1548220554096,5518.213174677794
38,1992,NOPI,3525,1816,54005,5644.568299813444,3617.495256369352,8807.51708938959
38,1993,NOPI,3276,2534,55712,6013.841757068994,3848.168558814013,9398.313022497376
38,1994,NOPI,13957,7605,37030,4173.262205521787,2654.1207031720487,6561.916123566592
38,1995,NOPI,2899,3312,65241,7225.136857347467,4608.054107615965,11328.556780859613
38,1996,NOPI,3006,980,54466,6310.676110529498,4048.0456982751393,9837.9899685858
38,1997,NOPI,19579,5396,84498,9716.502257111373,6088.054704130679,15507.484853641998
38,1998,NOPI,4957,2109,44343,5170.093217792471,3306.076958655917,8085.070073967881
38,1999,NOPI,4032,2362,32579,3619.7970468622516,2272.2341946715296,5766.5405666368015
38,2000,NOPI,1491,1132,27548,2948.020862008665,1817.2627710759186,4782.37222550532
38,2001,NOPI,11450,4646,122896,13500.956433223044,7973.191741446652,22861.086315568107
38,2002,NOPI,2032,826,45849,5180.095303337407,3269.3052077846764,8207.672776394258
38,2003,NOPI,1468,1679,59636,6573.7925871953275,4157.555244450263,10394.269333438131
38,2004,NOPI,2140,1236,32326,3404.835937830832,2116.3646071956027,5477.746000915286
38,2005,NOPI,3641,1617,38400,3784.3999331178084,2380.305752241195,6016.740849488504
38,2006,NOPI,6260,2492,59072,5601.577080269923,3534.0552890988215,8878.657298597773
38,2007,NOPI,0,0,39634,3281.929220225022,2050.561453917965,5252.736700959043
38,2008,NOPI,451,513,37256,2668.7574496491284,1649.618415611709,4317.523530080536
38,2009,NOPI,6105,2292,44435,2950.4271883312827,1822.644133827543,4776.0396185315385
38,2010,NOPI,775,594,67179,4488.296877170434,2729.7879630290304,7379.624033239835
38,2011,NOPI,652,493,63388,4137.388599585007,2493.30915737805,6865.568344511742
38,2012,NOPI,1683,769,23823,1287.6829245134777,726.6665963379,2281.826799855478
38,2013,NOPI,3890,1943,44812,2539.967347939709,1481.2546603474252,4355.384864805558
38,2014,NOPI,823,379,40191,2147.0588221992048,1221.3822764683114,3774.298739059063
38,2015,NOPI,0,0,37532,1767.631560890783,976.3776527589011,3200.1155764149075
38,2016,NOPI,379,288,54347,2407.2364326057564,1301.2543738177774,4453.231711692953
38,2017,NOPI,2714,1102,50874,1897.5263274781125,991.3387432719744,3632.064405743441
38,2018,NOPI,313,357,41640,1249.3689203384333,625.2713758523771,2496.392381595519
38,2019,NOPI,0,0,51069,1391.5288667984078,666.7061438037509,2904.3568971568347
38,2022,NOPI,195,222,45758,,,
38,2023,NOPI,267,203,28495,548.6825331508621,209.28729973864407,1438.4653180618143
38,2024,NOPI,0,0,35220,746.3225288676822,272.26923689138994,2045.7592765709423
38,2025,NOPI,467,528,37890,886.1759754005403,304.05962108190477,2582.743004752874
38,2026,NOPI,0,0,44076,1181.5028341329141,374.97484902424173,3722.780209650442
39,1955,NOPI,61468,10139,317966,,,
39,1956,NOPI,90000,9383,188970,99916.8095726886,71615.12550736211,139403.07671678398
39,1957,NOPI,47832,11353,96530,48762.80834468726,35753.68759641577,66505.3491684889
39,1958,NOPI,59580,15300,166418,58993.090862046796,45108.333319488695,77151.70376188836
39,1959,NOPI,17937,3280,70074,26158.65945668539,19467.047222696692,35150.449718590964
39,1960,NOPI,57272,6828,164249,39973.33009699134,31643.118376288916,50496.512386729904
39,1961,NOPI,35467,11043,117745,27760.91693466038,22114.38437525461,34849.19570790632
39,1962,NOPI,23942,3636,74842,17418.83474527795,13361.849930477672,22707.619488468208
39,1963,NOPI,38934,6180,162511,28467.28285490248,23008.704042854988,35220.853448835514
39,1964,NOPI,38065,4929,253221,40023.919202929406,31949.907832316025,50138.301392605295
39,1965,NOPI,22276,4923,245962,41475.425702772816,33318.3346180194,51629.55942869649
39,1966,NOPI,26145,3088,242044,44616.123554135134,35985.252976819866,55317.062305498
39,1967,NOPI,39936,9536,182714,40866.21207198161,33323.48351138427,50116.227750968435
39,1968,NOPI,7391,1510,46307,17087.863342051536,12125.364709853551,24081.343578832064
39,1969,NOPI,101003,26215,126267,38812.58883458935,31074.423955775394,48477.7144762779
39,1970,NOPI,63215,15327,262215,77389.54236952218,62435.684530219856,95924.97164446449
39,1971,NOPI,33824,9306,200724,70137.50950291396,57283.51648848855,85875.84249056884
39,1972,NOPI,62234,10204,180364,64946.31327558143,53231.57029612023,79239.13543458615
39,1973,NOPI,27164,6988,97662,39600.73973445551,31294.49346196169,50111.64630040252
39,1974,NOPI,72392,11076,324561,85589.31254868237,67739.87619246198,108142.06984587335
39,1975,NOPI,83927,17519,296181,77153.84710891305,61455.382256447185,96862.40496992497
39,1976,NOPI,99567,22748,376404,86551.50363125981,66786.0792323817,112166.5303148959
39,1977,NOPI,9345,3590,66971,24209.163315207068,18223.999724555626,32159.98668133534
39,1978,NOPI,24560,4484,114911,34651.04521783231,27586.999413275862,43523.940994845616
39,1979,NOPI,53154,14848,202495,56720.78249566856,45219.23088551,71147.7639915338
39,1980,NOPI,25393,3968,58521,23606.38437216712,17639.975760855654,31590.824765366073
39,1981,NOPI,19614,6449,47454,18660.123850212975,13555.763436130062,25686.50771650617
39,1982,NOPI,45182,10206,88215,27099.853715797333,21049.23683004199,34889.72438038503
39,1983,NOPI,26151,4453,163286,38565.853413772544,30267.85156421299,49138.77175514899
39,1984,NOPI,10740,3494,86326,20456.281304537246,15756.14201042436,26558.496650608038
39,1985,NOPI,19356,5752,83659,16683.70686799091,12776.172921935882,21786.342166608
39,1986,NOPI,34073,10910,197072,29265.93731298208,22287.839021240354,38428.80801459286
39,1987,NOPI,18909,4446,119356,19312.62313865536,14819.449548658426,25168.101640421
39,1988,NOPI,6941,1334,48774,9175.358272824411,6597.884174592338,12759.726786184303
39,1989,NOPI,12007,5683,63452,11167.085822517243,8237.09351663036,15139.29707313552
39,1990,NOPI,10961,4343,52375,9933.840511599703,7195.009503219541,13715.2268201651
39,1991,NOPI,6390,2633,70804,13102.816072971784,9774.125557968833,17565.13030489506
39,1992,NOPI,33681,9842,150259,25828.136558663045,19670.416061905187,33913.499134615406
39,1993,NOPI,16025,6386,63417,13322.776857226901,9831.750557486708,18053.385523730594
39,1994,NOPI,23253,5043,89396,17987.58446700577,13665.693532160685,23676.30989208275
39,1995,NOPI,54237,20796,239535,45077.66069351011,33839.81341688028,60047.479238925356
39,1996,NOPI,33810,8387,177222,37559.644785457946,28890.622055061518,48829.92528582902
39,1997,NOPI,30246,6263,157356,34385.646190799234,26661.341603216995,44347.830711420735
39,1998,NOPI,54354,24764,124092,27947.56324767894,21725.157437798916,35952.15794036374
39,1999,NOPI,41780,9179,204599,43529.87305059797,33244.73841137378,56996.984736474995
39,2000,NOPI,23419,8154,91285,21085.040760275857,16135.178050585871,27553.395597413415
39,2001,NOPI,63055,15561,144001,31379.191301776238,24279.103432807664,40555.60162995702
39,2002,NOPI,7770,2045,51972,12253.412319250607,8822.940322662002,17017.695685859675
39,2003,NOPI,19658,5430,140292,30700.29178498998,23706.344758963893,39757.62291768494
39,2004,NOPI,22147,7876,126838,28625.61628263721,22122.526846029818,37040.339616893325
39,2005,NOPI,39376,8340,139300,29967.8235550425,23213.65833518948,38687.15717525571
39,2006,NOPI,35649,9808,185933,37086.35422121342,28476.706900495803,48299.042239233335
39,2007,NOPI,8229,2224,110972,19981.645011499342,15272.521095168853,26142.778581060607
39,2008,NOPI,2790,1372,69089,10679.05325003012,7775.993774683935,14665.929734699952
39,2009,NOPI,25635,7075,126378,17764.372544924005,13498.323219527663,23378.676505413565
39,2010,NOPI,15367,5377,91406,12119.629786935191,8997.816756410106,16324.562963312692
39,2011,NOPI,23498,3863,194771,25988.393866696515,19539.594946053407,34565.53821280544
39,2012,NOPI,14228,5599,120849,15778.290769403597,11810.121369732684,21079.7545435794
39,2013,NOPI,26759,7515,157479,20092.793256398043,15005.617955920507,26904.6127943745
39,2014,NOPI,26040,6815,211973,26774.75478917682,19531.96378021435,36703.29835173796
39,2015,NOPI,19018,5805,166009,18530.126450602285,13419.42292582167,25587.20953749851
39,2016,NOPI,5468,1367,125476,11542.858038445525,8175.0301627505305,16298.113773671756
39,2017,NOPI,23574,7909,176096,14200.262400587562,9818.525025727036,20537.44851871062
39,2018,NOPI,6122,2852,105272,6641.198717776718,4416.5526358898915,9986.41339640964
39,2019,NOPI,9389,3143,94088,4923.585243787173,3145.700803454775,7706.292863649108
39,2022,NOPI,10426,2694,179836,,,
39,2023,NOPI,4815,1246,150314,7293.703539429277,3999.451881887298,13301.350508055008
39,2024,NOPI,1836,786,140085,6931.812900931056,3645.2417915190017,13181.575555648225
39,2025,NOPI,8377,4033,90616,4234.829885447813,2099.2534773611774,8542.934120192685
39,2026,NOPI,2627,1056,94705,4697.854695359136,2168.548363434959,10177.24073432676
40,1955,NOPI,29915,6549,352385,,,
40,1956,NOPI,54071,6560,246782,87627.57318244735,62786.06958832215,122297.69488984445
40,1957,NOPI,50795,6090,183100,59198.81020130569,44329.807252349136,79055.14024233668
40,1958,NOPI,61642,9978,213391,54882.17579132984,42059.02875560784,71614.90192967965
40,1959,NOPI,26903,5603,111710,29781.402941226075,22737.92286638364,39006.72749923579
40,1960,NOPI,51196,9166,178594,34386.236932624444,27328.052526893913,43267.382087434016
40,1961,NOPI,21583,6290,109629,21848.13681609981,17060.293290710364,27979.652764524086
40,1962,NOPI,27410,4061,88175,16654.713983957772,12678.271749064965,21878.336683223057
40,1963,NOPI,35119,5390,168754,24481.290562911956,19717.714726973656,30395.692194787618
40,1964,NOPI,48062,9848,250304,32770.94421903669,26132.09861337394,41096.38498216878
40,1965,NOPI,39364,6674,218425,31628.598460956404,25485.163132012938,39252.96594816814
40,1966,NOPI,30049,4589,212375,33700.56102157053,27193.07645844246,41765.330042897614
40,1967,NOPI,51839,16856,234940,40606.97771437765,32554.36521512945,50651.47571452673
40,1968,NOPI,22720,5356,67895,20028.76723213852,14632.503499719922,27415.097959611914
40,1969,NOPI,40391,10302,87263,25965.109466849164,19687.456811825192,34244.489578791734
40,1970,NOPI,35498,7005,262248,61633.63243576079,48751.877009910306,77919.14650700038
40,1971,NOPI,23293,6442,183497,53577.599851362895,43087.30454284673,66621.9257920446
40,1972,NOPI,63125,18641,249992,65289.38891273303,51861.29823948703,82194.32311381085
40,1973,NOPI,15090,4719,82407,29307.92592127884,22065.12506387131,38928.15106738693
40,1974,NOPI,59349,8437,356195,69409.76048325934,52740.39044250459,91347.72818179085
40,1975,NOPI,39788,6959,264139,54420.54712687859,42641.550102819856,69453.29009962433
40,1976,NOPI,56758,22629,231046,45822.97372484936,36157.24036117807,58072.59901512631
40,1977,NOPI,9316,2970,89978,23292.472903441165,17760.262344922223,30547.932424695096
40,1978,NOPI,28483,5204,191271,38375.486902014214,30207.06368635956,48752.76889728523
40,1979,NOPI,57666,17503,211724,44061.36254956959,34275.97422508943,56640.36438396956
40,1980,NOPI,22602,6701,60873,18831.461393191195,13639.681934597495,25999.428718622497
40,1981,NOPI,15437,3600,54028,15821.003057314569,11235.964709622138,22277.0491193519
40,1982,NOPI,21855,6895,87362,19948.999125287508,15053.750399602011,26436.10765004068
40,1983,NOPI,32839,6506,153856,26008.652423339125,20017.83157505168,33792.37148348911
40,1984,NOPI,6996,2136,58192,10938.182976399892,7794.902313564944,15348.98604399394
40,1985,NOPI,11412,2773,103567,13459.998878435339,10123.903567904175,17895.426264415342
40,1986,NOPI,28498,9756,202212,19812.252398438195,14716.8437675841,26671.842909959523
40,1987,NOPI,18655,7349,133814,13878.683446314397,10375.025771732333,18565.53019153027
40,1988,NOPI,12110,2874,113578,11727.839384386143,8700.088310408213,15809.289712773641
40,1989,NOPI,1676,541,46800,5894.0019185870615,3995.01263871445,8695.656749533253
40,1990,NOPI,30124,8715,145170,13764.788949775328,10100.443206677633,18758.524844394393
40,1991,NOPI,9061,3562,114002,12044.964467928801,8809.344664742663,16469.008144762538
40,1992,NOPI,29154,8517,136624,13918.452258329522,10158.840470686582,19069.431577982585
40,1993,NOPI,7357,3083,99187,10964.885862725381,7914.494944185903,15190.953160051811
40,1994,NOPI,1581,980,65555,7852.624476977532,5439.112857953009,11337.08985028003
40,1995,NOPI,26663,10203,172902,17435.769087196222,12517.992098084787,24285.52768526985
40,1996,NOPI,19773,8191,150071,16332.248243206675,11761.919465730842,22678.469569095385
40,1997,NOPI,9946,6460,159200,17127.720622580604,12299.047528306623,23852.15709183975
40,1998,NOPI,2726,1705,85709,9978.25294172623,7030.200980737032,14162.544149431971
40,1999,NOPI,10995,3541,151081,15458.78368846715,11057.014829543486,21612.885286930978
40,2000,NOPI,11482,5047,117250,12390.645798768646,8850.048537745886,17347.713140299547
40,2001,NOPI,17552,8920,163108,16267.651280423306,11579.032841695907,22854.79986104767
40,2002,NOPI,14746,6333,87153,9382.350401872365,6592.18019897124,13353.472812720147
40,2003,NOPI,15546,5195,103928,10725.28545873094,7627.319224374381,15081.543696724013
40,2004,NOPI,8238,3844,114520,11564.05449985139,8268.193539103058,16173.709026414503
40,2005,NOPI,14312,3018,208307,19442.541300030523,13781.186811469352,27429.597855011507
40,2006,NOPI,11106,3366,150295,13492.62204440605,9691.558286836427,18784.47657694665
40,2007,NOPI,5256,1415,166557,13247.303018372459,9483.195412100858,18505.47517313077
40,2008,NOPI,17088,8060,153971,11061.029781468054,7903.63883423966,15479.753363286507
40,2009,NOPI,8499,2360,146565,9626.571637211879,6856.456701531099,13515.856005577647
40,2010,NOPI,497,488,98506,6087.9927413987525,4241.656101649258,8738.015230634248
40,2011,NOPI,5436,1776,150002,9014.422763556457,6363.686284576298,12769.299762163746
40,2012,NOPI,6205,2013,114005,6881.513377574417,4794.6027263976475,9876.777924688518
40,2013,NOPI,2529,1376,143562,8570.109157861614,5981.9179036589485,12278.130887209012
40,2014,NOPI,7121,1336,132451,7578.416261162444,5223.61462927909,10994.760736279199
40,2015,NOPI,13862,3946,146896,7764.403798615455,5297.07006578641,11381.002252044776
40,2016,NOPI,9488,2746,144417,6725.441000965525,4517.973777424204,10011.469496234142
40,2017,NOPI,1305,729,150748,6089.442533285112,4008.6267845864986,9250.377338384933
40,2018,NOPI,3211,744,149934,5229.808187780665,3351.04985984547,8161.888012683567
40,2019,NOPI,2869,1364,137703,4225.378122127525,2624.6639696673765,6802.326119185665
40,2022,NOPI,5245,1235,188115,,,
40,2023,NOPI,2913,992,143598,4153.557339852836,2229.0565493542776,7739.614582879474
40,2024,NOPI,2668,1314,136997,4155.712267213997,2149.2445370234336,8035.355749602448
40,2025,NOPI,7414,1644,135398,4485.674238867208,2211.9289557405896,9096.708700800013
40,2026,NOPI,3905,1562,141100,5228.627154916103,2406.5760045498578,11359.932897793382
26,1955,NSHO,136440,15128,664698,,,
26,1956,NSHO,139420,17195,557221,192038.3935060341,154363.45349541065,238908.52235613426
26,1957,NSHO,146738,19134,421417,183184.75668403105,153842.21723449262,218123.8393765427
26,1958,NSHO,191230,20492,403035,182248.93056422446,155661.36515832206,213377.75534745635
26,1959,NSHO,161283,25540,249349,148086.66021476517,123790.94329186637,177150.75392760328
26,1960,NSHO,187380,31138,515330,173487.82569753635,149046.09331558915,201937.7025973395
26,1961,NSHO,192700,46261,358196,148889.26969995635,129096.53668854966,171716.5711832187
26,1962,NSHO,142920,32440,395508,136223.2742228313,118446.27076694342,156668.33847813818
26,1963,NSHO,261202,51270,543023,152245.66051561848,131714.0962087955,175977.68054448479
26,1964,NSHO,189246,19317,366657,139729.6371094166,121293.72686486451,160967.69380729558
26,1965,NSHO,124994,26169,601686,176859.6076615794,153983.84451541494,203133.78277210437
26,1966,NSHO,188678,30060,490191,190116.39130805284,166491.21415629328,217093.99157883693
26,1967,NSHO,157536,40352,377493,179732.34193658884,155760.00910146057,207394.15029803038
26,1968,NSHO,235355,119270,266132,157025.48694644967,131561.57166637274,187417.97652963124
26,1969,NSHO,118613,30690,483245,197603.24585816122,172246.96690513846,226692.19362907723
26,1970,NSHO,137312,30784,531228,222731.33014535293,195210.92718076147,254131.49839906767
26,1971,NSHO,162547,31652,585392,232665.55448887945,204060.14990143434,265280.90012560185
26,1972,NSHO,233052,26014,517134,217002.2465210953,191330.34889713454,246118.6908749084
26,1973,NSHO,254904,59151,683871,229143.49966895196,200075.28327495465,262434.93239680823
26,1974,NSHO,252593,44149,947344,253349.96841135362,213916.30101638666,300052.90007850784
26,1975,NSHO,202168,37579,428156,168902.86682019694,147924.36211448757,192856.5248637105
26,1976,NSHO,135477,30556,459595,146755.68066776186,128559.25863954493,167527.64473109072
26,1977,NSHO,158620,32786,433788,142009.18514581842,124074.82291277558,162535.86499137245
26,1978,NSHO,64636,10909,295812,124721.13440755481,106991.4302655073,145388.85338111242
26,1979,NSHO,143140,28961,617173,185888.06234861005,159963.07361003704,216014.67728707477
26,1980,NSHO,234424,51692,281191,159247.9460515741,136629.8948302869,185610.2454967527
26,1981,NSHO,279274,56982,365159,175604.7449303537,153021.9137019431,201520.32931779372
26,1982,NSHO,136492,21756,374594,183367.54482398336,159664.37725845346,210589.59469931063
26,1983,NSHO,95873,28238,318745,156986.9316457509,135614.46843660917,181727.6356399062
26,1984,NSHO,116624,39778,386351,148972.8410378977,129062.23299378222,171955.08594657524
26,1985,NSHO,159234,48167,493458,152698.02535264104,131468.00120215255,177356.36606159975
26,1986,NSHO,141081,27379,514467,150665.05021994692,129353.07338177004,175488.3495561248
26,1987,NSHO,170587,40658,325047,121215.88534300467,104342.66345499331,140817.6710557728
26,1988,NSHO,90146,25688,229287,101295.40641252801,85103.92162551645,120567.40940129332
26,1989,NSHO,133204,24021,273985,112888.97292457761,96232.6791849464,132428.1971145571
26,1990,NSHO,209224,48877,467916,157896.20661083944,136299.0417003072,182915.53448271024
26,1991,NSHO,212327,38194,445659,167107.51940465352,144807.19292049715,192842.09905862994
26,1992,NSHO,131879,30620,328103,141135.83992136733,122562.7990934551,162523.42030081394
26,1993,NSHO,191155,31839,344031,138248.92328565326,120478.9970340733,158639.8066065993
26,1994,NSHO,149754,36969,406094,155159.98415446698,135790.8639875471,177291.9029738425
26,1995,NSHO,138424,28685,417916,170653.04943337446,149715.45114132034,194518.75580577378
26,1996,NSHO,139249,23752,522064,209468.05162884676,183030.3555273266,239724.52289005334
26,1997,NSHO,198843,34467,653604,264006.40855142137,227545.6104831268,306309.50695218286
26,1998,NSHO,173413,43374,358099,211696.69046349602,186225.89958844738,240651.21367241553
26,1999,NSHO,202553,43563,469520,235233.19555664883,206590.14040374508,267847.5177162399
26,2000,NSHO,222661,52140,345901,211315.56656166332,185240.11114545338,241061.55192388946
26,2001,NSHO,179279,61232,226432,164546.92600587485,139839.61300313656,193619.60660871936
26,2002,NSHO,171257,36478,249379,168140.54160426563,144178.31994995617,196085.24874467007
26,2003,NSHO,121276,27287,384054,222716.27359024755,196092.8468689797,252954.34950295847
26,2004,NSHO,167203,53154,270952,200793.3421820321,173189.6573388844,232796.61663478837
26,2005,NSHO,324473,66078,539557,285948.152546345,252828.3091188909,323406.6083407523
26,2006,NSHO,358498,80957,539787,310866.2553392349,276242.0410878243,349830.2732201243
26,2007,NSHO,393453,55668,524874,298689.48197804857,266154.7252492116,335201.28775011963
26,2008,NSHO,353011,61811,525585,289745.81018305273,258176.4051442562,325175.47245157836
26,2009,NSHO,258203,54009,346492,224791.90834849476,198057.14427756265,255135.46730807138
26,2010,NSHO,118438,20030,245872,176030.69296642303,148849.40924449213,208175.53138784593
26,2011,NSHO,267362,69149,485855,255316.8296759014,226751.7710063606,287480.3721551735
26,2012,NSHO,324573,79173,421176,268201.74809707375,238559.58519587707,301527.09069838445
26,2013,NSHO,298722,58521,631385,349768.2906574885,311259.8796445021,393040.8804667874
26,2014,NSHO,299750,49776,621016,378360.2334629396,337312.13857410784,424403.54169074335
26,2015,NSHO,359213,72592,602328,374099.2746264888,333812.7097202052,419247.86924191244
26,2016,NSHO,216143,38737,450480,305466.13552356075,271630.90046528325,343515.9983340119
26,2017,NSHO,443145,67267,756627,375090.92827855237,328341.1537936659,428497.0155318382
26,2018,NSHO,418317,76492,600352,317346.7175158892,279038.004025245,360914.77743296314
26,2019,NSHO,280002,58673,560981,264755.6542493252,231007.21563831076,303434.4891059041
26,2022,NSHO,183892,31622,485905,,,
26,2023,NSHO,136925,36205,338841,153528.49125480515,127083.70323793158,185476.1627684562
26,2024,NSHO,176262,31511,352198,165269.7666124333,136893.4320322021,199528.1683762808
26,2025,NSHO,166551,34247,331507,187468.74428822135,153331.15689912764,229206.71046735236
26,2026,NSHO,256013,51670,455078,274891.7852025134,218254.79817361737,346226.03582677676
27,1955,NSHO,127755,12962,256278,,,
27,1956,NSHO,140188,12409,236564,160666.24509054108,126780.57208378249,203608.8170862249
27,1957,NSHO,113196,10590,122624,92626.72476086055,75878.10217408215,113072.2816477454
27,1958,NSHO,117653,10033,163615,116365.19195795446,97197.21368871782,139313.2311670715
27,1959,NSHO,52290,11521,78160,58898.33642827199,47775.178011782256,72611.22152516915
27,1960,NSHO,106957,15221,144335,88865.43844858554,75107.91633060575,105142.92682409789
27,1961,NSHO,57394,11308,105836,64388.61210741306,54160.28299809595,76548.59132225456
27,1962,NSHO,20435,4257,84878,45979.406372840196,37995.88329864413,55640.391191385184
27,1963,NSHO,73258,20234,127949,64071.46859033519,54248.85472881836,75672.62217503642
27,1964,NSHO,66575,26330,97113,53498.358716264105,44817.31885521021,63860.90150953649
27,1965,NSHO,79901,16313,197469,111209.16608565443,94932.6277211569,130276.37513409344
27,1966,NSHO,139143,18621,162580,111335.33575091744,95900.66534403534,129254.12917941212
27,1967,NSHO,148155,25804,155856,113339.9703462009,97790.72671317076,131361.62609524373
27,1968,NSHO,34157,11654,43628,34380.45154651914,26202.179814473537,45111.34023626653
27,1969,NSHO,128864,25835,156377,104200.5228661073,89147.32218753565,121795.57051337045
27,1970,NSHO,97282,16190,187139,147027.50817781835,126523.65846999508,170854.1186872565
27,1971,NSHO,115244,16922,196601,157082.76838105792,134860.99700559484,182966.1404715362
27,1972,NSHO,57658,17033,92732,73296.52419781726,61888.006562345756,86808.10318343497
27,1973,NSHO,99817,13807,136385,92555.1843722018,79912.0295445668,107198.65585937553
27,1974,NSHO,207651,26794,259125,169230.21212752917,142247.49954191284,201331.2345662017
27,1975,NSHO,164327,31704,205809,132470.67225110432,112730.81764881803,155667.09594289452
27,1976,NSHO,74637,14572,144151,83402.40370997104,71477.064741394,97317.38383169273
27,1977,NSHO,30965,14829,53011,28504.558028691365,22688.55122370138,35811.446063698095
27,1978,NSHO,41723,10651,89800,44577.63486168551,37187.76685861947,53436.000537934146
27,1979,NSHO,47738,5714,124870,73278.44439688472,61986.13442295199,86627.92837810905
27,1980,NSHO,42474,6621,68122,45813.75533458634,37635.235670783026,55769.55054081822
27,1981,NSHO,77637,16826,80505,53526.34500674463,44423.658979950094,64494.228426212234
27,1982,NSHO,53695,13448,86406,58024.55702719652,48211.603990879514,69834.83102614277
27,1983,NSHO,37187,15506,56044,34280.114594935556,27503.313727144177,42726.71534419987
27,1984,NSHO,27592,12654,69838,35523.87252357479,28885.98925032605,43687.11447391222
27,1985,NSHO,91949,26195,170249,80622.89781614671,65985.68269711618,98507.00010347716
27,1986,NSHO,33584,14335,70722,33880.72162720075,27421.302219897134,41861.73540463516
27,1987,NSHO,91022,42126,151517,66661.76785274872,54504.174357485994,81531.21014378636
27,1988,NSHO,34515,11171,61562,30019.523772588593,23935.956186339925,37649.292157683005
27,1989,NSHO,33540,17235,111181,52868.87553481809,43277.27542970299,64586.27472647416
27,1990,NSHO,47464,25386,116410,62437.710699266005,51275.320807578944,76030.09900211115
27,1991,NSHO,30283,11052,83147,44606.62059157293,36527.26766809245,54473.0205029444
27,1992,NSHO,58926,36611,78342,39584.92332026548,32503.848886688687,48208.63399082002
27,1993,NSHO,128627,34501,139138,71481.8675213635,59683.7710750303,85612.17383395991
27,1994,NSHO,99416,19011,122543,68720.05517161851,57774.73020314285,81738.95345223785
27,1995,NSHO,48386,14820,93242,53446.18520737252,44862.426440551884,63672.31868311814
27,1996,NSHO,67191,7066,138365,85209.49093458893,72255.78106044348,100485.48695720416
27,1997,NSHO,123836,22804,199007,143068.35062448398,120164.55662376048,170337.6896275501
27,1998,NSHO,33671,14793,78697,58765.43388854589,48926.7774923581,70582.53980958469
27,1999,NSHO,73797,18388,104612,73498.19059143546,62251.97376997195,86776.10833956706
27,2000,NSHO,82018,29865,89314,65164.87713797195,54767.43457329083,77536.24476830813
27,2001,NSHO,27306,7635,67556,47916.63926440981,39349.02291214916,58349.7161675819
27,2002,NSHO,41006,8408,80102,57030.49319767494,47629.86800111542,68286.5036345236
27,2003,NSHO,90064,11635,167198,135065.99875713472,116161.09738836439,157047.62119516326
27,2004,NSHO,42197,9263,61827,51688.80008919708,41801.80798250362,63914.27030570659
27,2005,NSHO,82597,26132,98248,77492.2997947793,65973.75554260115,91021.89920969884
27,2006,NSHO,133032,18925,165211,145766.57830733212,127799.09519263983,166260.13916138659
27,2007,NSHO,262843,19563,323372,323386.376765506,272268.66559726023,384101.3010002945
27,2008,NSHO,123292,30811,123835,119296.08318116349,103165.66651008379,137948.56315861666
27,2009,NSHO,66485,20969,95757,79056.69999680211,67241.72221964443,92947.67605697148
27,2010,NSHO,96153,9014,93710,75841.5547923632,64301.504843483366,89452.67217810627
27,2011,NSHO,238717,31745,209769,194505.58604548388,170932.61694279633,221329.4553113756
27,2012,NSHO,201235,45996,143670,150051.31736753974,132320.74925222422,170157.72636547146
27,2013,NSHO,316247,45027,219067,244756.87121893154,216070.93268287138,277251.20295012067
27,2014,NSHO,246261,35200,217032,267745.3624937412,235995.6765969145,303766.4933978801
27,2015,NSHO,220341,41108,178291,218145.4991762267,192782.66735657913,246845.11042076888
27,2016,NSHO,110326,21041,137733,155696.43663736485,136580.27895852155,177488.14518774636
27,2017,NSHO,210417,31321,168492,179609.05841719353,157656.4603937968,204618.40754849353
27,2018,NSHO,197564,38669,197911,201975.45812998014,174292.08392734718,234055.8720028856
27,2019,NSHO,179149,23750,157955,143039.6968777335,122560.93327507436,166940.2666586497
27,2022,NSHO,30417,4418,88749,,,
27,2023,NSHO,34739,6991,90994,54866.03758060004,43746.011328965105,68812.72116808161
27,2024,NSHO,28709,5086,87529,57728.05913501846,45634.41117047752,73026.66400245165
27,2025,NSHO,102526,21592,98323,76978.26430285959,60263.06526494964,98329.76714723138
27,2026,NSHO,87893,13283,110957,108707.64453987357,82232.07377330559,143707.33266420048
28,1955,NSHO,108655,13631,188752,,,
28,1956,NSHO,103120,19776,149253,96457.52338141072,73110.59312802636,127259.99638086319
28,1957,NSHO,70832,14203,77390,64878.450539769045,50780.882212406534,82889.72465730192
28,1958,NSHO,95245,20795,115683,81636.16079463295,65986.84259698263,100996.84250678043
28,1959,NSHO,57766,11361,78194,64724.25319252606,52640.50656258719,79581.85102853096
28,1960,NSHO,96276,11574,142519,86134.78257737306,70446.89491267747,105316.22123086912
28,1961,NSHO,39598,7967,81952,57412.8349954011,47656.790065311914,69166.08562372295
28,1962,NSHO,19933,3560,73218,45507.20634320482,37762.85189588741,54839.76249655431
28,1963,NSHO,29876,6254,49067,33050.30007628246,26453.88395415116,41291.5675076479
28,1964,NSHO,43174,8305,62074,38394.55819220017,31538.543853536867,46740.96894327381
28,1965,NSHO,43707,10810,95495,58231.78930450949,49348.688016197564,68713.90956719636
28,1966,NSHO,85762,16793,134933,86980.90913658544,73577.3804905791,102826.14716347028
28,1967,NSHO,155705,51865,215824,138657.86783941605,112430.46561870254,171003.51055181227
28,1968,NSHO,50166,17945,47294,53091.497526099265,42658.580360866574,66075.9707828811
28,1969,NSHO,109004,19838,125330,90443.93045679775,76712.383206029,106633.4301530496
28,1970,NSHO,65391,11868,86500,79322.10935615163,67759.37852616512,92857.95073046071
28,1971,NSHO,98415,18493,121414,96529.71727390707,82325.84132726346,113184.22219263294
28,1972,NSHO,88855,6035,60060,59036.798404140194,49447.40204032211,70485.87836766329
28,1973,NSHO,72302,20620,121316,85273.94097352438,72523.69733194496,100265.77900287407
28,1974,NSHO,89337,25896,124084,87228.7215810233,74168.64210378227,102588.50172843682
28,1975,NSHO,96676,12097,178280,103797.96371401235,85553.9685258824,125932.40800882301
28,1976,NSHO,72622,11436,104144,67548.42343004364,57490.232420495064,79366.34304261135
28,1977,NSHO,14876,2621,45431,33225.72537874034,27183.471819853214,40611.03137448434
28,1978,NSHO,66886,18332,88634,51114.19660482142,43264.106418835116,60388.65264576251
28,1979,NSHO,65356,8018,100739,67159.63327223652,56777.82093067725,79439.7577668273
28,1980,NSHO,53810,6808,59124,50480.04274419124,42399.25788919406,60100.9272878057
28,1981,NSHO,79395,12170,58943,49785.48533160765,41773.46138910908,59334.19130907654
28,1982,NSHO,55371,8670,66784,53595.16128242909,45064.12600612147,63741.19654510545
28,1983,NSHO,35044,9554,58022,44348.50835066107,36977.81195995362,53188.387540578566
28,1984,NSHO,21327,10449,42892,30058.33848916757,24456.669780869765,36943.03929458546
28,1985,NSHO,53917,6495,89250,44474.0077957051,36874.89485110471,53639.132461232824
28,1986,NSHO,18380,5101,46371,27188.61022027095,22127.601651549165,33407.168899304044
28,1987,NSHO,34735,12172,58119,29526.72694722079,24246.444280048003,35956.92606083057
28,1988,NSHO,19461,5338,52705,29343.37959445112,23930.237172528065,35981.00260420812
28,1989,NSHO,31919,9625,57836,32989.30989478718,26989.75240421617,40322.510226670194
28,1990,NSHO,28494,9513,66153,38718.21884098065,31904.599928003972,46986.969703457944
28,1991,NSHO,27228,8187,73487,43144.07671864507,35750.489857317916,52066.73708061965
28,1992,NSHO,25677,7833,47976,30906.57217462099,25184.854032156465,37928.20090858654
28,1993,NSHO,40526,10153,90746,48404.455854713306,40434.00999111442,57946.05449980779
28,1994,NSHO,73518,9157,69750,43717.91270293173,36585.994671078726,52240.096470904755
28,1995,NSHO,18022,4765,58766,39262.31868361043,32632.352524069414,47239.30544928877
28,1996,NSHO,70856,11081,130494,79774.08850314566,66818.7216716069,95241.34909051865
28,1997,NSHO,50705,6253,143245,104150.81580804671,87307.48547627384,124243.55568491884
28,1998,NSHO,89051,15749,66328,60588.41243642886,50833.771463890786,72214.89997401492
28,1999,NSHO,92025,34728,67172,58190.32519805801,48755.26429771428,69451.24788944054
28,2000,NSHO,52558,16962,63063,56801.535986032344,47278.06021633221,68243.37706769879
28,2001,NSHO,24991,10505,56585,52853.83953837513,43498.49537399081,64221.26397545809
28,2002,NSHO,33418,7881,59887,56441.311605516,46644.09934063698,68296.34832236105
28,2003,NSHO,120278,28339,159493,133717.36630916878,113590.47597256329,157410.50382585995
28,2004,NSHO,117510,47334,97648,104858.91838439727,89654.96843378319,122641.19832763757
28,2005,NSHO,56598,20506,52992,60760.82928102592,49265.77395228363,74937.99607195346
28,2006,NSHO,147851,10273,170624,150829.92085045518,130613.20663588491,174175.8403281119
28,2007,NSHO,207989,16673,253077,241294.371361216,202951.15771966428,286881.7024982316
28,2008,NSHO,89907,12880,87338,101536.66992364453,86893.61615602918,118647.32756282917
28,2009,NSHO,134388,30241,107409,104826.74970327392,91563.22435966283,120011.58249068572
28,2010,NSHO,126581,15609,132128,130706.43576582892,115287.04509604837,148188.1362851614
28,2011,NSHO,196867,14305,154782,160504.52071517878,141501.88651907272,182059.06510325495
28,2012,NSHO,199708,37473,107654,126970.96488082054,111065.21058795879,145154.5973525071
28,2013,NSHO,159682,37724,157948,179557.9738496946,158255.59237627682,203727.81453656027
28,2014,NSHO,230529,23766,177836,219146.12214184768,191534.41662654158,250738.34611901615
28,2015,NSHO,178720,27678,124503,166418.5643299805,145379.40111503698,190502.4944471812
28,2016,NSHO,65988,20093,90495,118288.73666516559,100933.31075843325,138628.4182763895
28,2017,NSHO,134383,38752,138182,155879.62752538206,134795.7742213546,180261.2761253939
28,2018,NSHO,242728,51523,204452,212715.5905194836,177784.02045784824,254510.62662170304
28,2019,NSHO,130813,35681,118747,124781.28256271924,105162.14889872882,148060.57731847465
28,2022,NSHO,57943,11750,64846,,,
28,2023,NSHO,69506,13876,85951,66745.8408253691,52573.783862259435,84738.18964899683
28,2024,NSHO,44289,12805,96686,84929.06974577643,66305.1151505424,108784.1695396551
28,2025,NSHO,72838,14895,70181,75756.89136538713,57374.41122956766,100029.02803452982
28,2026,NSHO,103086,33184,83860,103916.51954944941,76067.89074378544,141960.59506426268
29,1955,NSHO,24360,5616,157117,,,
29,1956,NSHO,22235,5418,95044,30538.769145928658,20977.3709985978,44458.21266214262
29,1957,NSHO,19065,7649,67026,24252.74713767192,17181.76722426846,34233.71624387123
29,1958,NSHO,38129,12397,98759,34720.029480545505,25756.998617448724,46802.05427014749
29,1959,NSHO,49780,12130,111453,41437.43862341481,31424.39174833332,54641.03596405613
29,1960,NSHO,41306,7960,160368,55215.89412789673,41702.48502127301,73108.23234605488
29,1961,NSHO,13771,3212,49751,20571.333140544997,15471.931112434842,27351.44980313246
29,1962,NSHO,13529,2873,52549,17798.347377434395,13650.919505881056,23205.848458146054
29,1963,NSHO,13680,3955,57578,19551.163835377458,15260.34907944508,25048.444522978847
29,1964,NSHO,42965,9817,118608,39190.71353631914,31862.47122741534,48204.42257988727
29,1965,NSHO,27630,9650,104179,43649.450796218196,36029.64297882485,52880.75032914513
29,1966,NSHO,57256,14425,76200,37868.17223214316,31111.51338652429,46092.211921274895
29,1967,NSHO,77144,9929,169890,81287.82215913755,65779.71116744501,100452.09858941718
29,1968,NSHO,74957,28669,80902,52126.062512096316,43228.21037234723,62855.39858372435
29,1969,NSHO,76771,12523,94544,57732.012626156175,48422.9010265013,68830.7641882619
29,1970,NSHO,29097,12460,77844,51660.3137774297,42990.08893288129,62079.14628297617
29,1971,NSHO,47387,9814,78039,51694.81669391898,43057.27573680702,62065.098808224255
29,1972,NSHO,56171,9195,61204,41844.03990905213,34100.978527927924,51345.261968842955
29,1973,NSHO,39072,10890,83588,51564.84923185332,43015.83481006211,61812.904202472804
29,1974,NSHO,38389,10577,64073,39858.55153257412,32558.44222947423,48795.45891899761
29,1975,NSHO,87150,9574,145626,73153.36659807885,60314.13661530266,88725.71746762232
29,1976,NSHO,42299,9276,123706,66141.91630741915,55156.827938306225,79314.80573376823
29,1977,NSHO,16314,5460,55778,31697.216327080198,25363.449285557028,39612.653293881594
29,1978,NSHO,85725,19054,145626,70716.18835645888,57878.69198306469,86401.04197809791
29,1979,NSHO,135171,24259,153665,93013.70632672677,75429.21015326247,114697.60252103573
29,1980,NSHO,58060,34188,52135,39828.07333504449,31384.13437299835,50543.86419357324
29,1981,NSHO,67605,26310,64692,44978.00330982235,36280.646420242105,55760.32902792173
29,1982,NSHO,74806,28286,103313,69525.71726899335,56841.06821344433,85041.07177606985
29,1983,NSHO,32195,10046,64305,43749.39933248287,34980.95323625643,54715.77429654644
29,1984,NSHO,21759,10054,38815,22661.208921963917,17045.383882280217,30127.241096561345
29,1985,NSHO,16137,6712,75313,34191.500139620235,27340.68554330582,42758.938138033875
29,1986,NSHO,27670,16909,95957,42852.29537688974,34490.56222991898,53241.20861895616
29,1987,NSHO,34337,19098,72083,33673.77305347397,26803.12780224787,42305.62194169638
29,1988,NSHO,21454,12287,74322,34800.44716580487,27675.981131718814,43758.92284273873
29,1989,NSHO,29271,10837,105858,51267.594126577824,41015.31355697902,64082.55794207585
29,1990,NSHO,37332,18116,121656,63497.54884240216,50689.84506463717,79541.35002488014
29,1991,NSHO,24630,12203,93444,50711.22761029788,40816.67166272951,63004.36809235579
29,1992,NSHO,24925,8953,48799,26262.092832047685,20289.533092885955,33992.77434141234
29,1993,NSHO,60835,21362,115923,53851.9018008191,43711.01155762389,66345.46363087432
29,1994,NSHO,98756,32741,121988,64302.33357167091,52423.25288090714,78873.20750880666
29,1995,NSHO,62742,34231,118814,66541.57816175019,54609.37041631384,81080.98647725057
29,1996,NSHO,96548,30174,112943,68031.09391041759,56139.05454187827,82442.24589132542
29,1997,NSHO,69793,14846,104584,67822.98719198599,56197.0979018587,81854.0060498774
29,1998,NSHO,33289,8587,56219,39235.81621656118,31229.61844414566,49294.527146819884
29,1999,NSHO,39844,23886,74707,48914.478554377325,40008.41719741676,59803.07094980815
29,2000,NSHO,23191,7208,54849,37818.999699293345,29974.858782878524,47715.879117739714
29,2001,NSHO,36204,11013,75130,49452.9813934656,40613.44391941917,60216.448857544456
29,2002,NSHO,28269,7954,87493,60356.92928977522,50326.10689967385,72387.05987238871
29,2003,NSHO,116752,25641,177655,125676.10700448434,103961.6814101096,151926.0140618184
29,2004,NSHO,57739,11089,80278,64476.93246315891,53394.418189254764,77859.72693107041
29,2005,NSHO,83973,32483,59577,43867.87301226147,35149.96705182974,54747.99677002039
29,2006,NSHO,61373,11268,120208,83122.69407913771,71130.40238445738,97136.83656151616
29,2007,NSHO,112867,12858,124028,90792.99999359822,78125.79056389496,105514.05353262583
29,2008,NSHO,51363,11328,111987,79588.64831653784,68318.8830111166,92717.45470169409
29,2009,NSHO,67725,17512,137018,93995.57684047458,81312.3902207382,108657.09938656073
29,2010,NSHO,133882,28720,206651,145926.29924159206,123684.67427892676,172167.52952208568
29,2011,NSHO,174690,13970,235202,181578.56428094016,151614.0877670548,217465.11483144615
29,2012,NSHO,189478,54283,134028,110128.4962772172,95199.96777447489,127398.00207719074
29,2013,NSHO,78040,26114,118100,95456.82202900712,82079.2490161299,111014.72029899884
29,2014,NSHO,137493,26730,202551,169139.85554091356,142721.68004268536,200448.1079808261
29,2015,NSHO,128908,28750,117447,106120.8721476984,90369.1026105681,124618.25092939645
29,2016,NSHO,68485,33307,78925,64573.67887466031,52731.583505112125,79075.19035538747
29,2017,NSHO,83869,12531,105054,77341.12614710972,64674.960799677836,92487.87660236102
29,2018,NSHO,168620,58476,176261,124841.40967706975,103019.14228947664,151286.22917830295
29,2019,NSHO,125773,42585,109795,73525.62557784714,60365.162519062986,89555.25655888989
29,2022,NSHO,53471,14389,71991,,,
29,2023,NSHO,58162,24095,126614,61909.021313398334,47535.77442968916,80628.26294440308
29,2024,NSHO,57020,12748,140437,81928.1820735063,61733.9087676898,108728.36585041629
29,2025,NSHO,54669,9346,79948,53799.79644358713,39397.333696289184,73467.35999152233
29,2026,NSHO,31803,10310,66210,49845.133451564456,34716.203964947475,71567.0794915503
30,1955,NSHO,73807,24004,525462,,,
30,1956,NSHO,68308,16035,315811,94300.78702686491,69585.51182435412,127794.3957117495
30,1957,NSHO,124130,25760,164066,66195.298398896,51277.3430775393,85453.28730259866
30,1958,NSHO,31748,4146,209975,74321.51642088308,58910.89709433024,93763.43046100395
30,1959,NSHO,30120,8514,57531,35863.60448738343,25933.3873500383,49596.22549368081
30,1960,NSHO,58611,11767,166280,53384.807667424146,43152.82136139279,66042.90518620875
30,1961,NSHO,21902,7317,142170,51007.04321012026,41449.0000094438,62769.148989029796
30,1962,NSHO,8960,5174,160311,49973.52921255058,40954.913926590285,60978.11916865538
30,1963,NSHO,32888,9515,144989,47102.51803697915,38432.72083550258,57728.08058321102
30,1964,NSHO,89707,16206,196851,58691.8444270545,49027.63683230612,70261.0369337587
30,1965,NSHO,47880,17019,327925,91859.86076365008,77108.78432569164,109432.84987966888
30,1966,NSHO,139050,36019,350761,114571.65505516822,96467.80788797037,136073.00123710348
30,1967,NSHO,123265,27290,282303,111305.5810189727,94877.23732497165,130578.55303624376
30,1968,NSHO,117823,26416,231448,102322.52244137233,87260.40193127714,119984.53327101133
30,1969,NSHO,116897,34506,386743,141900.44408472464,119931.35122452103,167893.8478208785
30,1970,NSHO,127795,38052,278096,125233.08803979128,107122.93618840147,146404.9334159326
30,1971,NSHO,149917,61269,294264,124261.4844087375,106470.37434862988,145025.47400559238
30,1972,NSHO,204971,61905,349128,136227.23397690768,116467.65150880294,159339.1730372145
30,1973,NSHO,121721,28029,266781,111288.60121644753,95377.95487309554,129853.41085571045
30,1974,NSHO,98041,26524,427648,133521.6897901125,113132.73696957606,157585.1704993347
30,1975,NSHO,103940,19448,395299,122189.90676850139,104256.86993870628,143207.57303449436
30,1976,NSHO,109059,21304,201874,72564.2724408359,61289.731865033296,85912.81891170982
30,1977,NSHO,89037,19654,176065,59302.15004568405,49345.522663534655,71267.76271111681
30,1978,NSHO,54737,18155,274088,80931.36800104797,68950.24710056614,94994.38511029314
30,1979,NSHO,108684,22664,433416,126761.07722386048,106834.6437088191,150404.12118327766
30,1980,NSHO,99711,21243,265432,108393.01112055534,92299.59265582725,127292.48875010143
30,1981,NSHO,100412,36335,145930,73315.57219268286,59941.38209477377,89673.82696384554
30,1982,NSHO,60072,16780,283612,104255.44352363775,88842.59359433546,122342.19043559566
30,1983,NSHO,82985,14535,384934,127348.54286075289,108214.87389052019,149865.27069434314
30,1984,NSHO,61212,15100,283066,94854.79611992113,80818.24839783262,111329.21741462905
30,1985,NSHO,164764,47247,622251,137665.75842282953,112450.60493338309,168534.98523516292
30,1986,NSHO,111750,23459,343774,95746.9703649695,80967.23767780222,113224.59055045275
30,1987,NSHO,57546,9381,223794,66739.22906299829,56088.95896082514,79411.79116970777
30,1988,NSHO,130948,123236,217588,65696.3939691886,54947.807768638006,78547.5591442658
30,1989,NSHO,71853,22655,208088,68280.29639467424,56940.051527006224,81879.07721743664
30,1990,NSHO,85015,27215,212982,72889.42815130747,61047.53533726532,87028.39036617868
30,1991,NSHO,100575,34014,194812,70481.89928771062,59006.57328334451,84188.89372457747
30,1992,NSHO,114343,27172,247891,82617.6374133312,70106.92524318116,97360.90961177266
30,1993,NSHO,56304,14461,167698,65428.12644093627,54370.70138639075,78734.31131868124
30,1994,NSHO,79951,33663,407268,120886.82314989412,102439.52970710283,142656.10212246526
30,1995,NSHO,126876,15508,344941,129864.57058762091,111513.2993681296,151235.83276137125
30,1996,NSHO,134430,27342,408311,158947.58938731754,136047.76610015013,185701.9552488736
30,1997,NSHO,159697,51733,461590,196193.92382344717,166989.0600256395,230506.45197553973
30,1998,NSHO,72370,21919,146488,95063.71403269074,78428.24164766695,115227.74877814739
30,1999,NSHO,119955,24263,313141,149609.59967253733,128790.99531090305,173793.45706696314
30,2000,NSHO,131245,23445,214417,129499.73275371356,110610.9749421551,151614.07619861714
30,2001,NSHO,56242,20091,139687,92857.22167149068,76180.24890166444,113185.0281518307
30,2002,NSHO,27368,16165,72858,56532.10563773357,42297.50865222074,75557.14437256994
30,2003,NSHO,69002,14915,136837,85826.43050822793,69670.62800006173,105728.57436819933
30,2004,NSHO,47484,19280,148151,102184.18682403919,83920.04493986211,124423.28938661434
30,2005,NSHO,314242,48639,411543,224128.78448811945,196291.7030006384,255913.57794658554
30,2006,NSHO,351670,55358,456112,274423.58897240006,241413.5145484171,311947.3502772322
30,2007,NSHO,354824,97847,477294,280710.15031531965,246961.8350403275,319070.30686414376
30,2008,NSHO,452266,54435,422393,249080.7142654496,220627.01790959138,281204.0103103321
30,2009,NSHO,136726,31250,328293,198707.09358591423,176150.60503225328,224151.99217812304
30,2010,NSHO,100693,19036,244447,153847.65839631355,133595.37419316146,177170.07147123493
30,2011,NSHO,167312,36318,455751,244468.75082470427,215452.88344545075,277392.2965153673
30,2012,NSHO,239726,51117,317751,210460.0363320652,186104.19295151214,238003.3796682619
30,2013,NSHO,304215,66907,547969,322452.38842832024,281328.4404260805,369587.74109597376
30,2014,NSHO,210713,58270,491388,331899.03197974036,291754.5865524965,377567.21747120767
30,2015,NSHO,205290,48579,356857,261145.820067464,231425.16440882575,294683.33537935466
30,2016,NSHO,245850,34555,327781,232412.84753004104,205865.984606799,262382.98570884037
30,2017,NSHO,208064,28207,461745,287655.3517405778,251539.8026217627,328956.2944812319
30,2018,NSHO,187033,24893,343056,222549.69296301063,195141.62394157654,253807.2853834536
30,2019,NSHO,166336,17613,247386,152944.74127985246,132030.77879659773,177171.52090118392
30,2022,NSHO,156484,35573,282063,,,
30,2023,NSHO,131415,36503,199835,119582.51738537248,98445.39897220992,145257.96648210692
30,2024,NSHO,156116,31708,208458,136516.39877434002,112582.101940294,165538.98722017376
30,2025,NSHO,237745,54555,202630,165254.430352942,135034.57354734026,202237.29400457127
30,2026,NSHO,292130,58328,304799,292185.24875957455,231165.56032852634,369312.01806776813
31,1955,NSHO,122567,60311,844690,,,
31,1956,NSHO,179996,48834,414848,126122.40224835511,94462.49616940242,168393.39413993087
31,1957,NSHO,159233,74846,399228,118544.41258848069,92380.07274320356,152119.14581418002
31,1958,NSHO,116282,29644,318945,107194.62346938255,85034.83058039393,135129.18438614559
31,1959,NSHO,80664,32724,218670,82655.18846780394,64738.54429467649,105530.3336687782
31,1960,NSHO,170756,42914,692558,125861.0488327743,99762.27443219817,158787.51465366877
31,1961,NSHO,29467,11288,219363,72564.50663027327,57604.146623964705,91410.21838008366
31,1962,NSHO,17936,3133,383369,74513.45590659662,61783.95936372733,89865.64099036985
31,1963,NSHO,27934,12588,198501,54702.915662319414,43135.917469033564,69371.63175228679
31,1964,NSHO,72262,18349,357343,69170.82897977882,57663.45138061908,82974.6306749501
31,1965,NSHO,26542,4635,439897,88972.9816426111,75203.92219395096,105263.01330348905
31,1966,NSHO,158434,53960,587304,116164.20124600097,97941.03189590226,137778.02203946345
31,1967,NSHO,160382,44842,642054,136815.58311034637,114907.61984557912,162900.45696690376
31,1968,NSHO,141771,65492,329573,102937.37188680259,85857.81775728414,123414.53355961782
31,1969,NSHO,99704,33456,469731,116961.3840040866,99227.60894404017,137864.50659983433
31,1970,NSHO,87558,24583,603695,141060.1482160274,119235.40616565602,166879.67152208957
31,1971,NSHO,107068,35079,406953,117730.63864778884,99497.33836069767,139305.26690240848
31,1972,NSHO,254064,87008,646164,140398.82075024827,118426.61869371662,166447.62035333025
31,1973,NSHO,137902,52267,466551,118912.70103618139,100824.85211984819,140245.48680628944
31,1974,NSHO,107276,44380,836676,144726.3268838354,119869.72125219513,174737.28540019612
31,1975,NSHO,115796,32201,806149,139543.97567678284,115969.35344193516,167910.9227545386
31,1976,NSHO,122680,37229,398981,88116.7368524587,74278.76572980509,104532.69164123772
31,1977,NSHO,106629,31098,254673,61652.293995044354,50092.98910416772,75878.98871331557
31,1978,NSHO,90279,29055,393614,77940.94091697293,65345.327797745784,92964.4165199616
31,1979,NSHO,123205,30911,697459,125902.06393487888,104787.32925436493,151271.43535249552
31,1980,NSHO,124422,45822,311330,96472.10925006414,79890.33610735991,116495.54021965008
31,1981,NSHO,76855,33785,160516,64455.535523963335,49682.54911794927,83621.23388270268
31,1982,NSHO,54167,16968,629722,128305.50787682548,106730.31133365059,154242.06250150598
31,1983,NSHO,105131,28252,715446,151788.62495095443,125628.30101543952,183396.46782033576
31,1984,NSHO,89168,21814,548332,117592.60569905242,98341.82077680918,140611.8048848829
31,1985,NSHO,149920,64020,737129,120985.74597752118,99380.70666475563,147287.6498968219
31,1986,NSHO,94255,31073,402474,83712.6897339167,69639.44148828431,100629.96303130823
31,1987,NSHO,53309,21741,260876,60932.828483440615,49487.10720026461,75025.79554645173
31,1988,NSHO,135741,125859,378725,76550.28455336932,63134.537651328195,92816.80492481652
31,1989,NSHO,46858,18257,220599,63221.040440272554,50528.406518172276,79102.03843283904
31,1990,NSHO,105118,42311,284859,73037.91692768512,59675.70909811866,89392.10592980802
31,1991,NSHO,78513,30907,213222,65365.098648780586,52416.74205547587,81512.05042165468
31,1992,NSHO,101307,44074,376385,89246.3095352252,74261.52308608574,107254.7859868713
31,1993,NSHO,51548,21142,189633,64227.79214037862,51007.26691995539,80874.93277578044
31,1994,NSHO,70246,30662,564677,118947.98896909857,99003.21763640526,142910.7499491016
31,1995,NSHO,155980,51946,680902,165401.586133101,137371.11002156124,199151.66071710183
31,1996,NSHO,209683,69611,666917,185005.43920685627,154388.73427250035,221693.71811618182
31,1997,NSHO,195122,53534,497368,169916.13920894396,144264.59019288726,200128.76565947983
31,1998,NSHO,139153,35333,284623,124654.76856540829,104359.19317340812,148897.38846749693
31,1999,NSHO,159795,81147,344405,136856.31319180352,115630.97974557764,161977.78918473047
31,2000,NSHO,108922,36205,272859,124129.87848216778,103434.82856204531,148965.5558596989
31,2001,NSHO,40786,14827,202365,101427.94283212139,81998.72790560166,125460.81933123863
31,2002,NSHO,32301,16371,127377,74355.19256643168,56417.39992001569,97996.26833971968
31,2003,NSHO,296078,155016,275468,118116.29473017607,98032.03979826544,142315.2992582398
31,2004,NSHO,117044,62421,277817,134448.062761915,112274.23808442817,161001.151188742
31,2005,NSHO,160131,56241,527635,206215.15417991494,177161.22054900017,240033.8498553321
31,2006,NSHO,385177,146307,624197,247392.64133952057,212275.52461324836,288319.24500223284
31,2007,NSHO,363535,120470,1076681,350099.0541973227,284445.99743210693,430905.5105586971
31,2008,NSHO,261872,56703,382709,184112.2966762807,158189.61552914185,214282.95197525277
31,2009,NSHO,160568,56818,437833,172167.55765670698,149529.51296933513,198232.89276381384
31,2010,NSHO,150325,46596,761893,253467.85558329689,214432.55437342988,299609.14284550305
31,2011,NSHO,165785,50780,586465,235284.3531187078,202924.48233479058,272804.5733346082
31,2012,NSHO,232762,89180,392778,183079.80336291878,158866.9441166463,210982.93660633787
31,2013,NSHO,191802,48436,459849,204072.1358577439,177653.095159769,234419.98911467567
31,2014,NSHO,134381,30228,405130,199932.58890298946,173540.8625720393,230337.91300223832
31,2015,NSHO,261477,102491,397514,198301.3502314119,171610.7717837115,229143.1073636922
31,2016,NSHO,242298,70485,384075,190898.63926862943,164882.36235009102,221019.94388724977
31,2017,NSHO,200985,39138,477636,210496.1057504382,180460.5363540792,245530.7483358153
31,2018,NSHO,119086,32895,346804,161179.2609510444,137021.075853693,189596.77552425725
31,2019,NSHO,82983,20315,247444,112071.39970527179,92566.58792850967,135686.09271413393
31,2022,NSHO,113959,38472,457794,,,
31,2023,NSHO,130664,40375,329244,128255.2068372469,101359.29755535425,162288.00393848083
31,2024,NSHO,116642,36467,252485,115656.06210192917,89833.22879830773,148901.746935509
31,2025,NSHO,142275,65940,219272,122397.69581288073,92579.51411191213,161819.77280840866
31,2026,NSHO,346876,151119,433399,244904.66405609756,178509.859586066,335994.2953039651
32,1955,NSHO,290593,29592,958005,,,
32,1956,NSHO,374125,46396,729674,268609.47097343585,216560.06828421864,333168.7529851363
32,1957,NSHO,169513,21570,344416,161908.52449939243,135155.16129694923,193957.5969871754
32,1958,NSHO,72076,16939,368032,161243.45887728917,136330.8531392691,190708.5038494716
32,1959,NSHO,22246,3842,160002,86444.63542287798,70046.68038948909,106681.3580863942
32,1960,NSHO,179301,23526,394964,141761.77674234792,120712.39135888392,166481.67697547885
32,1961,NSHO,78745,22154,252231,103238.32862223995,87571.92212491558,121707.41760710077
32,1962,NSHO,23941,10098,311113,105590.17095850233,90199.00566413482,123607.61763340545
32,1963,NSHO,104615,27425,268896,95334.04462693265,80855.52768809113,112405.17902486715
32,1964,NSHO,103672,20974,322555,112472.5368244193,96570.46512068975,130993.17191763363
32,1965,NSHO,118161,19103,610148,206784.01732294782,180561.74098658588,236814.45242264163
32,1966,NSHO,359331,96868,595118,247913.01419371515,217902.50798188787,282056.70130112435
32,1967,NSHO,333871,64815,688814,306241.64379511244,269234.7596273484,348335.20205243997
32,1968,NSHO,145441,34831,404228,222891.27889191767,196164.942122496,253258.9241917214
32,1969,NSHO,349443,60866,781769,363969.1349863353,320377.064638811,413492.5556298799
32,1970,NSHO,329080,61263,733388,386922.7132730015,340900.196920169,439158.4029551024
32,1971,NSHO,389509,52677,495343,285033.33256477444,252902.57478939852,321246.23776818503
32,1972,NSHO,255598,74531,357204,207540.58801807626,182326.75866916135,236241.21872887886
32,1973,NSHO,206965,45999,326802,178075.16268581877,155098.9694061458,204455.0243434711
32,1974,NSHO,279381,38457,755035,316960.339368346,279641.73325037415,359259.1690974388
32,1975,NSHO,325528,45206,785676,334089.94340546976,295473.70128180896,377753.0446887921
32,1976,NSHO,378201,65207,553390,236921.40333292706,210567.3841795953,266573.8170987017
32,1977,NSHO,157260,26270,265677,123089.48081064642,106104.55565063629,142793.30603033947
32,1978,NSHO,168203,24083,566432,216841.04601189817,190697.07288776475,246569.2762007307
32,1979,NSHO,262410,49499,660383,298735.1278117206,262544.1555920408,339914.923596153
32,1980,NSHO,157958,33393,358224,206985.7768511907,180922.16269531238,236804.1105657254
32,1981,NSHO,90764,27186,126223,87343.56362693102,71226.27835815746,107107.91414216883
32,1982,NSHO,348400,69560,704505,310277.6815068248,269451.2474258971,357290.0127980547
32,1983,NSHO,379227,62249,711918,359022.5736487109,313196.2999733764,411554.05858977616
32,1984,NSHO,101764,19303,266938,141297.27532147302,121357.35278117498,164513.47656925092
32,1985,NSHO,225318,54363,722930,254174.11801708702,220904.30494344857,292454.6096387882
32,1986,NSHO,170267,33973,615206,238414.2347451251,206969.49073233572,274636.35885645566
32,1987,NSHO,130792,30692,347497,146421.6035106879,126036.06077153473,170104.3799956906
32,1988,NSHO,56835,52491,149146,71282.83846177036,58389.184739245844,87023.70279459526
32,1989,NSHO,95524,31201,222911,97351.09122041962,81391.94337023894,116439.47262318135
32,1990,NSHO,141937,35697,277138,131182.88766925648,112018.29522618126,153626.2445567252
32,1991,NSHO,162597,37550,437338,206097.74248414146,179647.81356173172,236441.9505860756
32,1992,NSHO,194072,39074,349776,182817.33130754315,159374.24342657372,209708.77042506644
32,1993,NSHO,151899,37422,337279,175182.5141426242,153089.09648978303,200464.39599556237
32,1994,NSHO,414407,53156,742871,360308.8092229321,319638.71025580284,406153.67863220314
32,1995,NSHO,193530,42418,343488,222107.5343395784,195241.16433796848,252670.8800251375
32,1996,NSHO,486973,59543,1041421,583988.988780832,517783.2291217351,658660.0720840973
32,1997,NSHO,773311,91324,972050,701621.6396504432,625408.9556115866,787121.6438600298
32,1998,NSHO,404810,72566,344989,303906.712437816,268938.92528590414,343421.0565338428
32,1999,NSHO,626928,70071,807043,587794.3838427862,525583.668100007,657368.6715306747
32,2000,NSHO,375791,76861,322493,298115.76836710406,261594.3035134566,339736.03459808195
32,2001,NSHO,233147,69913,378874,310475.4037970396,275111.86210025713,350384.660359742
32,2002,NSHO,90562,38828,193792,177297.59696867198,149794.48997175743,209850.42838887035
32,2003,NSHO,675983,104442,851096,622288.261066605,552765.2512845083,700555.3966379578
32,2004,NSHO,313888,67828,372215,364838.1208279239,321305.659264459,414268.6273063549
32,2005,NSHO,530138,82994,550857,467309.9710663422,421864.29700741556,517651.3172770032
32,2006,NSHO,617614,134234,636964,549166.2940678976,497885.17067250144,605729.2651092916
32,2007,NSHO,718956,133313,600079,509194.409595066,460919.8105378875,562525.0658249916
32,2008,NSHO,302151,83638,251415,219549.8628210828,187884.39607636168,256552.13137106667
32,2009,NSHO,338695,58525,640724,446940.1597144876,401362.480723269,497693.5213417194
32,2010,NSHO,325592,40145,766013,591807.9433533293,539160.2813036067,649596.5188112133
32,2011,NSHO,643875,69221,924670,742932.1893548623,675771.6537472769,816767.3724089424
32,2012,NSHO,845609,80514,880236,767646.31908668,702103.8132843778,839307.3218769835
32,2013,NSHO,767754,73382,888564,818075.3375514285,750088.344393269,892224.5798276254
32,2014,NSHO,831379,108942,867290,847758.0976157822,774941.412046176,927416.9387534366
32,2015,NSHO,807217,96083,770225,783874.3837573527,715255.9739420585,859075.7321808061
32,2016,NSHO,442073,60818,503192,520479.76036658307,472074.03851750214,573848.9280240564
32,2017,NSHO,697809,105947,584358,549324.5853585602,498269.25391627575,605611.3189959306
32,2018,NSHO,476578,70533,554663,502898.1350922289,452121.1385973332,559377.8142377115
32,2019,NSHO,328189,47050,359802,309168.0503457824,272163.3038561191,351204.15574152436
32,2022,NSHO,222030,45477,383770,,,
32,2023,NSHO,375611,71342,564886,442925.2621330804,379231.03041029227,517317.3398374249
32,2024,NSHO,307686,52173,338242,328940.59231442004,284615.3230989082,380168.9666390859
32,2025,NSHO,424303,70333,330774,371630.83194748184,320843.9599101155,430456.83419650124
32,2026,NSHO,578026,82032,359149,511644.84302515764,427055.656141425,612989.0603943814
33,1955,NSHO,66791,16124,213286,,,
33,1956,NSHO,86991,24260,103113,46347.78416421368,32251.059327533912,66606.09424071258
33,1957,NSHO,15218,3000,72860,34660.853986598144,24903.43455695836,48241.32977853032
33,1958,NSHO,21136,8240,108156,46518.740710438506,34489.83366701877,62742.93051619869
33,1959,NSHO,16909,5791,79415,37697.58084610855,28409.13782740478,50022.904963980414
33,1960,NSHO,46500,8570,90004,36841.07566693991,28330.67020866496,47907.96851258645
33,1961,NSHO,14475,5051,80336,30743.130821242277,23876.63071585256,39584.31589196143
33,1962,NSHO,3102,3003,45186,17630.44341611749,13034.43372482691,23847.03022862225
33,1963,NSHO,10930,5223,43277,15281.629405570422,11241.33277888364,20774.06673058085
33,1964,NSHO,12802,5357,64668,21483.222883431466,16736.736238832353,27575.798463523628
33,1965,NSHO,17596,4750,112182,37805.5077108755,30736.02287454894,46501.019963144514
33,1966,NSHO,81728,20125,132956,51073.62173571155,41726.81535159904,62514.11269282464
33,1967,NSHO,83573,15954,194890,76518.76287787958,60945.23846309839,96071.83793211948
33,1968,NSHO,22988,8714,65120,35123.84750055303,27760.29640181742,44440.61566869069
33,1969,NSHO,75328,17066,140011,57590.25151799728,47273.35295681162,70158.70173068173
33,1970,NSHO,46050,16779,102559,49403.9534388785,40566.79833948844,60166.212649199995
33,1971,NSHO,89821,16454,120441,53476.16125128558,43962.8089709297,65048.15977669824
33,1972,NSHO,33447,18458,63142,31055.901777374256,24376.114653047596,39566.15108410379
33,1973,NSHO,25567,13669,85656,34498.015272670644,27819.308664527267,42780.109028048726
33,1974,NSHO,33487,6372,122930,43907.0612203532,35834.96687661913,53797.45519635669
33,1975,NSHO,53196,12449,192745,59889.3404313344,47691.420046401334,75207.0937248368
33,1976,NSHO,45645,14569,96831,32958.69650675856,26598.388741862844,40839.90522760292
33,1977,NSHO,8159,2977,44546,15335.367340891236,11347.414964511481,20724.851626169297
33,1978,NSHO,34287,6816,161583,42212.149263895866,33570.214701894685,53078.76524771994
33,1979,NSHO,50656,14673,130155,45465.92382752812,36370.30368111044,56836.21032188962
33,1980,NSHO,11854,4927,48114,21184.55322993302,15785.174296357818,28430.81027337251
33,1981,NSHO,13688,6931,28420,12673.20863195999,8687.769606963684,18486.933274617233
33,1982,NSHO,37887,15097,119019,39325.192195116186,31145.02801332022,49653.856163540026
33,1983,NSHO,29413,12805,95962,36011.851501772515,28409.48245948874,45648.6122348409
33,1984,NSHO,11219,7063,35218,13036.17033924132,9213.093247631614,18445.67644611669
33,1985,NSHO,16537,6489,108016,26626.734483444863,20960.7422734847,33824.32644805399
33,1986,NSHO,13467,4600,112817,29842.359561278565,23580.440941530444,37767.16586398293
33,1987,NSHO,21738,9105,150913,38916.497855564216,30589.810864286526,49509.74728354071
33,1988,NSHO,50754,49274,37148,12674.660581025177,8997.597924352933,17854.434282886283
33,1989,NSHO,11295,4006,71109,20136.605804912127,15497.216379084324,26164.885578398265
33,1990,NSHO,25917,9948,56782,19041.20760495206,14389.301770260967,25197.02434792349
33,1991,NSHO,27650,8999,157120,46557.52545316685,36921.11724456105,58709.03531884843
33,1992,NSHO,10205,4722,34489,13961.748173615752,9839.040319748014,19811.933453734957
33,1993,NSHO,13271,4926,93982,28317.22596151553,22591.697273411428,35493.80449158455
33,1994,NSHO,56861,15971,178041,59175.987185153695,47606.447875373866,73557.20948776991
33,1995,NSHO,26555,11058,52691,23443.62932116857,17768.01249709885,30932.202227913425
33,1996,NSHO,83623,16874,197625,72566.35525292993,58416.19334077704,90144.11267737678
33,1997,NSHO,135223,32364,163437,80082.01767195959,65709.44905141213,97598.28528457622
33,1998,NSHO,33471,9981,49289,28624.92702177768,21634.733965369454,37873.65485120747
33,1999,NSHO,46070,15756,93533,46168.97992234262,37550.53518864897,56765.49472227025
33,2000,NSHO,22573,8641,36607,21938.906810703742,15787.066080899458,30487.972216134567
33,2001,NSHO,51709,38163,41981,22541.610839020497,16554.165676465596,30694.643822504837
33,2002,NSHO,8033,3876,68500,37024.10507402355,29338.968104848034,46722.30978382042
33,2003,NSHO,163610,34048,258746,139318.7642660068,111649.45012120754,173845.1739398253
33,2004,NSHO,120739,42229,156775,108121.48213502979,90019.9369116489,129862.95369823574
33,2005,NSHO,91291,18058,115679,78528.15337723632,66070.1652334321,93335.18163684508
33,2006,NSHO,49862,8998,87593,58580.72321771463,48453.980323332224,70823.92632784412
33,2007,NSHO,50943,14324,144895,89078.4464843628,75301.87370772458,105375.46062752891
33,2008,NSHO,29505,18053,51422,35366.51225270371,27195.295500677574,45992.88832472801
33,2009,NSHO,30182,15343,109183,62934.460490139194,52814.3039529384,74993.81835485743
33,2010,NSHO,53143,13973,189975,119987.68152188738,100322.23738235305,143508.00074491117
33,2011,NSHO,112583,29383,227698,161353.0704191809,132298.7553684407,196788.044310715
33,2012,NSHO,126436,31504,135196,108905.53833651108,92941.94362166907,127611.02058124026
33,2013,NSHO,90852,20902,99533,82640.90905850555,70210.36984825537,97272.23862766605
33,2014,NSHO,111794,19153,123776,105590.18566981955,90201.61286941178,123604.07929654431
33,2015,NSHO,97837,18128,106691,98860.11643331191,84145.15747321908,116148.36687801729
33,2016,NSHO,78901,29160,58942,55364.58394263191,44509.126042466814,68867.61048096398
33,2017,NSHO,157425,42062,125860,104657.28437079652,88125.99349939963,124289.63052705202
33,2018,NSHO,83659,22504,122674,106647.66058114571,89359.57958338756,127280.40530693922
33,2019,NSHO,112765,25987,109404,88987.77898680087,73930.68721970204,107111.47301351481
33,2022,NSHO,32578,13081,88260,,,
33,2023,NSHO,101316,28185,140805,106142.00340456713,81503.10375857583,138229.39700685584
33,2024,NSHO,96143,37262,91405,84392.93694735429,65200.71887062465,109234.49817681257
33,2025,NSHO,60943,8072,62774,67321.07861514138,50608.29047297696,89553.06696886042
33,2026,NSHO,67960,20721,48899,63149.5495959993,45047.86861865711,88525.06758834654
34,1955,NSHO,55746,19307,1198551,,,
34,1956,NSHO,69837,9009,746712,92395.48419887522,69840.25093340054,122235.03475789895
34,1957,NSHO,107963,18738,636051,87928.31524455511,69091.19693327705,111901.21122394566
34,1958,NSHO,61391,16405,466716,80073.39504472136,64338.088755761106,99657.1194137916
34,1959,NSHO,83618,14732,169001,53385.00087905323,41087.0653100366,69363.88124464896
34,1960,NSHO,105846,23358,487277,60913.60748195532,49628.566230702905,74764.75462170872
34,1961,NSHO,52273,28696,58913,30453.24436487902,20722.108292638135,44754.13791156133
34,1962,NSHO,23992,8180,269424,35231.67743470362,28186.60624358694,44037.621419762814
34,1963,NSHO,17448,6139,239079,39325.502728326726,31686.358309088224,48806.33961625277
34,1964,NSHO,50632,17870,481798,50580.935440427165,41958.842133414444,60974.7767084169
34,1965,NSHO,47256,11591,435059,57653.349808940366,48227.182361284074,68921.893866651
34,1966,NSHO,39478,8727,569686,68787.39129256134,57493.0234989388,82300.51079020537
34,1967,NSHO,68794,15587,545139,75996.18765034869,63659.96649057227,90722.95911815035
34,1968,NSHO,36404,12946,123577,46713.65059674999,35518.474385121175,61437.468524530945
34,1969,NSHO,58443,13749,267136,52565.33531494688,42991.84026579496,64270.67228781045
34,1970,NSHO,60915,13901,721304,84687.83688364466,70236.30665488189,102112.85384454795
34,1971,NSHO,82973,23558,608658,90658.94943606241,75926.39164345023,108250.17408238095
34,1972,NSHO,87259,17451,545974,84242.22668508963,71050.46528553872,99883.26928390242
34,1973,NSHO,26883,7740,227611,57602.85022707788,47098.01712951614,70450.70167516104
34,1974,NSHO,101516,21822,943095,82994.98251830258,67680.70742826775,101774.45515790246
34,1975,NSHO,62707,13857,763930,85462.96169528375,70929.98540497616,102973.6264575225
34,1976,NSHO,83358,21563,656617,74700.13003160921,62545.69728025049,89216.51959104958
34,1977,NSHO,37624,11469,338738,56899.7912458393,47826.41152178699,67694.5256983211
34,1978,NSHO,44405,13805,545474,67926.37078855185,57108.50239597245,80793.43101158313
34,1979,NSHO,70746,17582,667777,88888.4859663879,73846.04861306421,106995.06724858034
34,1980,NSHO,65882,13698,273319,73251.82488361627,61254.221854022886,87599.34721834329
34,1981,NSHO,38479,9085,97262,47296.88894692881,36126.13407615991,61921.81259534047
34,1982,NSHO,103699,16803,247506,61579.253952974555,51248.239279667614,73992.87411049426
34,1983,NSHO,97070,14855,464631,84498.70803251283,71662.09539698432,99634.70394788812
34,1984,NSHO,91378,26496,260341,64787.1283537787,54349.43529780578,77229.35808494876
34,1985,NSHO,90995,19988,560424,75202.58373850926,63080.73372123558,89653.81769241607
34,1986,NSHO,89895,21349,529120,77330.14645149009,64837.61567494338,92229.66464696616
34,1987,NSHO,72468,21088,251539,57126.122842579614,47535.35574203725,68651.92991791494
34,1988,NSHO,37127,15206,213804,51914.56243758966,42702.29527869605,63114.21377929952
34,1989,NSHO,7489,2159,63931,32781.01688670398,23682.759459257297,45374.57174173705
34,1990,NSHO,78063,18142,453632,69929.97152256667,58064.48232220771,84220.17594181924
34,1991,NSHO,73088,16161,257812,71958.71494828128,60296.37823385787,85876.74431994982
34,1992,NSHO,83291,14541,378313,79622.9148795812,67914.27389028597,93350.16353355785
34,1993,NSHO,30784,9416,202973,63791.830060885106,52810.106836479754,77057.17383070731
34,1994,NSHO,70735,17140,472266,88845.40389193696,76232.47173131251,103545.1903034537
34,1995,NSHO,160509,35353,560989,114294.18429945962,98340.03206698775,132836.65146438446
34,1996,NSHO,140709,19905,572991,129047.57678826807,111452.58981063483,149420.2790910372
34,1997,NSHO,151966,21260,578141,141707.77942392445,122826.25535564985,163491.87469009592
34,1998,NSHO,88852,14845,403037,128021.69369881878,111799.92932540883,146597.1772648457
34,1999,NSHO,152564,21802,614884,154203.21128685033,133189.24313651377,178532.66383385664
34,2000,NSHO,179371,46397,348144,126219.71162265503,109290.12454415439,145771.77643959707
34,2001,NSHO,143474,27360,480083,137388.26526601426,119428.66831345521,158048.61344734696
34,2002,NSHO,100654,28906,157284,85298.49668950403,68735.75983541302,105852.23113720177
34,2003,NSHO,116245,28003,333625,107983.29927529588,93224.12302891184,125079.13771161833
34,2004,NSHO,132043,32888,281582,111209.3380413847,95203.16969863976,129906.56620731905
34,2005,NSHO,129852,23459,528010,147961.30226562035,129437.17920537484,169136.4652917992
34,2006,NSHO,133705,17535,653893,174346.77714468862,151502.88605950688,200635.1132400247
34,2007,NSHO,113465,23457,488059,149351.1482489465,131049.61135502148,170208.5588247271
34,2008,NSHO,103092,19273,381112,121966.76635627086,106422.14414783381,139781.92428392224
34,2009,NSHO,102477,18910,415188,119444.45118558525,104572.05933852209,136432.01644179548
34,2010,NSHO,99369,16632,539068,136956.1924081399,120181.68615363081,156072.02094800008
34,2011,NSHO,207144,37978,580653,150399.55659916747,131743.6178474768,171697.32389931788
34,2012,NSHO,193229,28606,590340,159508.71792753175,139781.08745789382,182020.5548375711
34,2013,NSHO,145637,30153,511762,155530.65338417658,136589.35744065256,177098.60120411814
34,2014,NSHO,217416,45970,489857,154643.84313208796,135186.65842539552,176901.46718035394
34,2015,NSHO,165705,34734,597424,171811.11343261646,149074.51428319223,198015.46120002083
34,2016,NSHO,125941,38035,610225,173601.65693947207,149964.6982870668,200964.19781700897
34,2017,NSHO,101488,33095,510220,148580.7471661416,128225.79849197363,172166.9015758227
34,2018,NSHO,146146,28540,406454,116982.39926854981,99817.87366780147,137098.50987379602
34,2019,NSHO,92109,16485,242083,76956.42503465488,62639.148079686194,94546.16698458977
34,2022,NSHO,128324,22147,539452,,,
34,2023,NSHO,83598,15590,578161,102631.17306946784,82154.45146497844,128211.64888557784
34,2024,NSHO,90419,17295,336424,84634.91791051834,66943.43522028236,107001.81886617508
34,2025,NSHO,103264,31682,482120,112941.1633649369,88229.37164740814,144574.376356222
34,2026,NSHO,163229,46855,564512,155969.32417517292,116674.23598246126,208498.73049365403
35,1955,NSHO,57569,15064,732851,,,
35,1956,NSHO,75120,9623,452487,71239.85606964293,51589.422253960634,98375.14884039649
35,1957,NSHO,61811,18503,299313,55642.44918209081,41959.84894422752,73786.78019305624
35,1958,NSHO,32724,10686,343959,60772.48982620479,46554.32764007982,79333.02244701545
35,1959,NSHO,30906,8122,77376,22974.38388828285,16505.18121449419,31979.18933375164
35,1960,NSHO,43328,9979,270172,40378.96629759975,31685.534180389695,51457.5802945369
35,1961,NSHO,37005,16155,41837,12480.616898613067,8473.035379071709,18383.706806498838
35,1962,NSHO,1873,1276,59938,11536.733989663504,8168.386457900906,16294.066378252623
35,1963,NSHO,3122,1987,129744,19726.47732473628,15259.09219550538,25501.773149909626
35,1964,NSHO,46234,13407,393969,48047.15850211501,38951.95229430358,59266.07792813937
35,1965,NSHO,36212,8475,332170,54216.837458001246,44639.278909161694,65849.30437449417
35,1966,NSHO,31869,8089,388506,65921.6617415887,54477.23171408953,79770.30678760634
35,1967,NSHO,37798,7353,298965,61965.930456490336,51592.77813408,74424.69035801357
35,1968,NSHO,14993,5702,58512,20909.79785468682,15190.610612333476,28782.229857757044
35,1969,NSHO,77566,13319,179628,38191.41257903985,31022.505443774324,47016.96313426405
35,1970,NSHO,109257,23999,518056,93907.6200839266,77429.25879524388,113892.87779632967
35,1971,NSHO,88384,23937,391727,89386.33204392572,74660.17939081167,107017.1063271012
35,1972,NSHO,86564,17211,302777,71470.93588576869,60174.75797340369,84887.66466905207
35,1973,NSHO,19347,6359,117041,34189.86776187159,27175.03825294702,43015.47054666975
35,1974,NSHO,85513,17419,460946,74727.19889501926,62017.164477197904,90042.07628275098
35,1975,NSHO,69163,16171,480885,84954.61531124782,70615.59257871466,102205.28355174602
35,1976,NSHO,83989,24106,670848,102690.51271367335,83119.0450236202,126870.33878216965
35,1977,NSHO,24002,7559,170320,40024.044146479326,32744.23220221149,48922.329280670536
35,1978,NSHO,34740,10336,280655,51531.60944397772,43097.73687924113,61615.92148857661
35,1979,NSHO,76651,19038,480873,91282.10655918327,75052.16948900647,111021.74706758626
35,1980,NSHO,34860,8866,137210,44786.77770252813,36251.252415882715,55332.03195200088
35,1981,NSHO,15116,5349,52607,20684.3209941527,15293.216237604074,27975.876907902417
35,1982,NSHO,94806,16308,210367,51120.081329912085,42282.4066383402,61804.96624823648
35,1983,NSHO,99003,16816,323346,78460.89613907707,65489.51967597141,94001.48685478546
35,1984,NSHO,16193,4612,131871,38354.39166560354,31163.41899563271,47204.68444892633
35,1985,NSHO,23450,6992,207783,43473.96882948338,36091.14712123981,52367.02395293574
35,1986,NSHO,59127,13927,346258,64743.88546931575,53570.30116320564,78248.03323194609
35,1987,NSHO,39927,8594,184291,44184.23504108871,36364.16208664104,53686.006060438296
35,1988,NSHO,16903,6681,63390,19682.817878099086,14901.503090495175,25998.27126630776
35,1989,NSHO,10750,5086,73088,20907.404332739206,16003.583079496553,27313.855513561226
35,1990,NSHO,11761,5568,97383,28474.335060210058,22535.14871001682,35978.80659916455
35,1991,NSHO,30974,8992,144762,41523.082125623856,34112.78559087613,50543.11218936199
35,1992,NSHO,68705,17208,229072,63238.538420195044,53210.58184426525,75156.34302265175
35,1993,NSHO,23566,6358,96326,35079.84972713336,28148.521848337707,43717.95661273526
35,1994,NSHO,45259,7964,287995,76781.4009859289,65335.6626224099,90232.24531191803
35,1995,NSHO,100428,18414,331352,106764.84339940193,91588.44659353705,124456.0008391186
35,1996,NSHO,157395,13714,381601,134343.13255314008,115267.35695945157,156575.78815257704
35,1997,NSHO,245398,48166,319462,131633.12709884671,114113.16079122527,151842.96035338208
35,1998,NSHO,51890,13049,241799,111067.12061874181,96683.20414975975,127590.98533215914
35,1999,NSHO,175949,18280,362340,154473.27509314488,133445.88540710017,178814.00123508644
35,2000,NSHO,81872,18876,209192,107125.77326578753,92469.10301685677,124105.57606145376
35,2001,NSHO,192767,20887,292752,132475.3335913837,114787.65469451724,152888.51450840425
35,2002,NSHO,51237,14287,15108,13007.354722623966,8232.5732932562,20551.44495570575
35,2003,NSHO,116825,22924,287201,97498.89976647998,81334.61992035192,116875.63629095496
35,2004,NSHO,52426,15595,224794,118290.90526518231,102346.66895672107,136719.03942837054
35,2005,NSHO,87942,14105,281204,137923.2698383297,120141.11156767671,158337.37606282218
35,2006,NSHO,73613,11345,260191,130609.19159994891,113831.98127878309,149859.1234093868
35,2007,NSHO,54157,10465,213295,105321.40463412344,91278.3166449893,121525.0092445004
35,2008,NSHO,34899,9341,119297,60765.50227641882,50205.166650775194,73547.13694289562
35,2009,NSHO,125059,29047,279243,109969.72723764564,95397.76467170235,126767.55006094398
35,2010,NSHO,65876,12150,166660,79000.11822677556,67383.31675116917,92619.64208278939
35,2011,NSHO,199326,24209,375711,147847.255583364,127899.84299745165,170905.69050947222
35,2012,NSHO,219900,43951,361262,164594.73695724035,142944.25164925313,189524.4273305809
35,2013,NSHO,205574,41444,338206,161484.91041682087,140584.28916748767,185492.82033400543
35,2014,NSHO,205363,54042,366144,176076.02270301778,152165.6253930603,203743.55700132754
35,2015,NSHO,154872,31165,342781,168055.81739920497,144737.19138991192,195131.3100005575
35,2016,NSHO,71847,19026,203441,103454.40760938768,88193.55244510368,121355.97395820207
35,2017,NSHO,135061,42699,289242,121262.55261136248,103456.49507987413,142133.2382705473
35,2018,NSHO,53499,15895,162021,69727.01683479575,57852.63293068504,84038.64492226353
35,2019,NSHO,38030,8206,166272,58722.27866736491,48354.655755597254,71312.8024179658
35,2022,NSHO,87409,17117,283909,,,
35,2023,NSHO,101237,20921,304188,83115.18616073955,65766.32852023217,105040.593354838
35,2024,NSHO,60943,10486,227039,70833.28540324839,55768.57029084513,89967.41883199544
35,2025,NSHO,47693,13090,209939,73908.21835381516,57114.15253712476,95640.47609188617
35,2026,NSHO,102870,18328,195145,82397.29933536734,61212.471070162836,110913.91703465284
36,1955,NSHO,0,0,69259,,,
36,1956,NSHO,0,0,54593,2115.893886032596,1062.6220123791961,4213.169767607354
36,1957,NSHO,0,0,82296,3209.505711151027,1695.6715584783271,6074.836166477293
36,1958,NSHO,3440,,31778,1601.215014680038,826.7444025989644,3101.1876405536223
36,1959,NSHO,0,0,45630,1935.4168863509997,1086.6365895446045,3447.186078597293
36,1960,NSHO,0,0,16413,798.5462490799705,373.0965337628102,1709.1450984239964
36,1961,NSHO,0,0,33134,1178.393462267077,666.4983003169937,2083.442900384518
36,1962,NSHO,0,0,25166,948.316084560568,513.7559722575387,1750.4485491128814
36,1963,NSHO,3544,,47754,1576.557190034196,983.0554032349718,2528.3748660241317
36,1964,NSHO,9372,,77402,2745.59202038666,1792.5936006548309,4205.233991495442
36,1965,NSHO,0,0,141807,5500.065392476321,3392.824954207249,8916.086072758784
36,1966,NSHO,9622,,115818,5602.027784221972,3618.070280213254,8673.882170510296
36,1967,NSHO,36057,,128954,6633.910255343051,4233.865750055289,10394.464036884263
36,1968,NSHO,0,0,39765,2545.7832353246954,1601.0665318453275,4047.93439395083
36,1969,NSHO,0,0,59610,3265.5602141718173,2174.347822651718,4904.405542337189
36,1970,NSHO,2784,2784,79444,4517.266479049167,3020.907697934646,6754.822882106711
36,1971,NSHO,3590,2088,69920,4210.495276595033,2798.1365345955087,6335.741753499472
36,1972,NSHO,3385,3164,103819,5817.656493627243,3772.3875777444755,8971.805356776029
36,1973,NSHO,426,398,82621,4769.750653602771,3120.1090520960033,7291.57888960993
36,1974,NSHO,2402,908,141671,7008.383411906616,4274.906154117684,11489.711417635874
36,1975,NSHO,1021,954,59721,3137.2763185371714,2002.4522508863304,4915.224667403492
36,1976,NSHO,2764,2582,75452,3253.9500967787844,2077.4424176205634,5096.743545101018
36,1977,NSHO,1655,1548,35568,1659.0486224037522,968.9021543803262,2840.7846128282663
36,1978,NSHO,752,705,129904,5214.784759933959,3117.4656092894456,8723.10507978233
36,1979,NSHO,733,686,67575,3750.487023168847,2330.395539749866,6035.950837971358
36,1980,NSHO,486,454,32444,1959.1906620759676,1105.8309134964363,3471.080436908077
36,1981,NSHO,3723,3480,30420,1806.5125051893629,1002.0083993544838,3256.9461827944347
36,1982,NSHO,1933,1093,27028,1596.304839070784,859.5884229681407,2964.429337521739
36,1983,NSHO,2067,742,89234,4432.861006146613,2685.0678589221125,7318.346400266964
36,1984,NSHO,530,496,69312,3593.6094881029826,2181.805797951284,5918.963624127348
36,1985,NSHO,1718,635,45424,2087.1003340644043,1227.1632989281625,3549.639895730573
36,1986,NSHO,1165,1088,94302,3702.615702520252,2212.7635691307937,6195.584215052303
36,1987,NSHO,0,0,42082,1906.5618573761333,1106.226795642656,3285.924848611004
36,1988,NSHO,2870,1127,108225,4485.766763001387,2631.490492774554,7646.656336892897
36,1989,NSHO,1707,1146,36639,1929.1659169557238,1093.9107533410318,3402.1798613614756
36,1990,NSHO,4580,1724,80723,3780.429208160476,2269.7428956795825,6296.592017147294
36,1991,NSHO,436,407,28783,1585.311115589226,863.7093882117971,2909.788138825314
36,1992,NSHO,3742,3013,61938,2909.2891944229673,1755.5600107224916,4821.23286306968
36,1993,NSHO,8038,2862,48325,2521.129038398722,1500.509928913991,4235.9543950885745
36,1994,NSHO,3148,2940,45760,2388.968455284488,1419.3260237851455,4021.042512222894
36,1995,NSHO,3869,3611,79658,4345.8724322406415,2642.397875318225,7147.5258793245375
36,1996,NSHO,5286,2795,76862,4923.869842105463,3009.7912047136324,8055.208010451487
36,1997,NSHO,1832,650,99934,6916.145013644002,4159.081690612373,11500.870963347192
36,1998,NSHO,4913,3002,43021,3322.191444250169,1992.304584675647,5539.793502029139
36,1999,NSHO,1353,1263,36786,2637.3156805341346,1552.018046492188,4481.541960489204
36,2000,NSHO,1881,898,45551,3246.963058167614,1976.536081138427,5333.96238080959
36,2001,NSHO,2725,1638,31052,2294.3948681322404,1321.6896378842537,3982.968209797352
36,2003,NSHO,1996,920,43959,,,
36,2004,NSHO,3219,1927,47008,3648.7752407128287,2270.2624734744627,5864.32666389608
36,2005,NSHO,1394,499,56798,4473.584607595879,2834.166437660257,7061.321090881476
36,2006,NSHO,2296,1032,77005,6120.1111566322,3879.336685071874,9655.19716648156
36,2007,NSHO,1662,857,134038,10775.548027880894,6329.7681350751645,18343.86865732942
36,2008,NSHO,3794,3543,71815,5883.1308164860475,3734.8127800762345,9267.192291009915
36,2009,NSHO,2582,2410,29546,2122.62985213603,1234.8190467845336,3648.7593068081374
36,2010,NSHO,1883,866,19728,1238.507657852891,650.046111908989,2359.6806295104966
36,2011,NSHO,3215,649,55937,3509.435216504943,2195.33259726499,5610.145612646075
36,2012,NSHO,1253,1254,22828,1647.3901332087398,889.6667146045585,3050.4617138562826
36,2013,NSHO,4315,3505,35970,2455.3013012133874,1440.8665999667655,4183.943523903743
36,2014,NSHO,1297,1211,39537,2945.8350956029303,1730.5998304259224,5014.414226742512
36,2015,NSHO,0,0,38671,2935.578822342971,1692.2443956569796,5092.422255499881
36,2016,NSHO,3783,3534,73023,5515.273706450457,3206.1423160749314,9487.49027906622
36,2017,NSHO,746,668,85082,6565.719202795435,3689.7471094457173,11683.366737953109
36,2018,NSHO,3205,2860,59503,4177.480607976903,2312.030655460841,7548.059187193003
36,2019,NSHO,956,857,64861,3915.1371835581836,2098.983398776994,7302.72529788048
36,2022,NSHO,4449,,65761,,,
36,2024,NSHO,931,819,49204,,,
36,2025,NSHO,0,0,54091,3300.8380320799697,1388.500182118787,7846.9789592677535
36,2026,NSHO,3176,2448,59449,4488.294965249854,1790.1455955460067,11253.158259981019
37,1955,NSHO,23651,8825,729650,,,
37,1956,NSHO,20006,7000,481836,40341.41825103926,25269.064451210143,64404.047472653685
37,1957,NSHO,27289,12746,324959,35723.89465820467,23563.297664474732,54160.35852547774
37,1958,NSHO,14554,7922,192648,28979.372272904897,19315.914639257102,43477.31044663119
37,1959,NSHO,96423,66986,406415,37052.35798808439,25709.329656169128,53399.96222529785
37,1960,NSHO,67584,33063,187237,27723.627078397123,19427.2085733577,39563.04352628841
37,1961,NSHO,47352,35021,289760,27711.259105923884,20320.528177874854,37790.05518526629
37,1962,NSHO,14995,14339,313547,28292.17633127161,21114.39627911624,37910.02266787373
37,1963,NSHO,65605,37423,247712,25427.73689175145,19216.51547307865,33646.5684604448
37,1964,NSHO,24786,7367,289576,27750.190517634328,21453.17392582959,35895.53118934236
37,1965,NSHO,43112,21846,443785,37643.60934170605,29063.31102985809,48757.05052377503
37,1966,NSHO,38677,9496,433194,44062.46747503221,34381.46090137303,56469.41663001694
37,1967,NSHO,59122,17088,503289,51760.63467808966,39968.526267749854,67031.8261006397
37,1968,NSHO,30647,10831,153852,33158.14456532595,25243.470577563177,43554.334085594215
37,1969,NSHO,64577,25677,153143,29535.5219170568,22579.328228355396,38634.76566222366
37,1970,NSHO,47951,19172,368228,44849.87685056414,35927.333705027915,55988.33105806749
37,1971,NSHO,24116,6920,239925,41425.0086712696,33472.29728350651,51267.21147581158
37,1972,NSHO,54571,11105,431494,50837.904152854055,40257.27996916406,64199.38209025608
37,1973,NSHO,18885,4471,137602,30859.5892562056,23560.440367805895,40420.0530293571
37,1974,NSHO,35506,12996,559526,47917.94144881118,36461.08598788389,62974.78669326267
37,1975,NSHO,14401,3506,264223,37025.47324690649,29986.966653153773,45716.0500764825
37,1976,NSHO,70563,20499,444044,40379.193815037295,31614.299265330286,51574.10826879867
37,1977,NSHO,10005,5395,208171,29719.50316040922,23810.697854238282,37094.62332891499
37,1978,NSHO,26528,7527,312549,34740.876485870765,27833.296390600062,43362.75811779647
37,1979,NSHO,34463,12961,268512,37875.51851035149,30465.497817170894,47087.85364470354
37,1980,NSHO,17622,7660,103244,26133.604303220658,19378.61499931281,35243.24488109868
37,1981,NSHO,52525,14560,107755,25372.55404638578,18960.147631092455,33953.66488502783
37,1982,NSHO,49990,13554,131121,27943.036540985908,21514.966303232333,36291.6343965441
37,1983,NSHO,36791,10058,271728,37901.014909885,30352.70270801687,47326.49164780687
37,1984,NSHO,12824,6233,159056,27938.56502967269,21950.46978229685,35560.21459489571
37,1985,NSHO,28282,7423,234600,28129.09557130611,22492.40446714969,35178.36515946053
37,1986,NSHO,50464,20772,383751,35477.9850732764,27526.890256713832,45725.73992634814
37,1987,NSHO,17567,6215,165172,24466.110329154442,19184.802423358742,31201.2884693321
37,1988,NSHO,39664,8442,318522,32354.447548004482,25422.73772546767,41176.142689302615
37,1989,NSHO,13759,5071,99091,20352.33513267502,14946.588094688692,27713.18395399625
37,1990,NSHO,31328,7586,348462,35257.10226630252,27416.33781161874,45340.23722488996
37,1991,NSHO,19929,8627,147119,26453.590193885077,20491.077969234626,34151.07956724792
37,1992,NSHO,42232,11101,261941,31662.30226527993,25103.00544815819,39935.51237553129
37,1993,NSHO,17281,13806,216768,30402.7461864936,24114.953873410857,38330.032913706455
37,1994,NSHO,15507,7091,157912,25391.632443091192,19860.699801637264,32462.854006377507
37,1995,NSHO,47825,32440,332102,38217.296252011656,29844.279353608807,48939.420366248894
37,1996,NSHO,62632,29982,371207,47864.78759976417,37015.18968719602,61894.533334325555
37,1997,NSHO,28300,14327,467509,59042.18671779833,44312.5291888658,78668.03985756848
37,1998,NSHO,29071,12534,194941,39319.971784869515,31355.133043955444,49308.04085556193
37,1999,NSHO,30460,8745,185633,34851.71112022093,27811.04683672394,43674.79495246546
37,2000,NSHO,50501,13239,184022,34211.29756157089,27304.254889666077,42865.58580616371
37,2001,NSHO,55444,23214,324705,46528.013273425226,36429.85235494284,59425.33057997156
37,2002,NSHO,19726,3743,77842,22242.696200357754,15960.45999998338,30997.698954912605
37,2003,NSHO,13826,3333,143102,26183.60893324868,20537.4526855072,33382.00638938533
37,2004,NSHO,44943,30217,219877,36095.742144534364,28995.73366314439,44934.28640575475
37,2005,NSHO,66380,32611,312438,45968.51080812359,36319.300729652685,58181.295990408304
37,2006,NSHO,26339,8330,262458,41817.108856555074,33501.87330336953,52196.20339693363
37,2007,NSHO,18184,4817,363365,46588.81211755223,36250.02843547912,59876.29550106018
37,2008,NSHO,17372,9233,265560,38039.68897149304,30438.364621946028,47539.27995213747
37,2009,NSHO,34853,13490,323996,39011.70926757055,30721.720053921217,49538.68003830072
37,2010,NSHO,28540,7179,105458,20067.937409788068,15190.619694782656,26511.236537735833
37,2011,NSHO,30547,3766,192078,24795.389638864177,19852.2406587646,30969.368038144297
37,2012,NSHO,21255,7468,119516,20467.008415800963,15725.392409831558,26638.34533188317
37,2013,NSHO,18641,4545,196320,26447.31830704293,21065.434656488997,33204.18766762006
37,2014,NSHO,54079,17714,243717,32372.768770912593,25650.7228364233,40856.398651146344
37,2015,NSHO,29581,15442,167806,26079.512315112228,20389.321225758264,33357.70499975515
37,2016,NSHO,24582,6771,251910,30239.822205279586,23516.78224668676,38884.862623403984
37,2017,NSHO,19530,7580,250042,28984.83799859907,22293.44258968528,37684.66132699214
37,2018,NSHO,16838,3517,189153,21628.467744054742,16418.754605436407,28491.236284189694
37,2019,NSHO,11450,3019,187984,18121.931307726012,13510.25408253998,24307.788167089668
37,2022,NSHO,22371,7702,247290,,,
37,2023,NSHO,20620,6411,166486,12716.721080879966,8572.94254116194,18863.41758065473
37,2024,NSHO,13180,3345,188837,14067.511498557502,9257.036020071531,21377.780029478414
37,2025,NSHO,11127,2746,146848,13919.277626767122,8799.666872465945,22017.457303667896
37,2026,NSHO,5625,2593,331839,27005.934021957244,16096.962208681533,45307.95705073876
38,1955,NSHO,1768,772,93203,,,
38,1956,NSHO,3535,1544,83987,8025.8884223726745,4022.9952351066627,16011.673194703126
38,1957,NSHO,10610,4100,34139,4564.448540982813,2455.7278087722393,8483.916828590369
38,1958,NSHO,5305,3985,39585,4678.4284504807665,2639.4026253185816,8292.669165480562
38,1959,NSHO,6189,1712,42098,4877.826281080159,2850.236171209767,8347.795691013705
38,1960,NSHO,13262,7486,37072,4146.103285742338,2478.806667149739,6934.858084680553
38,1961,NSHO,11506,8778,36339,3615.583921657025,2214.271396167052,5903.723959571282
38,1962,NSHO,4555,2233,31865,3002.08365249953,1848.6521567770592,4875.176881473113
38,1963,NSHO,3644,1613,53192,4111.655790647699,2644.7277724244204,6392.23194048033
38,1964,NSHO,3212,1478,38578,3610.5060860951417,2347.4291967515464,5553.204422850915
38,1965,NSHO,6376,1225,72625,5920.416444337861,3821.8515657718567,9171.295711299357
38,1966,NSHO,1979,876,62849,6383.69238464422,4236.58246224575,9618.962648531291
38,1967,NSHO,5561,2167,70061,7388.0860751098435,4871.183374134917,11205.45289735179
38,1968,NSHO,2327,900,27446,3991.7170689500726,2544.6908367550986,6261.587823715983
38,1969,NSHO,12363,7961,36814,4506.9016793305145,3016.490108914696,6733.707724458719
38,1970,NSHO,3975,3026,63095,7023.09175273742,4723.033337623221,10443.249971254632
38,1971,NSHO,6997,4042,60509,7278.103061567803,4912.367922685709,10783.146744806978
38,1972,NSHO,7540,3083,48055,5970.263749536354,4060.6514755447542,8777.913951417384
38,1973,NSHO,2372,1181,33592,4229.827506537184,2786.8825793293095,6419.876053538043
38,1974,NSHO,5352,4054,67189,6295.898657460842,4181.220376292488,9480.088667358108
38,1975,NSHO,3411,1388,53291,5285.972840155783,3566.1267041436395,7835.2540963836545
38,1976,NSHO,3079,1237,61715,5352.288258343271,3570.577592499953,8023.068777604116
38,1977,NSHO,461,351,39203,3815.2542810772425,2532.0036719309974,5748.87208523563
38,1978,NSHO,2513,1117,31702,3236.007649971215,2084.96430225608,5022.505900624314
38,1979,NSHO,8163,4192,42125,4366.1203525912615,2900.498714286074,6572.320421801597
38,1980,NSHO,541,618,31621,4083.108580007965,2622.1516685081747,6358.051624687209
38,1981,NSHO,377,286,23103,3342.5511805775345,2013.558945340221,5548.706890670382
38,1982,NSHO,2153,1626,25310,3448.8221732110032,2118.990952587982,5613.22565719544
38,1983,NSHO,2877,1411,34252,4088.5226995413736,2652.626579019901,6301.685279366137
38,1984,NSHO,2953,1513,36519,3974.6419325236607,2602.3316992997848,6070.624469596304
38,1985,NSHO,2871,1156,29034,3006.3594923701717,1901.1702079387378,4754.018004081561
38,1986,NSHO,8432,3616,70170,5550.220400724503,3643.7182962031243,8454.261277200883
38,1987,NSHO,3066,1389,37646,3847.601640008843,2537.333482014729,5834.486670803646
38,1988,NSHO,4339,1971,43372,4251.953243248176,2845.4831202811297,6353.615754706182
38,1989,NSHO,1426,470,38177,4253.567535834896,2823.37051811303,6408.240316258848
38,1990,NSHO,1855,1401,35651,4220.762041362108,2790.8238609501113,6383.359573161431
38,1991,NSHO,7289,5497,32391,3994.947167710568,2616.5606916693378,6099.458317023265
38,1992,NSHO,2918,537,54005,6014.6528043561775,4122.937085697882,8774.339167687342
38,1993,NSHO,2865,1290,55712,6672.872707868773,4594.127930275457,9692.205104255805
38,1994,NSHO,0,0,37030,5007.761356390275,3393.462288852422,7389.996312891505
38,1995,NSHO,3448,2595,65241,8157.926497948294,5633.3909869537465,11813.801829138574
38,1996,NSHO,7494,3090,54466,8322.388550133928,5839.901465507053,11860.157502398302
38,1997,NSHO,32641,6029,84498,12897.429822450873,8664.563565817329,19198.162118781103
38,1998,NSHO,1216,540,44343,8591.737699485648,6047.3207005646,12206.72101776759
38,1999,NSHO,5024,1617,32579,6396.041160365183,4336.8997051609385,9432.854183001562
38,2000,NSHO,8382,4542,27548,5461.032092424061,3583.2368459869494,8322.885925859375
38,2001,NSHO,11128,5647,122896,19124.299804612347,11747.124128142725,31134.330328602806
38,2002,NSHO,6661,1808,45849,10282.880248965408,7267.909750689057,14548.560706128488
38,2003,NSHO,4446,3350,59636,11653.556743280611,8275.376209528169,16410.780770606696
38,2004,NSHO,5976,3660,32326,7336.7054598034265,5020.942968817286,10720.545391215375
38,2005,NSHO,9196,5636,38400,7904.309498078394,5572.504325389684,11211.854669496957
38,2006,NSHO,22162,10990,59072,11514.64533426476,8210.189592319197,16149.085923416817
38,2007,NSHO,12676,3778,39634,8316.168416203935,5884.764851741943,11752.15303738029
38,2008,NSHO,3623,1883,37256,7155.121464228379,5012.955339685118,10212.690857740108
38,2009,NSHO,7514,2942,44435,8020.510501805083,5689.459508827516,11306.625631091352
38,2010,NSHO,5481,3182,67179,11664.782349842579,8064.535267512125,16872.286220551814
38,2011,NSHO,7681,5781,63388,11860.200933933154,8198.29477303229,17157.759032521535
38,2012,NSHO,948,1084,23823,5169.063583829531,3263.0681418690856,8188.372774332512
38,2013,NSHO,6395,2855,44812,8255.23479154686,5662.566847414692,12034.984009889411
38,2014,NSHO,21244,7855,40191,8320.084793116466,5609.588576135127,12340.265248532973
38,2015,NSHO,3652,2762,37532,7708.440870111575,5086.495980991862,11681.924230365683
38,2016,NSHO,4131,2089,54347,10262.290434290355,6686.251750947677,15750.91828434377
38,2017,NSHO,8804,4483,50874,9403.648861490034,6010.712269643102,14711.835793040449
38,2018,NSHO,1213,919,41640,7034.149880754074,4380.033240719648,11296.550009009294
38,2019,NSHO,0,0,51069,7289.942056211154,4404.553014347031,12065.527423511898
38,2022,NSHO,11221,3044,45758,,,
38,2023,NSHO,1526,620,28495,3397.7752251589177,1746.4987869667173,6610.297451597224
38,2024,NSHO,430,492,35220,4243.956413546229,2134.754724621958,8437.112625793465
38,2025,NSHO,3935,1308,37890,5420.073588041142,2619.296434105738,11215.68269908745
38,2026,NSHO,801,607,44076,7568.136070790196,3475.582196081073,16479.737884081278
39,1955,NSHO,18046,3199,317966,,,
39,1956,NSHO,27715,4896,188970,33598.02996589772,23354.272362225587,48334.951313455844
39,1957,NSHO,22754,6255,96530,23587.225193248825,16856.175282152126,33006.13472536213
39,1958,NSHO,37662,9823,166418,30294.36990921096,22542.681582935693,40711.609433849335
39,1959,NSHO,21185,3580,70074,19880.18730250905,14456.12848470444,27339.397792501182
39,1960,NSHO,26154,5551,164249,26282.473550001985,20328.25564108321,33980.702924185854
39,1961,NSHO,33513,10441,117745,22004.79206153478,17199.513400994412,28152.59143571984
39,1962,NSHO,14821,4291,74842,15021.529098740539,11369.954608323824,19845.84321023722
39,1963,NSHO,26408,6279,162511,21221.815946024155,16992.2634792794,26504.14834940071
39,1964,NSHO,37652,8898,253221,31092.909966046307,24691.639612020277,39153.70001131976
39,1965,NSHO,31662,7024,245962,35324.87007141424,28361.494650194556,43997.90846543897
39,1966,NSHO,25314,4513,242044,38657.490441072536,31231.033553923557,47849.89150683655
39,1967,NSHO,32693,5117,182714,35778.3878146573,29337.402426392273,43633.48247438672
39,1968,NSHO,16797,6270,46307,16600.37949788054,11838.869891167207,23276.93453910267
39,1969,NSHO,54998,10454,126267,25628.934566579304,20694.396243361312,31740.103905119537
39,1970,NSHO,44419,12548,262215,45239.36034327122,36375.99510347872,56262.37078728381
39,1971,NSHO,21362,5488,200724,42557.52636577123,34746.73228356637,52124.12596363491
39,1972,NSHO,28149,5821,180364,38125.466271690406,31246.386281434734,46519.017122227684
39,1973,NSHO,10749,3182,97662,25123.749878649578,19964.32867552406,31616.530574293192
39,1974,NSHO,38409,7020,324561,44343.741663834335,34710.05884067117,56651.227062882564
39,1975,NSHO,22248,5567,296181,45300.544001602924,35717.94023384258,57454.020959942434
39,1976,NSHO,53270,17592,376404,49008.2500024027,37391.81380340734,64233.540018300446
39,1977,NSHO,8186,3254,66971,17735.5288723103,13453.448853166024,23380.54634269702
39,1978,NSHO,14668,4834,114911,21165.54149199072,16963.280774871295,26408.81516933918
39,1979,NSHO,23119,5350,202495,36345.159630649265,29148.64556107392,45318.42228516599
39,1980,NSHO,14767,5237,58521,20790.497332420462,15700.013739196234,27531.49051393831
39,1981,NSHO,20675,6547,47454,17036.707470153313,12541.214979978236,23143.64293148266
39,1982,NSHO,47115,9108,88215,24793.16253971579,19687.07409316736,31223.578771113873
39,1983,NSHO,38968,9314,163286,37092.99993879526,30007.34459321598,45851.79605564048
39,1984,NSHO,13686,3983,86326,24195.316360163328,19242.65022676295,30422.697854487116
39,1985,NSHO,20451,5237,83659,19877.670384505247,15783.317193457478,25034.140483397456
39,1986,NSHO,55109,16844,197072,32641.964954292907,26032.78057692197,40929.084502861326
39,1987,NSHO,32760,7350,119356,27086.076052712277,21869.399035081486,33547.12741563819
39,1988,NSHO,27750,10045,48774,15413.63585485887,11532.474943082532,20600.969994623527
39,1989,NSHO,28145,15136,63452,17758.75789970681,13734.851541096159,22961.55012646241
39,1990,NSHO,13374,5813,52375,17305.8448256075,13147.750172283455,22778.974440764803
39,1991,NSHO,12761,1967,70804,21284.869819392177,16837.435598385273,26907.047725956523
39,1992,NSHO,48613,11544,150259,36635.37121398064,30010.74164981073,44722.33441103997
39,1993,NSHO,18074,4381,63417,23174.72791932839,18197.589659165933,29513.14015723963
39,1994,NSHO,19860,4559,89396,27145.467389566416,22151.613729985274,33265.13403402975
39,1995,NSHO,55922,12844,239535,59127.55325279231,47626.52114926623,73405.89800176186
39,1996,NSHO,64224,8862,177222,60445.52473888922,50249.802941591595,72709.96595163849
39,1997,NSHO,56728,12043,157356,59297.378306948805,49849.549810413264,70535.82404354823
39,1998,NSHO,35051,8116,124092,53685.373247798714,45351.26775539811,63551.01948417762
39,1999,NSHO,68293,12885,204599,76511.25168345554,63389.34898534504,92349.451885402
39,2000,NSHO,72481,18307,91285,48168.84218515495,39948.9298775534,58080.08786643528
39,2001,NSHO,72933,8088,144001,60526.72042223841,51225.4131578066,71516.92215318928
39,2002,NSHO,24332,7488,51972,32391.623643299838,25001.700654469987,41965.83651446904
39,2003,NSHO,44266,9009,140292,58362.92870084137,49546.464974378,68748.22347670938
39,2004,NSHO,50004,12923,126838,63204.43328216133,53770.46729209804,74293.57764027183
39,2005,NSHO,82418,9858,139300,67240.99781187689,57525.59518994543,78597.21871295119
39,2006,NSHO,86249,11749,185933,82091.2736860671,69588.42368105736,96840.49241131448
39,2007,NSHO,42278,6008,110972,56946.22251494537,48315.534221573675,67118.62573742744
39,2008,NSHO,25587,6108,69089,36362.33376912655,29202.529788813,45277.56076954268
39,2009,NSHO,64330,9776,126378,50833.076827500445,43215.813961482796,59792.96611313675
39,2010,NSHO,34034,9498,91406,42974.58657171779,35743.79242189189,51668.13496485486
39,2011,NSHO,80560,11314,194771,71922.58822391235,60599.385192764996,85361.57058973011
39,2012,NSHO,76917,21325,120849,57803.34503677987,49067.830041029425,68094.03828633067
39,2013,NSHO,81065,14028,157479,67897.32226700042,57847.21642935297,79693.48666342518
39,2014,NSHO,116652,19845,211973,89004.3897491104,74198.33482362684,106764.9484781838
39,2015,NSHO,62982,12559,166009,76374.0965050789,64216.4475315703,90833.46776695276
39,2016,NSHO,61973,17585,125476,57558.9017139279,48003.36456219212,69016.56158333081
39,2017,NSHO,57026,9455,176096,65495.225891556554,53874.47741816472,79622.57492152858
39,2018,NSHO,43075,13066,105272,41371.21497416939,33367.75974742077,51294.34644084061
39,2019,NSHO,25954,5396,94088,31160.624086785992,24561.46598929463,39532.83952599576
39,2022,NSHO,69316,11951,179836,,,
39,2023,NSHO,36657,6731,150314,34792.14057782413,25457.803912251013,47548.99716249888
39,2024,NSHO,20607,8154,140085,34658.80208366636,24818.559457628413,48400.575542088365
39,2025,NSHO,22899,6230,90616,28071.062352649566,19352.998405977974,40716.40606155055
39,2026,NSHO,25495,8775,94705,32363.892218292276,21387.05658531035,48974.552217562195
40,1955,NSHO,11263,2563,352385,,,
40,1956,NSHO,15263,2943,246782,29899.145937540354,21103.0243418955,42361.649842746636
40,1957,NSHO,24780,2558,183100,28219.995644731876,20920.546467759286,38066.317025512275
40,1958,NSHO,22436,4164,213391,29849.417474588383,22623.416711722915,39383.428901372514
40,1959,NSHO,37044,6296,111710,24457.530006809426,18577.05953788905,32199.432467446073
40,1960,NSHO,35542,5129,178594,24360.521036879065,19216.46908862102,30881.5830031766
40,1961,NSHO,29066,7562,109629,19975.884158136818,15605.93414981962,25569.50093909718
40,1962,NSHO,15086,2734,88175,16056.947657976172,12269.298494571549,21013.880150120996
40,1963,NSHO,25272,5852,168754,18821.468526516957,15226.885013941399,23264.618940139564
40,1964,NSHO,44786,9178,250304,24230.1797061319,19331.503816969023,30370.198518963312
40,1965,NSHO,26046,3377,218425,26521.55068387238,21547.659994165326,32643.574795020722
40,1966,NSHO,23665,4048,212375,28583.975716262023,23308.826107861656,35052.97366615484
40,1967,NSHO,36577,5363,234940,32112.834620143305,25907.66154750704,39804.21565449641
40,1968,NSHO,27407,5625,67895,22283.973734322317,16671.549527737738,29785.802727321545
40,1969,NSHO,19250,3400,87263,21397.315952419594,16654.884611052657,27490.141220421967
40,1970,NSHO,27549,7525,262248,33036.485947895904,26010.072573834015,41961.02877788488
40,1971,NSHO,12188,3014,183497,33485.901790018936,27212.942520865297,41204.86484807888
40,1972,NSHO,25402,5374,249992,35280.17284392913,27840.368135406057,44708.12274621384
40,1973,NSHO,15526,2964,82407,23386.570274759328,18146.6417202634,30139.55296232728
40,1974,NSHO,15883,4765,356195,32578.32140664618,24152.46824940695,43943.62574933937
40,1975,NSHO,10214,2743,264139,32441.42475489074,25134.25087290146,41872.982228483066
40,1976,NSHO,28055,6888,231046,28088.06098408943,22066.85919120645,35752.21842899672
40,1977,NSHO,18628,4845,89978,19271.009612855083,15188.665494073079,24450.588607910926
40,1978,NSHO,20698,7841,191271,24383.50506360291,19351.124184810767,30724.588065712047
40,1979,NSHO,19381,8229,211724,31551.280570693798,24726.176708896182,40260.30054587764
40,1980,NSHO,23262,5435,60873,22422.602102742007,16921.589019819952,29711.930981718164
40,1981,NSHO,22499,5004,54028,19916.60714260602,14779.390996646125,26839.484804409152
40,1982,NSHO,34191,6236,87362,23992.156016169974,19032.708696037662,30243.9111267477
40,1983,NSHO,40990,9418,153856,29932.52604258802,24082.97548773034,37202.88283093079
40,1984,NSHO,17813,6795,58192,19444.03808219322,14667.573857054185,25775.94772157577
40,1985,NSHO,23029,5016,103567,19593.45243778582,15712.353014624283,24433.220032318313
40,1986,NSHO,40997,9594,202212,26352.49263350705,20637.420052152866,33650.22692972705
40,1987,NSHO,33938,8421,133814,24589.287555047635,19782.346112554933,30564.274784429537
40,1988,NSHO,25203,6721,113578,23270.967682959752,18708.210948391585,28946.537880893167
40,1989,NSHO,10979,3521,46800,16958.13709920458,12317.79099634079,23346.58981962341
40,1990,NSHO,26189,6255,145170,25976.068301619533,20813.32569477038,32419.42850968523
40,1991,NSHO,26504,9770,114002,27714.014122473465,22368.5333218167,34336.92176999108
40,1992,NSHO,40386,10229,136624,29133.567586967467,23565.403798770792,36017.40787436345
40,1993,NSHO,14249,2711,99187,26043.005363499353,20995.701910204196,32303.665353222757
40,1994,NSHO,4125,1772,65555,21497.61631027546,16593.60348608555,27850.943130667914
40,1995,NSHO,29313,8417,172902,33404.523937315476,26817.877204663666,41608.8943566582
40,1996,NSHO,37097,12219,150071,38650.77743849054,31535.50157586972,47371.455088661605
40,1997,NSHO,41891,19681,159200,42471.584167681634,34665.564920820834,52035.36898454078
40,1998,NSHO,21461,6447,85709,34400.854578945175,27718.549547430874,42694.10972376871
40,1999,NSHO,55769,8807,151081,42410.816008140304,34864.45537528207,51590.57541887037
40,2000,NSHO,42584,10734,117250,40933.82059564678,33838.370882800285,49517.090357570254
40,2001,NSHO,57128,14312,163108,46255.27688665997,37987.170407001795,56322.98002030755
40,2002,NSHO,48225,8989,87153,36311.53560452283,29384.488639036896,44871.55227220403
40,2003,NSHO,58492,13886,103928,36911.70029771306,30449.34936037964,44745.57412517412
40,2004,NSHO,38729,8329,114520,39819.17017993223,33058.615482734494,47962.2721842812
40,2005,NSHO,51142,11704,208307,53240.22894814965,43111.25162858802,65749.00684562259
40,2006,NSHO,40749,7838,150295,47695.77122322441,39722.555087285036,57269.3923535231
40,2007,NSHO,40959,8184,166557,45754.41585982647,37920.74009818337,55206.37427575496
40,2008,NSHO,39176,12634,153971,42233.28148692454,35098.68705175929,50818.14207247958
40,2009,NSHO,27320,6399,146565,39112.3719680574,32523.63235762233,47035.87914617289
40,2010,NSHO,17136,3663,98506,31347.59517054569,25508.662649588834,38523.05926325224
40,2011,NSHO,26475,6007,150002,37035.99504558384,30658.800613776526,44739.68001214481
40,2012,NSHO,37399,12793,114005,35063.60421245081,28800.16866140271,42689.206262013526
40,2013,NSHO,38584,10113,143562,39329.84880692671,32477.734787980844,47627.61372594735
40,2014,NSHO,61761,14495,132451,39716.520782567764,32620.4530658988,48356.22668653681
40,2015,NSHO,34546,8935,146896,41428.83906364349,33876.45345963974,50664.9466186336
40,2016,NSHO,24599,5862,144417,40092.88938748455,32610.533774096795,49292.04135609377
40,2017,NSHO,39519,6859,150748,38123.74186396188,30735.514247815645,47287.95757218517
40,2018,NSHO,44912,20552,149934,34497.3571116122,27459.529807991716,43338.966690527515
40,2019,NSHO,22059,4614,137703,29382.327948513397,23049.331140269573,37455.36867947025
40,2022,NSHO,40173,7854,188115,,,
40,2023,NSHO,22667,6713,143598,24708.97456327635,17911.796299803762,34085.54975445576
40,2024,NSHO,27049,5139,136997,25547.063981992753,18151.227742369498,35956.38197941716
40,2025,NSHO,30452,9591,135398,29525.501380060432,20407.28232416549,42717.85031913107
40,2026,NSHO,44889,15519,141100,36469.76208804031,24156.50514319685,55059.43591069671
