model,species,year,lo,med,hi
main,MALL,1956,0.02641768054462984,0.219320563924625,0.37915656538871023
main,MALL,1957,0.11406410638065559,0.2819721149049469,0.4153810687658656
main,MALL,1958,0.20761038949937732,0.3407047114041149,0.4570677521804588
main,MALL,1959,0.27726408558021487,0.39286610874030514,0.5052100572576675
main,MALL,1960,0.3437067133321385,0.4451743181689438,0.5460953266465696
main,MALL,1961,0.3976975834463484,0.48824077135992006,0.5807345913528699
main,MALL,1962,0.4311257443870721,0.5224113829034486,0.6073083442390657
main,MALL,1963,0.4509338644697569,0.5412812170274488,0.6223625501435082
main,MALL,1964,0.45791380172613666,0.5488299219408357,0.6295168342137485
main,MALL,1965,0.45266587404605213,0.5394303779561667,0.6243157250780392
main,MALL,1966,0.43755395830326943,0.5206990084950537,0.6059918482016201
main,MALL,1967,0.4079753546921602,0.48579353373165224,0.5710293703388005
main,MALL,1968,0.3689911301378763,0.4465839578882752,0.5254925645157178
main,MALL,1969,0.32313886081392335,0.39468340674579605,0.47133167951291033
main,MALL,1970,0.27001232359394484,0.3406344893234906,0.4140928227949259
main,MALL,1971,0.21272703065180423,0.28705197662981197,0.35823593205489024
main,MALL,1972,0.15561839578364284,0.23600309180338302,0.306354366956736
main,MALL,1973,0.10219377136828943,0.18624471199780335,0.2597303769454439
main,MALL,1974,0.05911674437668349,0.14546226146100918,0.22326055884437535
main,MALL,1975,0.0212116762981592,0.11329373749700761,0.19434189265644508
main,MALL,1976,-0.0027824759762680425,0.09215303459167781,0.17350199942983846
main,MALL,1977,-0.009162504275665744,0.08336952324053393,0.1682213190348448
main,MALL,1978,-0.0019078440811419494,0.08793071090615234,0.16710840206886834
main,MALL,1979,0.009502540644907631,0.10185837620746871,0.18002700232597177
main,MALL,1980,0.03151939906335346,0.1219948469689954,0.20047877309323364
main,MALL,1981,0.0683906846447731,0.1529466965838714,0.23257832943029405
main,MALL,1982,0.10353231197566498,0.18884042279210228,0.26952790227185963
main,MALL,1983,0.1424892691442949,0.22640576180677024,0.3065976707271503
main,MALL,1984,0.17814329184278632,0.26487601348746376,0.35241281309707206
main,MALL,1985,0.20918670782412063,0.2990551312328499,0.3926868101247919
main,MALL,1986,0.23263812410045032,0.32954781946387995,0.42284940818651906
main,MALL,1987,0.25256140324035287,0.3526676444086341,0.4484571587151721
main,MALL,1988,0.27285386066448725,0.36924926326569707,0.4604612472226097
main,MALL,1989,0.2876727135548771,0.3753190205974901,0.46885369633642193
main,MALL,1990,0.2912149626605606,0.37753474566163736,0.4662692526232529
main,MALL,1991,0.28854605998636007,0.37173456884659517,0.45613324490424445
main,MALL,1992,0.27106853633611677,0.3595012420603018,0.4438477243551376
main,MALL,1993,0.24866841754861638,0.3411017764457447,0.4216176192584501
main,MALL,1994,0.2241014569569051,0.32106563909036345,0.39998334414929726
main,MALL,1995,0.20011198211594797,0.2961571496945129,0.37632066500950356
main,MALL,1996,0.17244155055026494,0.27124216578931226,0.3551094372137185
main,MALL,1997,0.15848267546997866,0.2500309940079821,0.3330501753401505
main,MALL,1998,0.14628543843569974,0.2314169838296885,0.30822680548453113
main,MALL,1999,0.1320343984518254,0.21631642541605117,0.29018444281215816
main,MALL,2000,0.1218319265580969,0.2061868009340964,0.2819187194993958
main,MALL,2001,0.12114091235195318,0.20129947359535516,0.2811233505271291
main,MALL,2002,0.12754125092750374,0.20223133034337992,0.28093639288613464
main,MALL,2003,0.1355076199437086,0.21066819157016176,0.284162921566127
main,MALL,2004,0.14767162838750544,0.2216875850958978,0.29763399420109743
main,MALL,2005,0.16168322584635095,0.23607903413619058,0.3111143354768465
main,MALL,2006,0.17684839203533148,0.2482170775774743,0.33044828964474404
main,MALL,2007,0.19138221556258156,0.26863810066561444,0.3507397985211824
main,MALL,2008,0.20722886277435412,0.2833482566727115,0.36431196190519066
main,MALL,2009,0.22385752517747054,0.2970159377454471,0.3805504675511598
main,MALL,2010,0.23455586696995795,0.3101671843464141,0.3984961670545202
main,MALL,2011,0.23834502309911773,0.32076733309297556,0.4191057108961398
main,MALL,2012,0.2371925431133609,0.3263532649728919,0.4400903128600842
main,MALL,2013,0.2303448920307361,0.3286576255853506,0.45145128563140746
main,MALL,2014,0.21358410217835294,0.3278320783320843,0.4597139545911435
main,MALL,2015,0.19809620566507413,0.3185354730271004,0.4620488070337214
main,MALL,2016,0.18388224710288056,0.30980566787375907,0.45678956067822
main,MALL,2017,0.17652439328663666,0.29767035973708883,0.44205773337785575
main,MALL,2018,0.15923625867457525,0.27862525540911565,0.4186753366345899
main,MALL,2019,0.14613288795023616,0.2596824429890976,0.3982689977029861
main,MALL,2022,0.0370601953779574,0.191579031649026,0.34675925184863626
main,MALL,2023,-0.02581229565967281,0.1644110461529384,0.3426651537919697
main,MALL,2024,-0.08535907053180455,0.14128742234187142,0.347559284410376
main,MALL,2025,-0.14744766281033575,0.11184383993931837,0.3579742625767391
main,MALL,2026,-0.2112147964529036,0.07616456893650189,0.36631484198273667
main,NOPI,1956,0.6418730165158995,0.7954218383247245,0.9907916010684242
main,NOPI,1957,0.6463418205326097,0.7935921577492869,0.9747213826752066
main,NOPI,1958,0.6525787278957524,0.7908316670766865,0.9553957409054376
main,NOPI,1959,0.6602651848855541,0.791012937927271,0.936653341276672
main,NOPI,1960,0.6652640142228714,0.7891141138987177,0.9271664656607087
main,NOPI,1961,0.6706527871254849,0.7865158325707218,0.917981497074802
main,NOPI,1962,0.6778147911246515,0.784767894363787,0.9039408835782682
main,NOPI,1963,0.6819064130159008,0.7821221555955815,0.8911515090913648
main,NOPI,1964,0.6855246992011392,0.7806567203730619,0.8847335325798835
main,NOPI,1965,0.6877720474960896,0.7795665359176704,0.8798490374304526
main,NOPI,1966,0.6906766867570748,0.7762323403210634,0.8749195241046868
main,NOPI,1967,0.6898703518213545,0.7745115258416929,0.86605322155616
main,NOPI,1968,0.6872811224190952,0.7727268443454147,0.8641614372772641
main,NOPI,1969,0.6857884062222073,0.7724480643666771,0.8561202747710921
main,NOPI,1970,0.6869518351910908,0.7717106310244519,0.855029863767152
main,NOPI,1971,0.6837048249538773,0.7714413688100292,0.8529030012661478
main,NOPI,1972,0.6770090840361065,0.7710229039829937,0.8520111740538286
main,NOPI,1973,0.6751072785358536,0.7721602834779613,0.8601505994607053
main,NOPI,1974,0.6675941576981202,0.7727543958069847,0.8635560911210085
main,NOPI,1975,0.6632523576325584,0.7726163083895127,0.8640945247778853
main,NOPI,1976,0.6622550354926815,0.7751593169437748,0.8712838637248451
main,NOPI,1977,0.664235213512816,0.7789683003308814,0.8811292333914551
main,NOPI,1978,0.6649734860573653,0.7812600136724361,0.8896708928986943
main,NOPI,1979,0.667423448146736,0.7862750628444922,0.8961240439346034
main,NOPI,1980,0.6716450000451715,0.7914979093836856,0.9016667599820807
main,NOPI,1981,0.6755343002473334,0.7962360967273215,0.9060976734884725
main,NOPI,1982,0.6819498139013465,0.8039459890409864,0.9094056303878439
main,NOPI,1983,0.6886900421498285,0.8122628519066909,0.9148021045046462
main,NOPI,1984,0.6962220323572096,0.8202058434928563,0.9203941628145351
main,NOPI,1985,0.7059361551077032,0.8296433351413066,0.9252839542108796
main,NOPI,1986,0.7155009111178918,0.8373879535017195,0.9319253885323471
main,NOPI,1987,0.7283973987128167,0.8441207121504397,0.9424376181928058
main,NOPI,1988,0.7389477070267857,0.8524344174867591,0.9496047856701171
main,NOPI,1989,0.7492187937016705,0.8631354359324891,0.9618454881546473
main,NOPI,1990,0.7602232539892201,0.8735624732421413,0.9714199891747508
main,NOPI,1991,0.7727777439951964,0.8843012588226049,0.97875953192813
main,NOPI,1992,0.778843574357729,0.8930767865939602,0.9889354220366473
main,NOPI,1993,0.7868009149621211,0.9005678143802958,1.0030218820500028
main,NOPI,1994,0.797015247941862,0.9127490030481067,1.0137028687990366
main,NOPI,1995,0.8086879572146852,0.9203217703091107,1.0220308504962232
main,NOPI,1996,0.8190521765357655,0.930689860512264,1.0328180648879266
main,NOPI,1997,0.8303299883536928,0.9409543390729891,1.0496732213803202
main,NOPI,1998,0.8422350966581899,0.9513960797729768,1.0614231822402616
main,NOPI,1999,0.8551222683526875,0.9628042903169485,1.0722039517009296
main,NOPI,2000,0.8654332248246699,0.9743750667777417,1.0866889037561478
main,NOPI,2001,0.8736776684817348,0.9838148888116047,1.101778884965929
main,NOPI,2002,0.8831623078811764,0.9961132618981763,1.1186053514938874
main,NOPI,2003,0.8940757136501758,1.0091747986772748,1.1326479921934047
main,NOPI,2004,0.9049206875659519,1.0222178248059555,1.1451353117709508
main,NOPI,2005,0.9185321554378045,1.0360364035467233,1.1594895048168048
main,NOPI,2006,0.9307834037834025,1.049242275874061,1.187259673708444
main,NOPI,2007,0.9371783273021217,1.0638842641884887,1.2157200389363179
main,NOPI,2008,0.9404426212660759,1.0782644628834894,1.2391315537977607
main,NOPI,2009,0.9554263575968193,1.092465869008991,1.2524883397110398
main,NOPI,2010,0.9607153035429096,1.1076429035417497,1.2657248626186743
main,NOPI,2011,0.9658653768143395,1.1201921789289795,1.2884275273850432
main,NOPI,2012,0.9703679499007221,1.1358796775326199,1.313973858716296
main,NOPI,2013,0.9738332869220345,1.148234761203386,1.338406009853423
main,NOPI,2014,0.9775740311101496,1.1622132589113177,1.3625326597446772
main,NOPI,2015,0.9810631365991203,1.1749217487553312,1.3857558601239224
main,NOPI,2016,0.9846552196507032,1.1903190644937052,1.4152419160845162
main,NOPI,2017,0.98501723898501,1.2073386418029926,1.4468671636729464
main,NOPI,2018,0.9810349022279665,1.2211372699012797,1.474409333221666
main,NOPI,2019,0.9805937458915305,1.2327830247036777,1.5072908611166846
main,NOPI,2022,0.9722379579756228,1.2732563135275738,1.6014537091298278
main,NOPI,2023,0.9666374958771103,1.287584771012014,1.6296062100601985
main,NOPI,2024,0.9599573930959431,1.3045770447783243,1.659511633179792
main,NOPI,2025,0.9555251130540462,1.316114718458536,1.6925572508141191
main,NOPI,2026,0.9510452615121251,1.3264284582173573,1.7262929652912309
main,BWTE,1956,-0.0031554222743257845,0.25132085214009514,0.49076355472270805
main,BWTE,1957,0.09243906136535121,0.296136830727948,0.49700761284742856
main,BWTE,1958,0.16742770788813283,0.3447687949080299,0.5118638993556762
main,BWTE,1959,0.2233187455761304,0.3881974219411458,0.5304822670795886
main,BWTE,1960,0.2796958216485228,0.4252762550548298,0.56395824299526
main,BWTE,1961,0.3248676671794565,0.46392011190769245,0.5985484816004005
main,BWTE,1962,0.35387905000314546,0.5006685852373981,0.6484725465059982
main,BWTE,1963,0.3821583032736818,0.5358595940344206,0.681697501750534
main,BWTE,1964,0.4020337453101712,0.5650469507951081,0.7107210238820847
main,BWTE,1965,0.4255406842166004,0.5869670198317061,0.7313850194807135
main,BWTE,1966,0.44118008961767613,0.608489608773105,0.7500725015812864
main,BWTE,1967,0.4509505917962835,0.6205253589696669,0.7573673346266003
main,BWTE,1968,0.45850301210380984,0.6239718894830466,0.7567634816738259
main,BWTE,1969,0.46264705381778026,0.6171640235721962,0.7532147187917919
main,BWTE,1970,0.4491926839332873,0.6025830342898387,0.7355332692394283
main,BWTE,1971,0.43660034124897673,0.5840892784417682,0.7201153690119019
main,BWTE,1972,0.4199279972595346,0.5528081709184631,0.6902840706487354
main,BWTE,1973,0.384652030094894,0.5196717733210025,0.6624244789560916
main,BWTE,1974,0.34361262789778707,0.4781380817692691,0.6259082036492042
main,BWTE,1975,0.2947529418471822,0.4371397031158144,0.5712703987585221
main,BWTE,1976,0.2569783985388164,0.39391586889028946,0.5175980352042924
main,BWTE,1977,0.2205155676226499,0.35027941677880087,0.47634898905976036
main,BWTE,1978,0.18228427751873266,0.3182676348181669,0.4335548282402365
main,BWTE,1979,0.15195162078265367,0.28808483045536004,0.4066915044001421
main,BWTE,1980,0.12903785456316014,0.2626582918706159,0.3814622681259389
main,BWTE,1981,0.10383123060607069,0.25070961352416676,0.3778692982687782
main,BWTE,1982,0.08346235038398071,0.24893352962567722,0.37856944083557864
main,BWTE,1983,0.0909007389992994,0.25717556012097437,0.38967423852043065
main,BWTE,1984,0.10734336444242266,0.2811644306707415,0.4189132065664527
main,BWTE,1985,0.13908570844896745,0.309718278760753,0.44361232025558095
main,BWTE,1986,0.1811004256282806,0.34524607945894903,0.47825128872195666
main,BWTE,1987,0.22388594873428624,0.3877247483211549,0.5276256884809248
main,BWTE,1988,0.2747401533030872,0.43555256223419025,0.5852248252312681
main,BWTE,1989,0.3287167436557074,0.48570804411898905,0.6496851551416116
main,BWTE,1990,0.36603712915506836,0.5319057401820655,0.7067239306966517
main,BWTE,1991,0.4080020886849688,0.5726137685346852,0.7611747797434305
main,BWTE,1992,0.44400766627772903,0.6184625647708786,0.8063733491991789
main,BWTE,1993,0.47012479183278466,0.6534501533264467,0.8443122465386956
main,BWTE,1994,0.49191076705048575,0.6745661625512835,0.8624218629655017
main,BWTE,1995,0.5107933361767402,0.6873551611628659,0.8754652765625601
main,BWTE,1996,0.5199166125326582,0.6903549103262369,0.8669140128979246
main,BWTE,1997,0.5169153289143398,0.6813932325282033,0.8542860160174416
main,BWTE,1998,0.5095862141529235,0.6658959604671182,0.8216361055536441
main,BWTE,1999,0.4860465423318535,0.6415741147627111,0.7860776515202603
main,BWTE,2000,0.47391225696727524,0.6150794756168143,0.7463528567842517
main,BWTE,2001,0.4457958272178243,0.5899506636922927,0.7205108738126822
main,BWTE,2002,0.4201975823685373,0.5658832318709248,0.7083582960780113
main,BWTE,2003,0.3942224788214874,0.5486055090081225,0.6937042344279754
main,BWTE,2004,0.3877844175424697,0.5351171234549854,0.6825039526739145
main,BWTE,2005,0.3870897755881535,0.5291501871111481,0.6957118278413645
main,BWTE,2006,0.38981585010439074,0.5370186119152538,0.7173452077168742
main,BWTE,2007,0.4076364368769567,0.5592204567871436,0.7346819624136316
main,BWTE,2008,0.4350016692335713,0.5804603143696321,0.7478434194951569
main,BWTE,2009,0.46253727341522877,0.618878058568548,0.7691302071162729
main,BWTE,2010,0.4852844698573565,0.6612111858449787,0.8149849126599403
main,BWTE,2011,0.504479422655749,0.702530062602691,0.8694769403365334
main,BWTE,2012,0.5483265103533819,0.7418641311484537,0.9289084021646328
main,BWTE,2013,0.5780713833964403,0.7806369229113181,0.9822241293542417
main,BWTE,2014,0.5979640203744521,0.8114101719506721,1.020720974769066
main,BWTE,2015,0.611553402230768,0.8391461770791138,1.0707730607283406
main,BWTE,2016,0.6187542630128814,0.8538651586458195,1.0957717551808728
main,BWTE,2017,0.6128828066148285,0.85381348751230135,1.1043312901556837
main,BWTE,2018,0.6031895174872104,0.8376096309354337,1.090747110830789
main,BWTE,2019,0.5795052866276096,0.8042548127562988,1.068123416771352
main,BWTE,2022,0.3719835560318213,0.6356198796183672,0.9318893489589126
main,BWTE,2023,0.2613105906527424,0.5638274301057395,0.9045240392607636
main,BWTE,2024,0.12769388902280646,0.4871926042928533,0.8998154982032409
main,BWTE,2025,-0.05260067185741299,0.4029658478272905,0.874198758607094
main,BWTE,2026,-0.20379208947534844,0.3268375853553137,0.841127214845214
main,GADW,1956,0.17607123029425037,0.5326681607524958,0.9373358928425028
main,GADW,1957,0.191601413351867,0.5049033205606426,0.855098069878995
main,GADW,1958,0.1983892271868028,0.47524188236914355,0.7733128768706278
main,GADW,1959,0.20482611480319557,0.4443676099062531,0.6931747965559809
main,GADW,1960,0.20539219833188965,0.41569612725671223,0.6216689119758112
main,GADW,1961,0.20410714790625922,0.38874576032323493,0.5706849245898771
main,GADW,1962,0.20008318863560146,0.35759487777924037,0.5234820194446455
main,GADW,1963,0.17938840410367513,0.32708485484931593,0.48581296872953017
main,GADW,1964,0.17084757414495216,0.29977439484525226,0.4445555132761612
main,GADW,1965,0.14873870915179363,0.2795880934249707,0.40413785789017354
main,GADW,1966,0.13056627911887123,0.26134779971793914,0.3981274335577253
main,GADW,1967,0.10869497919814572,0.24294988853050437,0.3880979995523838
main,GADW,1968,0.08046026399380232,0.22995075807180781,0.3752475007778632
main,GADW,1969,0.051128979072185755,0.2187434193270369,0.36396022095878533
main,GADW,1970,0.030616039549622002,0.2064846271059126,0.3542803182078319
main,GADW,1971,0.02242611562379305,0.20449111249595653,0.34346402251281405
main,GADW,1972,0.03138819351381317,0.20546312962072702,0.3411568685514418
main,GADW,1973,0.052241987340211474,0.20834616425852776,0.3340560877262133
main,GADW,1974,0.07379255441853658,0.21419375937942983,0.33672350239660476
main,GADW,1975,0.09212441011762518,0.22497635088468307,0.3411768771428179
main,GADW,1976,0.11458876381278832,0.2380607479657566,0.34400839969524444
main,GADW,1977,0.14545916383277038,0.2534802762161805,0.34720022666835926
main,GADW,1978,0.1719643914805003,0.2707021514759228,0.3698806180452804
main,GADW,1979,0.18504215271208813,0.2933314904063572,0.3942389681422299
main,GADW,1980,0.20112551518842486,0.307547545424404,0.4234875440714517
main,GADW,1981,0.2050058464762783,0.3248691076584037,0.44990694979120527
main,GADW,1982,0.2099320371316442,0.3406724536461243,0.4760523409905482
main,GADW,1983,0.2130256902051597,0.3532337556241941,0.49501833900506714
main,GADW,1984,0.21397400988849347,0.36603672147202015,0.5104822376436766
main,GADW,1985,0.21407200753893263,0.37478129818572226,0.5228076674005878
main,GADW,1986,0.21921166082363397,0.38051378732313446,0.5312592362809527
main,GADW,1987,0.2243385875698253,0.3842468438326103,0.5341087549365275
main,GADW,1988,0.22986594086758705,0.3861942200469743,0.5335781969223307
main,GADW,1989,0.2388755728413033,0.3815388401427977,0.5289854049908066
main,GADW,1990,0.23200927640522923,0.3743524131666368,0.5172520746974668
main,GADW,1991,0.23418996552832505,0.37008728608721553,0.4977995083559298
main,GADW,1992,0.22968882298949572,0.3659036237983253,0.4970875692257063
main,GADW,1993,0.22731623047577298,0.35569415482681094,0.48235170471050703
main,GADW,1994,0.21500997267856778,0.34311475093800753,0.4797359193947555
main,GADW,1995,0.2056432924949416,0.3374743685617244,0.467153095342969
main,GADW,1996,0.1984252746707365,0.331117773228762,0.4480589831481801
main,GADW,1997,0.19683709869920807,0.3235415785982066,0.4431017013937254
main,GADW,1998,0.1955473540083045,0.3161875735923861,0.43886405128198336
main,GADW,1999,0.19213446934974007,0.3096122090599881,0.4241351538136606
main,GADW,2000,0.19427945055812318,0.304838133521444,0.41666088745755275
main,GADW,2001,0.19457381720610667,0.3024719241895616,0.4084827741846551
main,GADW,2002,0.1885961460583487,0.30199926191514376,0.4032716319872541
main,GADW,2003,0.18680776443427982,0.301379454571713,0.396573185224878
main,GADW,2004,0.18268504858316098,0.30033082536802486,0.39778854082023246
main,GADW,2005,0.18403682782819708,0.2994185680725694,0.3987145238902779
main,GADW,2006,0.189627935367997,0.30045772270717686,0.3996981337691008
main,GADW,2007,0.1885110960488992,0.2979185033771613,0.40211450253362324
main,GADW,2008,0.18719741353261027,0.2962203362863671,0.40425579354232544
main,GADW,2009,0.1848866349552214,0.2975581915702137,0.4100588788272215
main,GADW,2010,0.18379981638739856,0.2955741830024754,0.41681107249532334
main,GADW,2011,0.1818936121300818,0.295465283854465,0.4215902369965505
main,GADW,2012,0.1816604189297948,0.29725282611828663,0.4273705381745395
main,GADW,2013,0.17975314342784543,0.2977679394825221,0.43500311785203694
main,GADW,2014,0.17722394371641975,0.29797636648153936,0.43917750641946374
main,GADW,2015,0.17320174753808615,0.2997383515657225,0.4382224888568271
main,GADW,2016,0.17171062070069687,0.30597315743954223,0.43806362076818534
main,GADW,2017,0.16470644007546373,0.3081378252958472,0.448193897858656
main,GADW,2018,0.16386080169927192,0.31651443836265203,0.4621463508726318
main,GADW,2019,0.16472611410330543,0.3252814898038663,0.47925153888879385
main,GADW,2022,0.1509245715913153,0.341765101194414,0.536391302863255
main,GADW,2023,0.1501712071987364,0.3525168423689552,0.5521724018525334
main,GADW,2024,0.1353455615459644,0.366881519217059,0.5673129885760713
main,GADW,2025,0.11210234132612906,0.3800795292554828,0.60361306695955
main,GADW,2026,0.08967813997603781,0.39270101123862644,0.636928108588157
main,NSHO,1956,0.48187113650633806,0.6004036734331117,0.7388682671984018
main,NSHO,1957,0.48838286405965375,0.6037502645883372,0.7393712378714785
main,NSHO,1958,0.4955848964945746,0.6078455820423958,0.7395732825257565
main,NSHO,1959,0.503041572871362,0.6117307314590494,0.7398261077108532
main,NSHO,1960,0.5097960690250547,0.614727434323984,0.7411807146697604
main,NSHO,1961,0.5154524845077976,0.6183268476897141,0.7425351164456586
main,NSHO,1962,0.5210068523526694,0.6214772503005779,0.7438904078559871
main,NSHO,1963,0.5261712610598793,0.6251902867477922,0.7452837493553419
main,NSHO,1964,0.5305053586087727,0.62862344637311,0.7466763222537505
main,NSHO,1965,0.5354779203293503,0.6315984898717988,0.7479102065369292
main,NSHO,1966,0.5406735748676578,0.6356350045961063,0.7489129063830007
main,NSHO,1967,0.5458691995242086,0.638423956791291,0.7499144645856276
main,NSHO,1968,0.5510645115381554,0.6412389034844199,0.7509145690927845
main,NSHO,1969,0.5562591884499737,0.6447705077224402,0.751912890818442
main,NSHO,1970,0.5614528844545558,0.6485885572206767,0.7529090961652087
main,NSHO,1971,0.5661451420292076,0.6511638346275934,0.753902860737429
main,NSHO,1972,0.5707845846551469,0.6548956387561398,0.7548938835384886
main,NSHO,1973,0.5762193984519403,0.6580544743756416,0.7558819009064872
main,NSHO,1974,0.5822111408947982,0.6612760685433854,0.7568666994450333
main,NSHO,1975,0.5873951822255288,0.6643670949260635,0.7578481272509434
main,NSHO,1976,0.5925534058663949,0.6678985471291461,0.7588261028255605
main,NSHO,1977,0.5976935578192297,0.671114493250593,0.759800621176276
main,NSHO,1978,0.6028623760468739,0.6746360976417151,0.7607717567625026
main,NSHO,1979,0.6096166265097009,0.6773018634559944,0.7617396631070383
main,NSHO,1980,0.6141064856428171,0.6814117855671262,0.7627045690696581
main,NSHO,1981,0.6175776993515478,0.684566944910509,0.7636667719545954
main,NSHO,1982,0.6210504054806831,0.6876462034353514,0.7646266277872972
main,NSHO,1983,0.6246362189567014,0.6907522251946663,0.7655845392392251
main,NSHO,1984,0.6279563252598019,0.6944724106282931,0.766540941794709
main,NSHO,1985,0.6314063295430987,0.6978333588829959,0.7674962888349002
main,NSHO,1986,0.6344793817152936,0.7010381933737243,0.7695878387681754
main,NSHO,1987,0.637513431587828,0.7051352340648505,0.7725484975800223
main,NSHO,1988,0.6405489909830013,0.7089105017701027,0.7774269781692549
main,NSHO,1989,0.6434936496483046,0.7120527554729887,0.7829548892171831
main,NSHO,1990,0.6466028618769872,0.7149862164910036,0.7860634925051805
main,NSHO,1991,0.6496226030936325,0.718900341818562,0.7903733532844872
main,NSHO,1992,0.6516078185273391,0.722889122842815,0.7953941600452934
main,NSHO,1993,0.6549827307311109,0.726257640992028,0.7992929339220043
main,NSHO,1994,0.6581175800441106,0.7295677837002256,0.8002161853329819
main,NSHO,1995,0.6606023684266882,0.7333015038540023,0.8013141040914574
main,NSHO,1996,0.6615826982525561,0.7365456553678182,0.804411560759801
main,NSHO,1997,0.6636359016991685,0.7397680625495475,0.8085382891577063
main,NSHO,1998,0.666791791930168,0.7430137320876292,0.8138147360988119
main,NSHO,1999,0.6701975044214529,0.7462336838857924,0.8193720773619435
main,NSHO,2000,0.670809141136189,0.7495197241511518,0.8239618378747524
main,NSHO,2001,0.6735569003851983,0.7533503515414757,0.8294277446345895
main,NSHO,2002,0.6768522796339456,0.7573086444815864,0.835383618357664
main,NSHO,2003,0.6800908993699079,0.7613234181641633,0.8413377830058776
main,NSHO,2004,0.6820240001519362,0.7645998399092051,0.8476651458703016
main,NSHO,2005,0.6825420338210735,0.767539714521762,0.8539322689640213
main,NSHO,2006,0.6824355932454869,0.7711570098397129,0.8599517527034573
main,NSHO,2007,0.6823295390102191,0.7748429346558403,0.8660969626723614
main,NSHO,2008,0.6822236921439636,0.7786777927113171,0.8709040349774965
main,NSHO,2009,0.6821179206449206,0.7822866999778828,0.8766063806444528
main,NSHO,2010,0.6820121434497205,0.7854495721979293,0.8832661793551648
main,NSHO,2011,0.6819063296451635,0.7892094535915828,0.8899265932348692
main,NSHO,2012,0.6818004932627417,0.7925230677359076,0.8965878606103557
main,NSHO,2013,0.6821352220228858,0.7957709710310323,0.9032501817691778
main,NSHO,2014,0.6827714152385898,0.7989008584114359,0.9099137127342187
main,NSHO,2015,0.6833656423240075,0.8022673131334359,0.9165785604387753
main,NSHO,2016,0.6839355274494285,0.8059613893097519,0.9232447796088175
main,NSHO,2017,0.6850756048644187,0.8094219416118029,0.9298696400834864
main,NSHO,2018,0.6865736863212848,0.8133908792960477,0.9366240555843386
main,NSHO,2019,0.6880705564506137,0.8170042290100541,0.9428598106219636
main,NSHO,2022,0.6925502827478527,0.8264904948203047,0.9614975230342809
main,NSHO,2023,0.6940198348230944,0.8299874227776092,0.9678747197109772
main,NSHO,2024,0.6954890499314912,0.8333177085521062,0.9742520446430691
main,NSHO,2025,0.6960795450149515,0.837344315310607,0.9806294398557217
main,NSHO,2026,0.696584628868538,0.8405420122693426,0.9870068623721124
main,CANV,1956,-1.6047948038438976e-4,0.2410701851091629,0.5118765311555402
main,CANV,1957,0.026000367186773295,0.24218321908830046,0.4895535539603766
main,CANV,1958,0.05091161954390626,0.2503014565474512,0.4632623615526681
main,CANV,1959,0.08032125826370765,0.25353235998865875,0.4405418027996102
main,CANV,1960,0.09219038178243033,0.26171127002763994,0.4360153587231809
main,CANV,1961,0.10458942656932155,0.2643917662202027,0.42522194120159795
main,CANV,1962,0.10719535118420899,0.26796888683825915,0.41980766956938553
main,CANV,1963,0.11238886131686718,0.2675439011778552,0.4213037047723176
main,CANV,1964,0.11718244854677848,0.26844161926308885,0.42473441097279263
main,CANV,1965,0.11482796872757794,0.2700655718023163,0.4168847734907445
main,CANV,1966,0.11010900311335331,0.264612888950734,0.4055610512416434
main,CANV,1967,0.10874737100609647,0.2578101849810579,0.40419837918111146
main,CANV,1968,0.10922229060670738,0.2532381939479613,0.39814415998710173
main,CANV,1969,0.1102775240450117,0.24836127919588907,0.38520240861437616
main,CANV,1970,0.10982793351549336,0.24064339039404112,0.37203348656977847
main,CANV,1971,0.11349713872375974,0.23187290773446984,0.3592859640231446
main,CANV,1972,0.11334330728582924,0.22405456257504042,0.3517494242664342
main,CANV,1973,0.1108245958974291,0.21661233406531855,0.3454385381624414
main,CANV,1974,0.10555714357438235,0.2140282071082327,0.3419697080024004
main,CANV,1975,0.09349495473866032,0.2067069019194654,0.3433409322896644
main,CANV,1976,0.08328543675314093,0.20680471649093563,0.34077407118876546
main,CANV,1977,0.07491376835078212,0.20664709541865695,0.33709598585556183
main,CANV,1978,0.07413956178598408,0.20986944637764818,0.3414716127884162
main,CANV,1979,0.0718238782490942,0.21520239874498223,0.34468199302468816
main,CANV,1980,0.0767822479720401,0.2215521312167046,0.35455919359095234
main,CANV,1981,0.09165137849456212,0.2290951775221854,0.36527602866236475
main,CANV,1982,0.10785264309063622,0.24040138763586083,0.37116343189254225
main,CANV,1983,0.12426735381586047,0.2514653162483751,0.3887949141026984
main,CANV,1984,0.14275309840835182,0.2683335234413561,0.40366984709456116
main,CANV,1985,0.1576197184337753,0.28852481724659934,0.42098466361800224
main,CANV,1986,0.1725242824024759,0.30742129896970743,0.4428397503206437
main,CANV,1987,0.1923958124085947,0.3293171958464674,0.4564715518830281
main,CANV,1988,0.22037027370253037,0.3502778076062406,0.4686899182168477
main,CANV,1989,0.24428221839177222,0.37117607784701867,0.4927382251444412
main,CANV,1990,0.2616343028656458,0.39469461924131877,0.5247654341376559
main,CANV,1991,0.28847626514830604,0.4159117390257297,0.5518900872428206
main,CANV,1992,0.30822063268547917,0.43527466941069703,0.5693606904976762
main,CANV,1993,0.3254610450697031,0.45516954294912626,0.5910646857286362
main,CANV,1994,0.34389533150970447,0.47365734196939635,0.6085459431616034
main,CANV,1995,0.36920611191038344,0.493725019857989,0.6253188768089823
main,CANV,1996,0.3883252810503617,0.5143272721557166,0.6456589441391005
main,CANV,1997,0.4026529055761194,0.5312963897608854,0.6656001236772375
main,CANV,1998,0.41988524731521526,0.5489051262404248,0.6853339620485608
main,CANV,1999,0.4369853195289133,0.5653587365441399,0.7032907404017307
main,CANV,2000,0.45352086071422315,0.5813750932543864,0.720401077226712
main,CANV,2001,0.4648040479695672,0.5967367420086074,0.733324406852897
main,CANV,2002,0.47209646790182935,0.6113239840334657,0.748101532683879
main,CANV,2003,0.4726464348199692,0.6204486986960989,0.7608337002243803
main,CANV,2004,0.47813792276147804,0.6277314968977226,0.7727358728044872
main,CANV,2005,0.4837424452410111,0.6343508727006733,0.7787700959432581
main,CANV,2006,0.4887200204516837,0.6435423192943309,0.7837766489873932
main,CANV,2007,0.4911319912272277,0.6462233579661947,0.788822468612776
main,CANV,2008,0.49547329820353475,0.646879976343847,0.7904502033775012
main,CANV,2009,0.50164909506147,0.6469488094303647,0.7883366290729321
main,CANV,2010,0.501961949877393,0.6489437996497973,0.7887450198795993
main,CANV,2011,0.49380888731970607,0.6428799473281344,0.7912561774003182
main,CANV,2012,0.48795920895603606,0.6386035575623992,0.7869454026359929
main,CANV,2013,0.4826365200136299,0.6330097575981994,0.787123709884928
main,CANV,2014,0.4637780087533988,0.6283916662226519,0.7848548496957359
main,CANV,2015,0.4529755088946308,0.6203195456308517,0.7846677198975596
main,CANV,2016,0.4397450563798268,0.6086651835074626,0.781228558751262
main,CANV,2017,0.41352672236624455,0.59676943215793,0.7774841835690784
main,CANV,2018,0.3817122994867308,0.5801906026971189,0.7844074612152516
main,CANV,2019,0.35316949892730065,0.5724006290840776,0.79460661437241
main,CANV,2022,0.26348576389472045,0.5247582396473395,0.8156933658599861
main,CANV,2023,0.21766094427811772,0.5050380355218211,0.8287746902650455
main,CANV,2024,0.173315513802164,0.49423320265143333,0.8279737897946973
main,CANV,2025,0.13198744147809394,0.4745133263818665,0.837644484562108
main,CANV,2026,0.08673383201814058,0.45941701694601894,0.8520499490179885
trend_x2,MALL,1956,0.2071317400522062,0.3824641088320302,0.5561481015809326
trend_x2,MALL,1957,0.26613689925139694,0.4090446273776027,0.5468788919842762
trend_x2,MALL,1958,0.31451090483800703,0.43162022578404824,0.5458309749921326
trend_x2,MALL,1959,0.3578462725079874,0.4553355216184559,0.5497982190295125
trend_x2,MALL,1960,0.39036029886041707,0.47289137723246155,0.5611373882073429
trend_x2,MALL,1961,0.40906946277307155,0.48686917918616635,0.5764786629132357
trend_x2,MALL,1962,0.41482975553515244,0.5007022575212678,0.5889406276673739
trend_x2,MALL,1963,0.41049647654812377,0.5006279155092854,0.5961934027545379
trend_x2,MALL,1964,0.3986050626904144,0.49557626709174263,0.5969494785546411
trend_x2,MALL,1965,0.3832560985347807,0.4842008113163278,0.5872278683100323
trend_x2,MALL,1966,0.3691628588668586,0.46615106483668284,0.5636042233509588
trend_x2,MALL,1967,0.3489431883707217,0.4373216937709129,0.5298407210435696
trend_x2,MALL,1968,0.31892188056631454,0.40680458066715114,0.4939742616725513
trend_x2,MALL,1969,0.28758515570982945,0.37349392776981793,0.4511610787713169
trend_x2,MALL,1970,0.25238153355198534,0.33870737153619257,0.4048072579984774
trend_x2,MALL,1971,0.2203070852844613,0.3030421556446153,0.3746138081130344
trend_x2,MALL,1972,0.18788754849827893,0.26797210227193835,0.35214195863493825
trend_x2,MALL,1973,0.15419640965321924,0.23610836753201914,0.32162449712630226
trend_x2,MALL,1974,0.12464544283627389,0.2079633773044462,0.2902050221474274
trend_x2,MALL,1975,0.09891253098536823,0.1873331349922692,0.2721169510142192
trend_x2,MALL,1976,0.08209931485715263,0.1744842909096863,0.26406868611255263
trend_x2,MALL,1977,0.07382159460928725,0.16946258190586722,0.26001147060654817
trend_x2,MALL,1978,0.07384235893083077,0.17375856204580215,0.25787070289446
trend_x2,MALL,1979,0.08462903121172678,0.18371388304486488,0.26038338032867814
trend_x2,MALL,1980,0.10607179078567144,0.19888457556603537,0.272200854749432
trend_x2,MALL,1981,0.1291884522701402,0.21856412376255616,0.29130838566659634
trend_x2,MALL,1982,0.15633046689313768,0.240673079357353,0.3150742519817954
trend_x2,MALL,1983,0.1812348135879797,0.26376922536409964,0.34827087336170837
trend_x2,MALL,1984,0.19877380760276298,0.28661062928227476,0.3787651319003298
trend_x2,MALL,1985,0.2176559681920544,0.30951180925386224,0.4052589071613295
trend_x2,MALL,1986,0.23344098933157334,0.3295046415698022,0.4258754717996973
trend_x2,MALL,1987,0.25237948308384905,0.34576071171232564,0.4382362363998969
trend_x2,MALL,1988,0.26466692542174275,0.35677009518093916,0.45056876045530453
trend_x2,MALL,1989,0.27128323881443206,0.364128242160448,0.4580696587147578
trend_x2,MALL,1990,0.27323949644135404,0.3659105304297956,0.45844798348352056
trend_x2,MALL,1991,0.26759720063211934,0.3583249227524693,0.4487640363809928
trend_x2,MALL,1992,0.26298649057568313,0.3497298854487034,0.4400081536185631
trend_x2,MALL,1993,0.25336506082933363,0.3355423990455107,0.42462891860299445
trend_x2,MALL,1994,0.23939900090613705,0.31749589154575203,0.40520270178586004
trend_x2,MALL,1995,0.223646244078711,0.2990990321377355,0.3847692116759137
trend_x2,MALL,1996,0.20295881529713494,0.2822443024177179,0.36588611434397156
trend_x2,MALL,1997,0.18570676727982013,0.2634074035838698,0.34776028257120567
trend_x2,MALL,1998,0.1813805975956444,0.24490224112917736,0.3276961734987989
trend_x2,MALL,1999,0.1646108005714344,0.23018752927698782,0.3091897026599172
trend_x2,MALL,2000,0.14971875611054727,0.22102657915079313,0.2954420244671156
trend_x2,MALL,2001,0.14295390419127044,0.21661925032686863,0.2880702859488319
trend_x2,MALL,2002,0.14280280656601482,0.21148429093429355,0.2859354105444558
trend_x2,MALL,2003,0.14299556869809738,0.21345455216161996,0.29191640231097304
trend_x2,MALL,2004,0.15081955751571696,0.2206569306230346,0.30009706596874763
trend_x2,MALL,2005,0.15931012570977193,0.23012373978884101,0.30972719528828946
trend_x2,MALL,2006,0.16972212284384564,0.24117100023249663,0.32330995644551
trend_x2,MALL,2007,0.1804360435550445,0.2538932976684504,0.3359311682632083
trend_x2,MALL,2008,0.18777493451262378,0.2676266285496367,0.34738852790335706
trend_x2,MALL,2009,0.20124351110498356,0.2823848855595036,0.3616031524190492
trend_x2,MALL,2010,0.21043781883982438,0.296993825610245,0.37946506959223114
trend_x2,MALL,2011,0.21549879168416602,0.3112168926481986,0.4021451404069373
trend_x2,MALL,2012,0.2177428635784796,0.3199011512152399,0.4229374555838765
trend_x2,MALL,2013,0.21542680978250778,0.3249550129259704,0.43777039277059393
trend_x2,MALL,2014,0.21262573904365348,0.3269342955919499,0.4465512417333561
trend_x2,MALL,2015,0.2080434936929677,0.32596897232629757,0.4490186049299284
trend_x2,MALL,2016,0.19319706363171077,0.32309907415922323,0.4443085261052613
trend_x2,MALL,2017,0.18644328648330866,0.31575854084012,0.43467627822375715
trend_x2,MALL,2018,0.17418189834988265,0.30405022207206517,0.4229073103070503
trend_x2,MALL,2019,0.16099164197341512,0.28604428456199094,0.4066134851086278
trend_x2,MALL,2022,0.059228162767979514,0.21880611377526032,0.3769672087329725
trend_x2,MALL,2023,0.008559213036728838,0.19023357202721708,0.37726313396595523
trend_x2,MALL,2024,-0.05048564298541154,0.1665843488521837,0.3729701047601328
trend_x2,MALL,2025,-0.11123620762074807,0.13693537965276859,0.3733817501271889
trend_x2,MALL,2026,-0.18194260731068373,0.10585672830338837,0.37791238629418455
trend_x2,NOPI,1956,0.6046536360386194,0.7790428061680207,0.9505058871109737
trend_x2,NOPI,1957,0.6156177889207998,0.778698366980471,0.9367993441359164
trend_x2,NOPI,1958,0.6262951361854241,0.7767357137965074,0.9237500736281241
trend_x2,NOPI,1959,0.6343504458477147,0.7779146298104407,0.9155123813812067
trend_x2,NOPI,1960,0.6503225930404234,0.778700282463042,0.9074475645185696
trend_x2,NOPI,1961,0.6623530717877859,0.7771740755506467,0.898775755008109
trend_x2,NOPI,1962,0.6687716444729088,0.7745696752680233,0.8893787655743972
trend_x2,NOPI,1963,0.6742945186276843,0.7732173015206731,0.8779810341020062
trend_x2,NOPI,1964,0.6777419510596778,0.7739791819966257,0.8704612811679018
trend_x2,NOPI,1965,0.6819432902092373,0.7762980710553319,0.8621985704486479
trend_x2,NOPI,1966,0.6852222636798213,0.7748610704601563,0.8560175333242763
trend_x2,NOPI,1967,0.6864884860885658,0.7769623440110407,0.8535088415088863
trend_x2,NOPI,1968,0.6863807812506308,0.7775112221704623,0.8518667223570111
trend_x2,NOPI,1969,0.687559943958957,0.7799607414202547,0.8538389871246497
trend_x2,NOPI,1970,0.6908268568348015,0.7809529710191772,0.8570250855404176
trend_x2,NOPI,1971,0.6894748569322751,0.7813457234644027,0.862197845243674
trend_x2,NOPI,1972,0.6828170941663638,0.7834762752088136,0.8712835749273629
trend_x2,NOPI,1973,0.685743263099368,0.7849223411745423,0.8788318642456441
trend_x2,NOPI,1974,0.6828067314080263,0.7877939728720713,0.8829089321144239
trend_x2,NOPI,1975,0.6836186147822364,0.7894591128658981,0.8910180556982081
trend_x2,NOPI,1976,0.6839011089105052,0.7920370871230659,0.9009713809605497
trend_x2,NOPI,1977,0.6846678101425347,0.7962952270236743,0.9085906858431056
trend_x2,NOPI,1978,0.690158526114242,0.7995872662083816,0.914565172268211
trend_x2,NOPI,1979,0.6963274029453799,0.8039053503842826,0.9193623989850604
trend_x2,NOPI,1980,0.700783368070531,0.8077132346977476,0.9232191442849258
trend_x2,NOPI,1981,0.7065777259204652,0.8141648429430568,0.9314318575855494
trend_x2,NOPI,1982,0.7139840834617058,0.8201059099110444,0.9376163575778063
trend_x2,NOPI,1983,0.7204184812941192,0.8272077698208133,0.9443636369520864
trend_x2,NOPI,1984,0.72723978600922,0.8328271148623214,0.9519749048141251
trend_x2,NOPI,1985,0.7346520033447752,0.8385576094494929,0.9582889131572049
trend_x2,NOPI,1986,0.7427806883195385,0.8450730671107134,0.9634065290584721
trend_x2,NOPI,1987,0.7481912240564865,0.8511140663649692,0.9711373010320868
trend_x2,NOPI,1988,0.7555668892756016,0.8588696858373401,0.9767805002477317
trend_x2,NOPI,1989,0.7637923636986921,0.8676048082831673,0.9798558825405371
trend_x2,NOPI,1990,0.769345718602323,0.8756879994434006,0.9854868079684143
trend_x2,NOPI,1991,0.779295319900771,0.884415407675911,0.9935139305881683
trend_x2,NOPI,1992,0.787875755199597,0.8909060567064864,1.0038582841941053
trend_x2,NOPI,1993,0.7951192437610471,0.900603627883176,1.0134409028474038
trend_x2,NOPI,1994,0.8055434992879726,0.9068651742294406,1.0220550997266038
trend_x2,NOPI,1995,0.8109145963185236,0.9152209191484453,1.0317396670278056
trend_x2,NOPI,1996,0.8167534566200165,0.924181046425262,1.0410993657025789
trend_x2,NOPI,1997,0.825470769798825,0.9330637692609931,1.0519982252987783
trend_x2,NOPI,1998,0.836767285584668,0.9436977535720902,1.0628037746989056
trend_x2,NOPI,1999,0.8467694228062249,0.9543342408211788,1.072827798148507
trend_x2,NOPI,2000,0.8581976850427196,0.9651193070717501,1.0823326966597784
trend_x2,NOPI,2001,0.8665898638398488,0.9749164960753065,1.0917394833362355
trend_x2,NOPI,2002,0.8734586179213896,0.9879580406242798,1.1058409890699257
trend_x2,NOPI,2003,0.8759118375653538,0.9988738910393895,1.1222568180846655
trend_x2,NOPI,2004,0.876550969444244,1.0099463342399386,1.133798233041211
trend_x2,NOPI,2005,0.8815633690283473,1.0242293252653218,1.151712171987441
trend_x2,NOPI,2006,0.88533682643539,1.0336050869571736,1.1637004678548502
trend_x2,NOPI,2007,0.892444934599115,1.0477574648374373,1.1819932415245928
trend_x2,NOPI,2008,0.9030917470156175,1.0582084587492058,1.2029732706163738
trend_x2,NOPI,2009,0.9108404215692448,1.0735425758080734,1.2189077300901556
trend_x2,NOPI,2010,0.9153212102958139,1.0876013714499149,1.2342915606345575
trend_x2,NOPI,2011,0.9177701437781343,1.1003539489820973,1.2546507630583523
trend_x2,NOPI,2012,0.92400138575336,1.112995876949026,1.2759552431811096
trend_x2,NOPI,2013,0.927440783018938,1.12634323191826,1.2962504091601326
trend_x2,NOPI,2014,0.9261579526741265,1.135919479068333,1.3140991410859935
trend_x2,NOPI,2015,0.9290533700249413,1.1481380536909276,1.3318531155569353
trend_x2,NOPI,2016,0.9242113165976977,1.159206405440791,1.352289724632084
trend_x2,NOPI,2017,0.921135374785435,1.170932586106224,1.378417218758106
trend_x2,NOPI,2018,0.918134161571712,1.1838595514343229,1.4023710888044123
trend_x2,NOPI,2019,0.9152193135995419,1.1938823133240841,1.4315372847497212
trend_x2,NOPI,2022,0.8920388304982554,1.2286184039443757,1.5035771420723414
trend_x2,NOPI,2023,0.8868415812513852,1.2396316299179035,1.5306548745348287
trend_x2,NOPI,2024,0.8874159995183242,1.2523787944489293,1.5625023550275405
trend_x2,NOPI,2025,0.8867169882321886,1.2646923014101006,1.5955003750536605
trend_x2,NOPI,2026,0.8860460390570575,1.2747763301001194,1.6285357242139664
trend_x2,BWTE,1956,-0.023477342161248586,0.25438107146071653,0.5753196511261981
trend_x2,BWTE,1957,0.06408903521681032,0.30510788189001553,0.5663877443167014
trend_x2,BWTE,1958,0.15106452274462207,0.35030617198082215,0.5748017647666814
trend_x2,BWTE,1959,0.23003548528915196,0.3965904318363731,0.5876587934078181
trend_x2,BWTE,1960,0.29597840713003665,0.4431136521661446,0.5952431733444696
trend_x2,BWTE,1961,0.34475729545886996,0.48171697164265304,0.6198431272484731
trend_x2,BWTE,1962,0.386914156317101,0.5158535229939318,0.6522653314532689
trend_x2,BWTE,1963,0.4022796501550189,0.5471405737354866,0.6840671278314869
trend_x2,BWTE,1964,0.41879803315518216,0.5730821662162471,0.7134557730471532
trend_x2,BWTE,1965,0.42785941530003424,0.5932602109485566,0.7427000231742584
trend_x2,BWTE,1966,0.4214881170590906,0.6022237645103885,0.7498017197672759
trend_x2,BWTE,1967,0.426706892255741,0.6069580515802839,0.7566950769690992
trend_x2,BWTE,1968,0.42117571446729685,0.6055215793065193,0.7476614203193344
trend_x2,BWTE,1969,0.40681140294991547,0.59185573311169,0.7311904489344486
trend_x2,BWTE,1970,0.39719541405972364,0.5738688304514289,0.7052104945287004
trend_x2,BWTE,1971,0.3801571254448414,0.5515862360455439,0.6792173854815922
trend_x2,BWTE,1972,0.3606164408907643,0.5205460100739632,0.652026449891036
trend_x2,BWTE,1973,0.32666818346161475,0.49304088589607464,0.6125859934791211
trend_x2,BWTE,1974,0.3126122256730608,0.4626692372497908,0.5757912517377947
trend_x2,BWTE,1975,0.28825774498159373,0.4307128192408054,0.5432593525291934
trend_x2,BWTE,1976,0.25834812491776554,0.3970605313108849,0.5272238548716484
trend_x2,BWTE,1977,0.21785841400668515,0.3657704824153029,0.5026568658062958
trend_x2,BWTE,1978,0.19537337671017838,0.34451314593564053,0.47537703246252855
trend_x2,BWTE,1979,0.1709210002213442,0.3262508716981256,0.46089723075852973
trend_x2,BWTE,1980,0.15486472954425623,0.3136204299483134,0.4578316500543213
trend_x2,BWTE,1981,0.1560237702719318,0.3130107208603411,0.4719353730621136
trend_x2,BWTE,1982,0.1529182068306676,0.3157635030084961,0.48866939313697766
trend_x2,BWTE,1983,0.16602287602653176,0.3280063972072837,0.48918453248257243
trend_x2,BWTE,1984,0.19934409690800692,0.3441104076126825,0.5009324209180895
trend_x2,BWTE,1985,0.22985817083802088,0.36684065314477765,0.531251551548257
trend_x2,BWTE,1986,0.26618194848257304,0.3999460124373949,0.5600532303391895
trend_x2,BWTE,1987,0.29174069728059293,0.42999498349957577,0.5845828142558205
trend_x2,BWTE,1988,0.3163663518866475,0.4641749033239457,0.6154180656564349
trend_x2,BWTE,1989,0.34759220436213845,0.5003618714960568,0.6527581870088441
trend_x2,BWTE,1990,0.3843922967276385,0.5313085461864174,0.6900816967772694
trend_x2,BWTE,1991,0.4078268133849765,0.559924157795155,0.7224441342722854
trend_x2,BWTE,1992,0.41662515002125156,0.5873649653348343,0.7533225827429872
trend_x2,BWTE,1993,0.4303588051071683,0.6046112633000407,0.7893776209404568
trend_x2,BWTE,1994,0.43102410026354265,0.6125512119421912,0.8068717063728398
trend_x2,BWTE,1995,0.44778788599309666,0.6203401173303007,0.8211192092323951
trend_x2,BWTE,1996,0.4553426001089827,0.6243098460799121,0.8187692806205322
trend_x2,BWTE,1997,0.4629908475345945,0.6219629643364855,0.8027366452108933
trend_x2,BWTE,1998,0.4711701392027491,0.6161071315738647,0.7842024605705471
trend_x2,BWTE,1999,0.48344350154813365,0.6092796874955327,0.7502896518122604
trend_x2,BWTE,2000,0.48272520766244165,0.5978815781498431,0.7252025296148252
trend_x2,BWTE,2001,0.4736658346106246,0.5882657161730132,0.7130953719997701
trend_x2,BWTE,2002,0.44991932985026,0.5772361597955618,0.7102389554743582
trend_x2,BWTE,2003,0.44003056214245584,0.5698850337717667,0.7154116627840763
trend_x2,BWTE,2004,0.4351180876759905,0.5656547249318706,0.7209621285082031
trend_x2,BWTE,2005,0.4335654902299818,0.570292278928231,0.7281076486637467
trend_x2,BWTE,2006,0.4417916827809784,0.5809387290978412,0.7385800826331643
trend_x2,BWTE,2007,0.4655331549188727,0.5942889740686215,0.7587178975621529
trend_x2,BWTE,2008,0.49275246070682754,0.6217805202246964,0.7662837245537533
trend_x2,BWTE,2009,0.5219442226220653,0.6449489790234628,0.7908869207259146
trend_x2,BWTE,2010,0.5476309206833289,0.6680386747861795,0.8278803869129574
trend_x2,BWTE,2011,0.5775384760623372,0.6981354143189381,0.8796082596154366
trend_x2,BWTE,2012,0.5911392456536011,0.7277667015294355,0.9297642095005767
trend_x2,BWTE,2013,0.6031731399003004,0.7528835661441822,0.9832523535964062
trend_x2,BWTE,2014,0.6006842566059971,0.7744574636367585,1.0236677364385467
trend_x2,BWTE,2015,0.6018557087716643,0.7872563514180473,1.0566975522478
trend_x2,BWTE,2016,0.5995167137304507,0.7935148906659464,1.065862913552377
trend_x2,BWTE,2017,0.5888929683174977,0.7956469647601845,1.0531583779302207
trend_x2,BWTE,2018,0.5746014349307209,0.7878753968114491,1.0293689176681116
trend_x2,BWTE,2019,0.5483659226340925,0.7766274513713173,1.0119887833313856
trend_x2,BWTE,2022,0.37895798265339803,0.6830579227801217,0.9273134780669314
trend_x2,BWTE,2023,0.29116938637617784,0.636684314281728,0.9146262381918109
trend_x2,BWTE,2024,0.1895742815863713,0.5979469018956451,0.9328016185708952
trend_x2,BWTE,2025,0.0637008735463918,0.5502216348924773,0.9506291751914926
trend_x2,BWTE,2026,-0.06370691853465198,0.5060602596544794,0.9670836962364286
trend_x2,GADW,1956,-0.020469395408584865,0.4513142854587613,0.8779814385136677
trend_x2,GADW,1957,0.01609653759032476,0.42896638386150565,0.8081918771638673
trend_x2,GADW,1958,0.045218976693895824,0.41035474841713815,0.7411636141883977
trend_x2,GADW,1959,0.08607544980696784,0.3960481689864366,0.6748697199212279
trend_x2,GADW,1960,0.1238535445878068,0.37367074251726806,0.6098515136503496
trend_x2,GADW,1961,0.15381811181757848,0.3610838896692697,0.5389296421889169
trend_x2,GADW,1962,0.17609084518259246,0.3425109654514006,0.48939924378571986
trend_x2,GADW,1963,0.18393151531609064,0.322189346152787,0.4570111485452175
trend_x2,GADW,1964,0.16546290626558346,0.3047817923598049,0.43973414580170667
trend_x2,GADW,1965,0.1530626200430773,0.2913507521810025,0.43001441512099026
trend_x2,GADW,1966,0.12135693775179114,0.2803397079653878,0.435313653420241
trend_x2,GADW,1967,0.09058147696371902,0.2669293719028163,0.4461964740188413
trend_x2,GADW,1968,0.05734460243062563,0.25428520111681585,0.45564294557189167
trend_x2,GADW,1969,0.03210129539872227,0.2463106232975577,0.45951378740295334
trend_x2,GADW,1970,0.019590110786308085,0.23884155686965594,0.46094987653776087
trend_x2,GADW,1971,0.016466532952280916,0.23771004819434433,0.46260602334436907
trend_x2,GADW,1972,0.020450031233500487,0.2368038835412438,0.4619634213981061
trend_x2,GADW,1973,0.030216556485004705,0.2366644511644299,0.450534277803179
trend_x2,GADW,1974,0.05109298605043888,0.23844385808083723,0.43811364835794764
trend_x2,GADW,1975,0.0810397053983832,0.24771494778826036,0.4259567661426982
trend_x2,GADW,1976,0.11818541132090118,0.2534731591623016,0.41305455371063954
trend_x2,GADW,1977,0.1481697416228968,0.26616572032787483,0.40481025596341064
trend_x2,GADW,1978,0.17756120459018537,0.27634531911400007,0.3911081150922314
trend_x2,GADW,1979,0.19032603523733083,0.2860465977707035,0.3952281732123386
trend_x2,GADW,1980,0.1910622973568413,0.2970725877241188,0.42684212247873277
trend_x2,GADW,1981,0.18645662422921894,0.30458760397346696,0.4700212912296426
trend_x2,GADW,1982,0.17108007068219044,0.3169513087323263,0.5090317845290331
trend_x2,GADW,1983,0.1651360879715285,0.32442099669077956,0.538775017973016
trend_x2,GADW,1984,0.15223090421336982,0.33404063053013083,0.5682453817611448
trend_x2,GADW,1985,0.14921004654367565,0.3403426917696918,0.5902736278399687
trend_x2,GADW,1986,0.14870727943108997,0.34762354495040415,0.5981356155494509
trend_x2,GADW,1987,0.15125359340028172,0.34967810830504853,0.5960337615803835
trend_x2,GADW,1988,0.1590549100305063,0.3510856730226068,0.5869998648740428
trend_x2,GADW,1989,0.17115628411712197,0.35485989025024656,0.5733708844816245
trend_x2,GADW,1990,0.18678518471015587,0.35544805273208613,0.5552180232196823
trend_x2,GADW,1991,0.20357280810362394,0.3542536691189524,0.5316255779651915
trend_x2,GADW,1992,0.2204992042921876,0.34690909468813735,0.49933967368624155
trend_x2,GADW,1993,0.22580968156336248,0.34480068633710137,0.4757684172676211
trend_x2,GADW,1994,0.22669961121980023,0.3408112408248334,0.46864971527790955
trend_x2,GADW,1995,0.2213321383908686,0.3385094235144377,0.447284169656739
trend_x2,GADW,1996,0.21795956557704094,0.3347275601529701,0.4366123272547347
trend_x2,GADW,1997,0.20695781791981271,0.3293166327222087,0.43253125638250245
trend_x2,GADW,1998,0.2038182513826889,0.3226571662378863,0.4318650379437471
trend_x2,GADW,1999,0.20226037102970512,0.32082717703766805,0.42748161271223606
trend_x2,GADW,2000,0.19898486000069987,0.31714925611042594,0.42431359168182586
trend_x2,GADW,2001,0.19588646286561395,0.3112167794763939,0.42204275580764583
trend_x2,GADW,2002,0.20001275254223017,0.3105484427676146,0.4238021728899982
trend_x2,GADW,2003,0.19751380462869306,0.30762990689141545,0.4206333461701236
trend_x2,GADW,2004,0.19228611802335066,0.30597704756244093,0.41983493454448917
trend_x2,GADW,2005,0.1917135686581872,0.3044352100210931,0.4160554934476913
trend_x2,GADW,2006,0.19019658973428044,0.30675675307668704,0.41947488553589685
trend_x2,GADW,2007,0.188356335532382,0.30344612134027943,0.41606518043650575
trend_x2,GADW,2008,0.18938009374479303,0.30564672253172087,0.4147572603268057
trend_x2,GADW,2009,0.18990692272807122,0.3060887578099529,0.4193876955282939
trend_x2,GADW,2010,0.18762950780419455,0.3051466005091846,0.41302271554693765
trend_x2,GADW,2011,0.1768950879095805,0.30440168799908524,0.42127843602466797
trend_x2,GADW,2012,0.17118962589789338,0.30420136866235276,0.42841842518050344
trend_x2,GADW,2013,0.16365146842414352,0.3050575129566119,0.4328311600597568
trend_x2,GADW,2014,0.164522708554516,0.3039832143022929,0.43342888644429933
trend_x2,GADW,2015,0.16350213519867943,0.30588670396797435,0.436661465590239
trend_x2,GADW,2016,0.1587448672980271,0.30651863227118403,0.44301679702468244
trend_x2,GADW,2017,0.15995396046017066,0.3058180393590817,0.44717427085796757
trend_x2,GADW,2018,0.15687903108304624,0.30850217675995273,0.4534935923675726
trend_x2,GADW,2019,0.15485772768722345,0.31239699929323084,0.4603660868146341
trend_x2,GADW,2022,0.1146696120267943,0.3150887929668199,0.517717717187815
trend_x2,GADW,2023,0.09694203412374561,0.3213458062007998,0.5406053045292358
trend_x2,GADW,2024,0.07339390885214349,0.3261810816324127,0.5762671865749994
trend_x2,GADW,2025,0.05216839037324257,0.33009122759398324,0.6106393699314298
trend_x2,GADW,2026,0.031080351462952592,0.33375331310987444,0.6446872002649158
trend_x2,NSHO,1956,0.5239874507486229,0.6514228549182597,0.7638829743468705
trend_x2,NSHO,1957,0.5295097588041268,0.6529358280066659,0.7633160699438184
trend_x2,NSHO,1958,0.5348643014497036,0.6558015621157267,0.762749040257958
trend_x2,NSHO,1959,0.5408304884473126,0.6576041383638906,0.7621816955095179
trend_x2,NSHO,1960,0.5467965194362121,0.6603610031960537,0.7616137897778418
trend_x2,NSHO,1961,0.552317981554258,0.6627891645266608,0.7610450460401686
trend_x2,NSHO,1962,0.5577138760473992,0.6645644601457255,0.760475179102357
trend_x2,NSHO,1963,0.5630976705617587,0.6663654235359191,0.7600211431641184
trend_x2,NSHO,1964,0.5680358166597989,0.6689434858564827,0.7603387651834934
trend_x2,NSHO,1965,0.5722145564565841,0.6712750802858076,0.7606644326903034
trend_x2,NSHO,1966,0.576200701510874,0.6727502979472344,0.7608786306195636
trend_x2,NSHO,1967,0.5810017577664706,0.6752981432802065,0.7607176748934013
trend_x2,NSHO,1968,0.5852262924031033,0.6773425141189473,0.7612546757989301
trend_x2,NSHO,1969,0.5901461264530995,0.679867367854929,0.761848014206605
trend_x2,NSHO,1970,0.59523009879213,0.6829743369594968,0.7636930364383367
trend_x2,NSHO,1971,0.6002801833123488,0.6854675832478967,0.76626479806329
trend_x2,NSHO,1972,0.6052997684984063,0.6872592053144826,0.7682339183634255
trend_x2,NSHO,1973,0.60943472846903,0.6901372307354627,0.7695354588182368
trend_x2,NSHO,1974,0.6135710346256853,0.6928631462993662,0.7706809847120433
trend_x2,NSHO,1975,0.6177084999230535,0.6948600987366695,0.771975083522846
trend_x2,NSHO,1976,0.621846953638925,0.6968006393047741,0.7733319089603122
trend_x2,NSHO,1977,0.6256624224968335,0.6989033043257072,0.7747217721504307
trend_x2,NSHO,1978,0.6289674969141028,0.700861779156732,0.776013365643318
trend_x2,NSHO,1979,0.6325948014735725,0.7035341189389963,0.7768851335312903
trend_x2,NSHO,1980,0.6369060856846716,0.7063031686567751,0.7773821827083043
trend_x2,NSHO,1981,0.6412118845479384,0.7091584463348801,0.7777041376973688
trend_x2,NSHO,1982,0.6453285508505896,0.7117892981962617,0.7809245050185436
trend_x2,NSHO,1983,0.6482589508625993,0.7139814531527919,0.7824814038553668
trend_x2,NSHO,1984,0.6502585443442528,0.7157101360126192,0.7837757354027048
trend_x2,NSHO,1985,0.6533888646101411,0.7182618950121034,0.7856206436781321
trend_x2,NSHO,1986,0.658543305457248,0.7208614416741898,0.7879062325601129
trend_x2,NSHO,1987,0.6597807912295641,0.7245527579071307,0.7901959903760178
trend_x2,NSHO,1988,0.6620273054635868,0.7276066822720322,0.7926904494985643
trend_x2,NSHO,1989,0.6650310551250123,0.7299734964118794,0.795878931707722
trend_x2,NSHO,1990,0.6653384305745904,0.7315341834746285,0.8000497956656256
trend_x2,NSHO,1991,0.666416426533545,0.7336153239263545,0.8037606064778109
trend_x2,NSHO,1992,0.6683184132635633,0.7359793943118474,0.8058126205067873
trend_x2,NSHO,1993,0.6698845297434939,0.7382258098618546,0.8075445823767007
trend_x2,NSHO,1994,0.6706031181356051,0.7406389041379475,0.8095001617861677
trend_x2,NSHO,1995,0.6713203808494924,0.7429355902233297,0.8121665784386655
trend_x2,NSHO,1996,0.6720358205277918,0.7454603155771056,0.8148326965297082
trend_x2,NSHO,1997,0.6737230930561071,0.7472666292165115,0.8175072624012687
trend_x2,NSHO,1998,0.6754134302045258,0.7502698169710874,0.8202085873877734
trend_x2,NSHO,1999,0.6768766920900835,0.7529397128920281,0.8229103506430595
trend_x2,NSHO,2000,0.6781422550091669,0.7550250186078149,0.8265971013543103
trend_x2,NSHO,2001,0.6793565888083314,0.756435294321687,0.8316211665054508
trend_x2,NSHO,2002,0.6805212678084643,0.7592781693060839,0.8357070810602703
trend_x2,NSHO,2003,0.6813880043830275,0.7615412843737386,0.8394989368400378
trend_x2,NSHO,2004,0.6829797901545784,0.7632814439176887,0.8432899858189675
trend_x2,NSHO,2005,0.6845689881560066,0.7648087424092649,0.8468707890164885
trend_x2,NSHO,2006,0.685888653662394,0.7672659951162308,0.8509478513881108
trend_x2,NSHO,2007,0.6870046679985565,0.7693581194758414,0.8548171895614662
trend_x2,NSHO,2008,0.6869677237558764,0.7720118224763407,0.858567462193158
trend_x2,NSHO,2009,0.6862611833954348,0.7758907829706345,0.8624706497355771
trend_x2,NSHO,2010,0.685041702887581,0.7787674903457852,0.8669385334956021
trend_x2,NSHO,2011,0.6838224295067628,0.7818306038321046,0.8727295670480715
trend_x2,NSHO,2012,0.6826034251286931,0.7844769488319621,0.878547897368569
trend_x2,NSHO,2013,0.6821077351454792,0.788424028340712,0.8837480138380747
trend_x2,NSHO,2014,0.6817332543233887,0.792011009791017,0.8886370715669787
trend_x2,NSHO,2015,0.6813353175889949,0.7946309542783513,0.8935528447672162
trend_x2,NSHO,2016,0.6809364956317371,0.7970488825324606,0.8984696444336746
trend_x2,NSHO,2017,0.6805365076479601,0.7990612488918443,0.9033859358171128
trend_x2,NSHO,2018,0.6801351785994587,0.8020057909901498,0.9085287239035718
trend_x2,NSHO,2019,0.6798145692244857,0.8051983447350308,0.9146620272995005
trend_x2,NSHO,2022,0.6799492217961366,0.8143851652436256,0.9313860651801769
trend_x2,NSHO,2023,0.6799938983670928,0.816719984528842,0.9367121335214241
trend_x2,NSHO,2024,0.6800385111393993,0.8188507658384307,0.9423665463669351
trend_x2,NSHO,2025,0.6800830852506242,0.8213920858244451,0.9480210056566976
trend_x2,NSHO,2026,0.6801276430315784,0.8237286512630377,0.9536754776294394
trend_x2,CANV,1956,-0.002476414539370798,0.2505934314907582,0.48790563244469776
trend_x2,CANV,1957,0.014476689155861514,0.2595086199268388,0.4643625411245862
trend_x2,CANV,1958,0.039102991833386086,0.2619195203456714,0.4478377418784383
trend_x2,CANV,1959,0.053007784073912295,0.2680249022380794,0.43211278316741186
trend_x2,CANV,1960,0.06384874030762909,0.27557050592373,0.43153957938410004
trend_x2,CANV,1961,0.0771659982301861,0.2745325541549025,0.432482741492636
trend_x2,CANV,1962,0.08352462388532006,0.2739520988380191,0.426532670320418
trend_x2,CANV,1963,0.08215338686597265,0.27191656822905896,0.4236126903632945
trend_x2,CANV,1964,0.08030240504297821,0.26753952660982566,0.42457418499603317
trend_x2,CANV,1965,0.08513269449148506,0.26113275723765217,0.4166743506094063
trend_x2,CANV,1966,0.08526333067380648,0.25946579603643694,0.40634977497377234
trend_x2,CANV,1967,0.08715438018041552,0.2525215932736202,0.4012524476681038
trend_x2,CANV,1968,0.08927162592268342,0.24690022651091548,0.38684777486122024
trend_x2,CANV,1969,0.08371147830477513,0.2380354491709222,0.3689393936704177
trend_x2,CANV,1970,0.0795142836098777,0.225436580146251,0.3544975930596578
trend_x2,CANV,1971,0.08190220422392086,0.21714444337817898,0.3460103514295845
trend_x2,CANV,1972,0.07770335614031904,0.2111104368033696,0.3437193551434478
trend_x2,CANV,1973,0.07253415203946917,0.2072285569319306,0.3375888602134126
trend_x2,CANV,1974,0.06481787809725484,0.20298940888940276,0.3275289526766131
trend_x2,CANV,1975,0.06421034255570676,0.19991135011094147,0.32388537620937663
trend_x2,CANV,1976,0.06472936115753969,0.19770594977569872,0.33287264968525
trend_x2,CANV,1977,0.06314686693303752,0.2012960708968331,0.3312728475258616
trend_x2,CANV,1978,0.06395385495908207,0.20613066219492449,0.32769565344627605
trend_x2,CANV,1979,0.07639692526681437,0.21125581029164658,0.33129181921890916
trend_x2,CANV,1980,0.0771489507127349,0.22078757163029378,0.34384604163278965
trend_x2,CANV,1981,0.08194576365835698,0.23388531835668014,0.36292803415694946
trend_x2,CANV,1982,0.09001752343168806,0.2443140739465815,0.37783929417996504
trend_x2,CANV,1983,0.10668748018327226,0.2576369553732921,0.39834218027294965
trend_x2,CANV,1984,0.11638242787227732,0.2716213565095967,0.413394364757285
trend_x2,CANV,1985,0.13604925651447358,0.28531944473011334,0.43204804714861933
trend_x2,CANV,1986,0.15541512776070415,0.304160536750813,0.4523840448302182
trend_x2,CANV,1987,0.17579054777989267,0.32350661236509193,0.46793070917434143
trend_x2,CANV,1988,0.20228640534155462,0.3437043598569359,0.4840135256967776
trend_x2,CANV,1989,0.2273515485281855,0.3655361010191046,0.49955638932047813
trend_x2,CANV,1990,0.2478081498859392,0.3837837774940456,0.5248147029884351
trend_x2,CANV,1991,0.2696230160082841,0.4061764049173514,0.5455367590854219
trend_x2,CANV,1992,0.2913391362723945,0.42894541004100506,0.5671919111827992
trend_x2,CANV,1993,0.31493016622623726,0.4506909858196619,0.5891270427540076
trend_x2,CANV,1994,0.32989527139841357,0.4715463793331831,0.6090126924737794
trend_x2,CANV,1995,0.3468791694481975,0.4906478387752309,0.6314638348069143
trend_x2,CANV,1996,0.3662051690418471,0.514051046709226,0.6521880161815699
trend_x2,CANV,1997,0.3870415462409279,0.5294049679197589,0.6693926997286599
trend_x2,CANV,1998,0.40706368885811056,0.5465111444849895,0.6845308507424227
trend_x2,CANV,1999,0.4277973542594372,0.5636093420505873,0.6955743997053565
trend_x2,CANV,2000,0.4477211645912354,0.5819908983913906,0.7104707458022534
trend_x2,CANV,2001,0.4643337021195955,0.595950010077251,0.7255943590496879
trend_x2,CANV,2002,0.474267856055802,0.6077501602691364,0.7340959327497902
trend_x2,CANV,2003,0.4786901833293853,0.618457633488488,0.747270049843588
trend_x2,CANV,2004,0.479747136279264,0.6269565695203145,0.7583111585138326
trend_x2,CANV,2005,0.4829958611999695,0.6340175801118939,0.7677970590496079
trend_x2,CANV,2006,0.49001038369856703,0.6411717005162247,0.7694504256317198
trend_x2,CANV,2007,0.49226052320546,0.6436066753579655,0.776879715676363
trend_x2,CANV,2008,0.4880474619621559,0.643260791256981,0.7842318898017253
trend_x2,CANV,2009,0.48500298770853595,0.642944282793241,0.7911279830476188
trend_x2,CANV,2010,0.49149494268021915,0.6411757241768801,0.7934037916058779
trend_x2,CANV,2011,0.49735366746044907,0.639874876799094,0.797486950035008
trend_x2,CANV,2012,0.4920029198906603,0.6371048712705936,0.7984727219264494
trend_x2,CANV,2013,0.4886119987843978,0.6347691492972292,0.7960260076319983
trend_x2,CANV,2014,0.47785438731615437,0.6203352964051295,0.8015328284237463
trend_x2,CANV,2015,0.46152487500504713,0.6116828932567522,0.8012736482700409
trend_x2,CANV,2016,0.4490682898285213,0.6036332654675517,0.7888001740197532
trend_x2,CANV,2017,0.43063463349959863,0.5895732974207395,0.7788194884233264
trend_x2,CANV,2018,0.407978728472679,0.5771750599111878,0.7913026237272267
trend_x2,CANV,2019,0.3736021774888321,0.571313435064828,0.8088201119038544
trend_x2,CANV,2022,0.2553283650983655,0.5314440351795833,0.8533530883875005
trend_x2,CANV,2023,0.2076120544209471,0.5146439211953084,0.8685920899448212
trend_x2,CANV,2024,0.16583248474352102,0.5016398057703296,0.8902518853596847
trend_x2,CANV,2025,0.11678207068713259,0.4908167465203479,0.8964807043526458
trend_x2,CANV,2026,0.06565793869859639,0.4789019380124248,0.907114763761895
ar1_0.2,MALL,1956,0.12527863229263517,0.27476370463199207,0.43276780254090924
ar1_0.2,MALL,1957,0.19592722064623863,0.3246561164890731,0.4616777382237368
ar1_0.2,MALL,1958,0.25875982480298043,0.3705425270296909,0.48303408682800325
ar1_0.2,MALL,1959,0.31707067214460716,0.4143074788018767,0.5079029684415468
ar1_0.2,MALL,1960,0.3614865700132094,0.4516626072641008,0.5353357394214956
ar1_0.2,MALL,1961,0.3980073462345984,0.48087263060605967,0.5671225583465915
ar1_0.2,MALL,1962,0.41535113911588795,0.5033046600799865,0.5889673990869699
ar1_0.2,MALL,1963,0.421680949567094,0.517400922694773,0.6040203890973355
ar1_0.2,MALL,1964,0.42071734211908307,0.5201033551298356,0.6091271603368231
ar1_0.2,MALL,1965,0.4138808238926281,0.5110308721277743,0.6012827392922895
ar1_0.2,MALL,1966,0.40030387653163824,0.49064767870291137,0.580282364108452
ar1_0.2,MALL,1967,0.3698796513793506,0.4590736473186199,0.5438611157440096
ar1_0.2,MALL,1968,0.3366219145582031,0.4194965558968171,0.4966858169682473
ar1_0.2,MALL,1969,0.2948985480661308,0.37414090060408595,0.4467622140236216
ar1_0.2,MALL,1970,0.2502431837675365,0.32652289248542077,0.39805945877514265
ar1_0.2,MALL,1971,0.20525030398531638,0.2798254903184557,0.3499721175830997
ar1_0.2,MALL,1972,0.15328074396239927,0.23405094504299578,0.3105581773453795
ar1_0.2,MALL,1973,0.11364238591933744,0.1942206773813143,0.2740034999390907
ar1_0.2,MALL,1974,0.07594865015068647,0.16196695856437485,0.2423572634992185
ar1_0.2,MALL,1975,0.05336668912625732,0.13681931196342065,0.22240112315342397
ar1_0.2,MALL,1976,0.040429297632890396,0.12062868968168922,0.21183679324772997
ar1_0.2,MALL,1977,0.034609844638331305,0.11698459720153478,0.20359837675185816
ar1_0.2,MALL,1978,0.04074445209796985,0.12192826957898512,0.20454729356217755
ar1_0.2,MALL,1979,0.057293990215566096,0.13560895057498656,0.21625093652024396
ar1_0.2,MALL,1980,0.08221039428079718,0.15710013570492742,0.23785779987943967
ar1_0.2,MALL,1981,0.10680885705172574,0.1875375849780429,0.26784730387006295
ar1_0.2,MALL,1982,0.14167476875764762,0.21659856091549173,0.30261940427824774
ar1_0.2,MALL,1983,0.17561076981117715,0.2488162668385835,0.3367622533125487
ar1_0.2,MALL,1984,0.20396794057720113,0.2848501971005829,0.3718774540274519
ar1_0.2,MALL,1985,0.22969550219279627,0.31235746620339744,0.40244625038434545
ar1_0.2,MALL,1986,0.25161318508409347,0.33551861920552567,0.4274054076437455
ar1_0.2,MALL,1987,0.27055039458716523,0.3562924551422849,0.4455484668745501
ar1_0.2,MALL,1988,0.2846603811796683,0.3670371590819982,0.45709974995033775
ar1_0.2,MALL,1989,0.292552018614855,0.37155343312863415,0.46381002964821105
ar1_0.2,MALL,1990,0.2901470242033494,0.3704282422953573,0.46796230510304515
ar1_0.2,MALL,1991,0.2804912178989443,0.36295866562447454,0.4628648572428379
ar1_0.2,MALL,1992,0.2659830607463691,0.35164523281922927,0.4468938468547041
ar1_0.2,MALL,1993,0.24859957125265814,0.33357808288486424,0.427270082258447
ar1_0.2,MALL,1994,0.22976048507439928,0.31402713474105487,0.4038227516270818
ar1_0.2,MALL,1995,0.20867345495642214,0.28723676128197273,0.38608720456914747
ar1_0.2,MALL,1996,0.1891065640576607,0.26691345559513346,0.35945575127416834
ar1_0.2,MALL,1997,0.17292832106030637,0.24943732565160093,0.33602483091376917
ar1_0.2,MALL,1998,0.15971980811658895,0.23725736851804627,0.3183159940786223
ar1_0.2,MALL,1999,0.15329585809476526,0.22581657667385818,0.2981645881852357
ar1_0.2,MALL,2000,0.14790294144972566,0.22062229927969929,0.28778440724374155
ar1_0.2,MALL,2001,0.14368909855821974,0.21962909494679733,0.28254747686681014
ar1_0.2,MALL,2002,0.15288483305161965,0.22359128446289908,0.286067984886177
ar1_0.2,MALL,2003,0.1624883836478369,0.2296017583752027,0.2957518282903099
ar1_0.2,MALL,2004,0.17094458492372222,0.24188383405425828,0.30837759220071265
ar1_0.2,MALL,2005,0.18339664412998724,0.2540206475838115,0.3246629843529492
ar1_0.2,MALL,2006,0.1972545991700247,0.2711257491176609,0.3450933077897249
ar1_0.2,MALL,2007,0.21469328083706152,0.28730783819346717,0.3716961198522184
ar1_0.2,MALL,2008,0.22961872593503518,0.302599202745802,0.39289970669761287
ar1_0.2,MALL,2009,0.244903040870879,0.3185245541146587,0.4091804264894161
ar1_0.2,MALL,2010,0.24858609459917588,0.33492392903606,0.42856419253310796
ar1_0.2,MALL,2011,0.24713129188943997,0.3459639361447535,0.4475456355381179
ar1_0.2,MALL,2012,0.24686261969491832,0.35126702432297163,0.45636843828035967
ar1_0.2,MALL,2013,0.24186136420571042,0.3516463753400181,0.4558324023739697
ar1_0.2,MALL,2014,0.2349313093402479,0.35008506568683706,0.4642790937029811
ar1_0.2,MALL,2015,0.22557832032267744,0.3445352601531524,0.45895994964787123
ar1_0.2,MALL,2016,0.21602029841204795,0.33416201499605264,0.46097634836327606
ar1_0.2,MALL,2017,0.19593655607322355,0.3197856344456884,0.44061419786211076
ar1_0.2,MALL,2018,0.18409230973109755,0.3005114601126303,0.43063268914281955
ar1_0.2,MALL,2019,0.1638744783897653,0.28145896714182406,0.4182401028941387
ar1_0.2,MALL,2022,0.05521092488501779,0.2153083260281472,0.3967642112151675
ar1_0.2,MALL,2023,0.0023030115883722717,0.18497402213282263,0.38824135881039523
ar1_0.2,MALL,2024,-0.05441444117706547,0.15673094793243636,0.376416702130665
ar1_0.2,MALL,2025,-0.11955117666354705,0.12453424584356085,0.35886088641591435
ar1_0.2,MALL,2026,-0.18205019781584386,0.0909639462801338,0.35307349829998425
ar1_0.2,NOPI,1956,0.6145109915053362,0.7855373596156525,0.9417653033846295
ar1_0.2,NOPI,1957,0.6245307432682785,0.7852025338329838,0.93765899639591
ar1_0.2,NOPI,1958,0.6357682051848697,0.7878048837792702,0.9290290663051
ar1_0.2,NOPI,1959,0.6474700779601533,0.7866110892869689,0.9215682328528018
ar1_0.2,NOPI,1960,0.6569723568676393,0.7865068369374133,0.9109570630862477
ar1_0.2,NOPI,1961,0.6677060633217535,0.7874112981174026,0.9034541098296507
ar1_0.2,NOPI,1962,0.6788002490197154,0.7877066525754346,0.8988184851033462
ar1_0.2,NOPI,1963,0.6829614158273417,0.7863057024057618,0.8916331713965446
ar1_0.2,NOPI,1964,0.68510572814714,0.7853811539212929,0.8843143129908612
ar1_0.2,NOPI,1965,0.6935111459672973,0.7864643625584231,0.8791251878022104
ar1_0.2,NOPI,1966,0.7013865619193846,0.7851017445491367,0.8719290580816744
ar1_0.2,NOPI,1967,0.7000587050187441,0.7835531719710449,0.8672575718110012
ar1_0.2,NOPI,1968,0.699061586742078,0.7814279058477922,0.8702487000320551
ar1_0.2,NOPI,1969,0.6994322355341831,0.779991329715737,0.8689945056647319
ar1_0.2,NOPI,1970,0.6923402674838206,0.7779452184935975,0.8693015049834796
ar1_0.2,NOPI,1971,0.6909051180588395,0.7784071341730486,0.8709069110031664
ar1_0.2,NOPI,1972,0.6871532928543354,0.7796835975527727,0.8747775152865471
ar1_0.2,NOPI,1973,0.6853874606156594,0.7807685366437821,0.8767101102719523
ar1_0.2,NOPI,1974,0.6797259205100938,0.7847000074137254,0.8813217651840941
ar1_0.2,NOPI,1975,0.6814116224928418,0.788497334425269,0.884669298138065
ar1_0.2,NOPI,1976,0.6835236493997381,0.792409760471692,0.8878029913737993
ar1_0.2,NOPI,1977,0.6889543340189991,0.7961115225003059,0.8963523386755271
ar1_0.2,NOPI,1978,0.6941062685964798,0.7960103600019666,0.9018310580795119
ar1_0.2,NOPI,1979,0.693786231258107,0.7992330233099223,0.9079690767932769
ar1_0.2,NOPI,1980,0.6950169913762575,0.8064217482587561,0.913995389839684
ar1_0.2,NOPI,1981,0.7023211617361194,0.8129369542124059,0.9213064994945676
ar1_0.2,NOPI,1982,0.7079396220186309,0.8199243885473301,0.9288122955060805
ar1_0.2,NOPI,1983,0.7147288712489943,0.8261110020455218,0.933056115381803
ar1_0.2,NOPI,1984,0.7191818885907744,0.8335486146133023,0.9370084057042181
ar1_0.2,NOPI,1985,0.7282905949512326,0.8406269834271562,0.9428342421483705
ar1_0.2,NOPI,1986,0.7382249755040272,0.8472597437640725,0.9508618332851041
ar1_0.2,NOPI,1987,0.7483551974736873,0.854027020546831,0.9547718409165293
ar1_0.2,NOPI,1988,0.7569035002703672,0.861738639272099,0.9611002484734015
ar1_0.2,NOPI,1989,0.7641348983518754,0.8717940006873509,0.9739515701060586
ar1_0.2,NOPI,1990,0.7688100144678811,0.8791150661112939,0.9840029078963679
ar1_0.2,NOPI,1991,0.7800305721331908,0.8858802334491636,0.9879039137799848
ar1_0.2,NOPI,1992,0.788487560564896,0.8947345489717939,0.9944369286465196
ar1_0.2,NOPI,1993,0.7966583380207084,0.9053687749566859,1.005615291625209
ar1_0.2,NOPI,1994,0.8053965655472197,0.9149283690394105,1.0140537979373718
ar1_0.2,NOPI,1995,0.8137639327740303,0.9263267698412193,1.024744123833327
ar1_0.2,NOPI,1996,0.8205770904827728,0.9352139202897601,1.0319592019710386
ar1_0.2,NOPI,1997,0.8280343043901113,0.9448670501469305,1.0389753695522916
ar1_0.2,NOPI,1998,0.8391663621487062,0.9550724447276251,1.047169189644059
ar1_0.2,NOPI,1999,0.8487299131389342,0.9655832078164381,1.0558013075561852
ar1_0.2,NOPI,2000,0.8566245480322554,0.9783324732204592,1.064133049436963
ar1_0.2,NOPI,2001,0.8637891490037123,0.9876279955844975,1.0762306489117766
ar1_0.2,NOPI,2002,0.8766657209901549,0.9983962869603246,1.090079615291062
ar1_0.2,NOPI,2003,0.8851797963284792,1.0111997453079287,1.1084471013507622
ar1_0.2,NOPI,2004,0.8997058199569952,1.0211313041478942,1.1280827700535083
ar1_0.2,NOPI,2005,0.9133732581222425,1.030292306511338,1.1494177832628711
ar1_0.2,NOPI,2006,0.9221342462377473,1.0445363084386,1.1699738681097296
ar1_0.2,NOPI,2007,0.9305794024087684,1.0598414693421714,1.1874460545321726
ar1_0.2,NOPI,2008,0.9393747495010442,1.0730240047271895,1.2084933862288634
ar1_0.2,NOPI,2009,0.9533743832861956,1.0880019029833994,1.2318292385319038
ar1_0.2,NOPI,2010,0.9598757637148383,1.1025489927214838,1.2529240925766048
ar1_0.2,NOPI,2011,0.9618504475788583,1.1166123270732067,1.2768864637091053
ar1_0.2,NOPI,2012,0.9649241750045257,1.132158290703758,1.2998578834888614
ar1_0.2,NOPI,2013,0.9644668903513709,1.1502440878723648,1.3198636868972087
ar1_0.2,NOPI,2014,0.9616781926132387,1.162999590416062,1.3368950574510543
ar1_0.2,NOPI,2015,0.9610197012510135,1.181574598720465,1.357925756665531
ar1_0.2,NOPI,2016,0.9600445006475324,1.1945584582474456,1.388774504756231
ar1_0.2,NOPI,2017,0.9626107400706527,1.205606640414357,1.4126808859905058
ar1_0.2,NOPI,2018,0.9654188673575563,1.218130031982299,1.4404937798900221
ar1_0.2,NOPI,2019,0.9632676650386675,1.2329319461415014,1.4683927289659338
ar1_0.2,NOPI,2022,0.9661342403349187,1.2678425599642829,1.5522606419465856
ar1_0.2,NOPI,2023,0.9665428936785885,1.2787412184817217,1.5802222853222092
ar1_0.2,NOPI,2024,0.9660308941187927,1.2956069733273872,1.6115108085482048
ar1_0.2,NOPI,2025,0.9653297424352177,1.3097727781275839,1.6403181402443252
ar1_0.2,NOPI,2026,0.9621666614044914,1.3221888120417038,1.6746338065625546
ar1_0.2,BWTE,1956,-0.0011373407640900006,0.2505911902950836,0.5369239612901493
ar1_0.2,BWTE,1957,0.08095040014088138,0.29705053681402616,0.5389660206836258
ar1_0.2,BWTE,1958,0.15286570029345958,0.3436215694130302,0.5456084577571785
ar1_0.2,BWTE,1959,0.216872182509028,0.3851127044660664,0.5536889998214469
ar1_0.2,BWTE,1960,0.2752621180911444,0.42614260264087045,0.571121264448829
ar1_0.2,BWTE,1961,0.33664703718596833,0.4637629289557976,0.5913664979182973
ar1_0.2,BWTE,1962,0.38223428195717735,0.5038697070362119,0.6395103230190105
ar1_0.2,BWTE,1963,0.403156930822141,0.5387003463876279,0.6838062133074401
ar1_0.2,BWTE,1964,0.42723669310418266,0.5713015278877328,0.7163606177195052
ar1_0.2,BWTE,1965,0.4491508325923365,0.5960745606914006,0.7509758321911333
ar1_0.2,BWTE,1966,0.4628799393398172,0.6144596872627668,0.7750842843647219
ar1_0.2,BWTE,1967,0.4688402223111813,0.6304179779724404,0.7917870748957347
ar1_0.2,BWTE,1968,0.4689845641225179,0.6391806861460134,0.7963085792841419
ar1_0.2,BWTE,1969,0.4644929887066084,0.6343413846928323,0.7830032692783548
ar1_0.2,BWTE,1970,0.45930642406162014,0.6198830780030272,0.770776035633983
ar1_0.2,BWTE,1971,0.4542018929592091,0.5992893872464322,0.742766637444331
ar1_0.2,BWTE,1972,0.42684603860548054,0.5740476548811182,0.7171191352127115
ar1_0.2,BWTE,1973,0.4069432983161835,0.5419584953180505,0.6881090696085095
ar1_0.2,BWTE,1974,0.36965167458899867,0.5021754075927185,0.640553238977616
ar1_0.2,BWTE,1975,0.3314447868229977,0.4594992754113506,0.5841136303446546
ar1_0.2,BWTE,1976,0.2860956073502326,0.4150549206154712,0.5305692139148335
ar1_0.2,BWTE,1977,0.2458996197416078,0.37001918836834413,0.4867798866577499
ar1_0.2,BWTE,1978,0.20487251282322788,0.32833919028171343,0.43829277095450625
ar1_0.2,BWTE,1979,0.17217442583134696,0.291393806067636,0.4042857699901372
ar1_0.2,BWTE,1980,0.14475714913600607,0.2687523952918412,0.3820591870678629
ar1_0.2,BWTE,1981,0.12745322477400736,0.25336546669884674,0.3678102130485017
ar1_0.2,BWTE,1982,0.1121240789430793,0.24544824929866157,0.36802085386642336
ar1_0.2,BWTE,1983,0.10765676261670051,0.24707947759664484,0.3808358104159273
ar1_0.2,BWTE,1984,0.12635136715286965,0.26628391568454396,0.40822842055022646
ar1_0.2,BWTE,1985,0.1560295190919217,0.2931010864345009,0.4401336979537177
ar1_0.2,BWTE,1986,0.20602460335208667,0.33111182003069434,0.47939871598316575
ar1_0.2,BWTE,1987,0.2624905616687612,0.3792083306995929,0.529284929597855
ar1_0.2,BWTE,1988,0.31683619747552516,0.4292572410343205,0.5905378403228883
ar1_0.2,BWTE,1989,0.3640851598418805,0.4828623094937192,0.6417360542389207
ar1_0.2,BWTE,1990,0.39966679644946823,0.5299439707416893,0.6913350142198084
ar1_0.2,BWTE,1991,0.43370783632600773,0.5836425848895206,0.7534203680653224
ar1_0.2,BWTE,1992,0.46213535728995603,0.6282836579048349,0.8093790922163895
ar1_0.2,BWTE,1993,0.48033694502356367,0.6668451892053704,0.8502188990109236
ar1_0.2,BWTE,1994,0.4936719429444669,0.69608616319196015,0.8766600923140211
ar1_0.2,BWTE,1995,0.49873281766588495,0.7127124261926555,0.8869791281198205
ar1_0.2,BWTE,1996,0.5005588678937598,0.7172401107885171,0.8884046686132236
ar1_0.2,BWTE,1997,0.506373500998306,0.7052215755600968,0.866651837883089
ar1_0.2,BWTE,1998,0.5093033044676875,0.6828252564634425,0.8394876509616312
ar1_0.2,BWTE,1999,0.5015536780885097,0.662166430045089,0.8038385266519412
ar1_0.2,BWTE,2000,0.4870673376804748,0.6335065854802884,0.7758758257522806
ar1_0.2,BWTE,2001,0.4668037143282936,0.6053073139762376,0.7529882512635189
ar1_0.2,BWTE,2002,0.44451849780368147,0.5816647420293495,0.7263229092251907
ar1_0.2,BWTE,2003,0.4232649971151473,0.5606403019034888,0.7031425594385785
ar1_0.2,BWTE,2004,0.3980409078031897,0.5500283467941562,0.6929203136340258
ar1_0.2,BWTE,2005,0.38800143254110186,0.5467223276040807,0.6980837499826358
ar1_0.2,BWTE,2006,0.39203025632359945,0.5532721962132654,0.7132312433639648
ar1_0.2,BWTE,2007,0.4079108640217962,0.5726613959896346,0.7254797256304213
ar1_0.2,BWTE,2008,0.4359474276267078,0.6019280486641666,0.7482174500361723
ar1_0.2,BWTE,2009,0.4733187622433901,0.6390387475902484,0.7814727360243892
ar1_0.2,BWTE,2010,0.5166985098855383,0.6825103095623979,0.8302235251147461
ar1_0.2,BWTE,2011,0.5529873434584538,0.7284562591183374,0.8987557845769618
ar1_0.2,BWTE,2012,0.5769427383239213,0.7719263457635404,0.9551653594046298
ar1_0.2,BWTE,2013,0.598004400959153,0.8143158000759814,1.0192448991671779
ar1_0.2,BWTE,2014,0.6248980316825314,0.853422667472683,1.078295948416275
ar1_0.2,BWTE,2015,0.6440288953628746,0.8837629768930351,1.1213484539830558
ar1_0.2,BWTE,2016,0.6410519287403271,0.8990846168105846,1.1503108599606382
ar1_0.2,BWTE,2017,0.6318327021034207,0.8979463308395894,1.1479413715849096
ar1_0.2,BWTE,2018,0.6193645762751674,0.8881492546678511,1.131100941694529
ar1_0.2,BWTE,2019,0.5957094969209094,0.8596649883697687,1.0992409009423767
ar1_0.2,BWTE,2022,0.42540954997634317,0.6833873335917477,0.9503552133300548
ar1_0.2,BWTE,2023,0.31939896909975796,0.6115703206230798,0.9087658958615681
ar1_0.2,BWTE,2024,0.19984625756951052,0.5275493038236138,0.9014993991167037
ar1_0.2,BWTE,2025,0.07570064472490927,0.4489380153102505,0.901194287134539
ar1_0.2,BWTE,2026,-0.08310393183401348,0.3693744923774084,0.9138891921067256
ar1_0.2,GADW,1956,0.14249947825899556,0.4815623868189916,0.8192752755240666
ar1_0.2,GADW,1957,0.15209769449389077,0.4556559559916263,0.75587042314797
ar1_0.2,GADW,1958,0.16080179423588067,0.4313550951221846,0.6947539963693876
ar1_0.2,GADW,1959,0.16498438290761697,0.4004808656852078,0.6315385647572072
ar1_0.2,GADW,1960,0.1668229232256036,0.3731125169066569,0.5729995784388298
ar1_0.2,GADW,1961,0.16703633018302788,0.34820408728971697,0.5166792268186293
ar1_0.2,GADW,1962,0.15863606610486014,0.3222024840459476,0.46709189549426033
ar1_0.2,GADW,1963,0.15043458489476424,0.2979024580656132,0.433030928134266
ar1_0.2,GADW,1964,0.13596533303874317,0.2734551767310158,0.4277645175461231
ar1_0.2,GADW,1965,0.1065540351129235,0.2510553466172176,0.41161533999605
ar1_0.2,GADW,1966,0.09306237106642747,0.23010423939519276,0.3970827131634449
ar1_0.2,GADW,1967,0.06933420139850835,0.21476199467213514,0.3935594121939995
ar1_0.2,GADW,1968,0.05060068486786757,0.2030534207563202,0.39431423665069765
ar1_0.2,GADW,1969,0.037550217667509,0.19599868176780694,0.3910367436972081
ar1_0.2,GADW,1970,0.03216522513816195,0.19061515910290655,0.38762543359300705
ar1_0.2,GADW,1971,0.03783006740809838,0.19170856397949826,0.37801909448972804
ar1_0.2,GADW,1972,0.0494639822426028,0.19427110369344436,0.37270125372413887
ar1_0.2,GADW,1973,0.06472114942499821,0.20419659302162801,0.36383171338522663
ar1_0.2,GADW,1974,0.07879609986386818,0.21773922919739708,0.3637843543741778
ar1_0.2,GADW,1975,0.10287976590907978,0.23491445759146717,0.358579015267666
ar1_0.2,GADW,1976,0.13509760873022425,0.2545587975201029,0.364651625036391
ar1_0.2,GADW,1977,0.1651042957190006,0.27343358369993,0.3725130403993776
ar1_0.2,GADW,1978,0.18298199134409912,0.29191684788645766,0.38560869505010453
ar1_0.2,GADW,1979,0.1967597681872111,0.31041323069537946,0.4140866145766624
ar1_0.2,GADW,1980,0.18845913011921592,0.3281746247941454,0.43610411406576377
ar1_0.2,GADW,1981,0.19433222770278621,0.34573686119201547,0.46709407965308336
ar1_0.2,GADW,1982,0.20253196729080075,0.3617682807588453,0.49720297188414164
ar1_0.2,GADW,1983,0.2043027423089815,0.3772075095197398,0.5229792995492669
ar1_0.2,GADW,1984,0.20732665897337493,0.386691384831366,0.5417205136356329
ar1_0.2,GADW,1985,0.20462103270292575,0.39217506906285016,0.5530754865663138
ar1_0.2,GADW,1986,0.20562664502002764,0.39576289800568715,0.5580587775701007
ar1_0.2,GADW,1987,0.21627470507769092,0.39399573104362506,0.5498950071769144
ar1_0.2,GADW,1988,0.22421010073181685,0.3879020688707674,0.5452689154558241
ar1_0.2,GADW,1989,0.23185505192170985,0.37722910629171014,0.5297398520300783
ar1_0.2,GADW,1990,0.24151182956171055,0.3707430185364562,0.5075863095984594
ar1_0.2,GADW,1991,0.2476711573257977,0.36135767339099345,0.48875554152310974
ar1_0.2,GADW,1992,0.2439510617318718,0.34767964446799926,0.4778646512264414
ar1_0.2,GADW,1993,0.23388939445752985,0.3341677483497049,0.4573003386428617
ar1_0.2,GADW,1994,0.22267227818284696,0.32433364378455576,0.44273273538002694
ar1_0.2,GADW,1995,0.2123604134576918,0.31238398923577615,0.4354437985435985
ar1_0.2,GADW,1996,0.20570369121833346,0.30430986545875793,0.42237609388987757
ar1_0.2,GADW,1997,0.19181142481306118,0.295406318582319,0.4224662733404597
ar1_0.2,GADW,1998,0.18966827878922465,0.2893956631484641,0.4149000687629243
ar1_0.2,GADW,1999,0.18146850657313576,0.2847217275613301,0.40943307964330633
ar1_0.2,GADW,2000,0.17689543209637645,0.2808023456346243,0.40420197390083323
ar1_0.2,GADW,2001,0.17439101665284018,0.27945976766024777,0.3979609195828231
ar1_0.2,GADW,2002,0.17931645765215176,0.2789361040924182,0.3958046018537772
ar1_0.2,GADW,2003,0.18311746085083896,0.28148537940145796,0.39694010464993673
ar1_0.2,GADW,2004,0.18431783119671985,0.2859328114020696,0.3956723911921217
ar1_0.2,GADW,2005,0.18753457837648946,0.2873605636171045,0.3919099806741745
ar1_0.2,GADW,2006,0.19469006291607663,0.2909846234016912,0.38818322387706167
ar1_0.2,GADW,2007,0.19534412395998413,0.2976057856132757,0.3884192406978648
ar1_0.2,GADW,2008,0.19529860618805556,0.3028296478475768,0.3944657895286502
ar1_0.2,GADW,2009,0.19528273242942998,0.3060453105225793,0.4003131630129464
ar1_0.2,GADW,2010,0.19385633422082899,0.3036874690673981,0.4022386573534789
ar1_0.2,GADW,2011,0.1973916127958063,0.3032377578738144,0.4144180256441108
ar1_0.2,GADW,2012,0.1964517641840689,0.30559444837732486,0.4209831197198131
ar1_0.2,GADW,2013,0.1974476708155558,0.30516704505067305,0.43144059241516963
ar1_0.2,GADW,2014,0.19114385131501255,0.3069103319824137,0.4358216494143904
ar1_0.2,GADW,2015,0.19101105641906385,0.3078909578306772,0.4363354498026777
ar1_0.2,GADW,2016,0.1803362131417161,0.3091672961753893,0.44805550628690094
ar1_0.2,GADW,2017,0.17833761795930353,0.3112687357194309,0.45818815294235826
ar1_0.2,GADW,2018,0.17343335190030107,0.315683340034474,0.46776572104844416
ar1_0.2,GADW,2019,0.1650298671609532,0.3259587453909286,0.4889000265008263
ar1_0.2,GADW,2022,0.12991563231640715,0.35145558810582134,0.531723694752829
ar1_0.2,GADW,2023,0.12074767774326023,0.3576772277547998,0.553714042933849
ar1_0.2,GADW,2024,0.11215184206281292,0.3680646042893704,0.5887934935344241
ar1_0.2,GADW,2025,0.09591679549287133,0.3728816685080453,0.6167843566777793
ar1_0.2,GADW,2026,0.08349920908592137,0.380004749057073,0.6519473734804256
ar1_0.2,NSHO,1956,0.48288729881044246,0.6084740365209771,0.7402178567820852
ar1_0.2,NSHO,1957,0.4888758453497842,0.6122105620830529,0.7399551056124298
ar1_0.2,NSHO,1958,0.4948643660730112,0.6159697070375535,0.73985845767787
ar1_0.2,NSHO,1959,0.5010300969974014,0.6184962736343028,0.7404177390756783
ar1_0.2,NSHO,1960,0.5072986111526864,0.6229460788342087,0.740977500698206
ar1_0.2,NSHO,1961,0.5135667149848435,0.6267775331321904,0.7415557242982083
ar1_0.2,NSHO,1962,0.5197271039230112,0.630981343324157,0.7421359239568615
ar1_0.2,NSHO,1963,0.5254522015328817,0.6342242566654348,0.7427172429831386
ar1_0.2,NSHO,1964,0.531175671833432,0.6371830944777983,0.743299876858426
ar1_0.2,NSHO,1965,0.5364347176227978,0.6406010736797638,0.7438839887067261
ar1_0.2,NSHO,1966,0.5415488834917727,0.6435881876433471,0.7444697015517396
ar1_0.2,NSHO,1967,0.5466624530584401,0.6462815859320579,0.7450570931205218
ar1_0.2,NSHO,1968,0.5517755439189906,0.6498952974768382,0.7456461932219789
ar1_0.2,NSHO,1969,0.5568883016444878,0.6530281959186939,0.7460063074307037
ar1_0.2,NSHO,1970,0.5622733190319591,0.6562451834394907,0.7462118210574433
ar1_0.2,NSHO,1971,0.5677205845568235,0.6596414393182789,0.7480155614877584
ar1_0.2,NSHO,1972,0.5731475169506646,0.663418830947426,0.7488519388156095
ar1_0.2,NSHO,1973,0.5785766598570754,0.6672139434625781,0.7492670229289659
ar1_0.2,NSHO,1974,0.58400815897677,0.6711091330839546,0.7493238568859888
ar1_0.2,NSHO,1975,0.5894420217039028,0.6751086939187823,0.751728840488175
ar1_0.2,NSHO,1976,0.5946225414434256,0.6791072991216809,0.7521288029905585
ar1_0.2,NSHO,1977,0.5989024504132655,0.6817777845735469,0.7539353013445678
ar1_0.2,NSHO,1978,0.6039955000159813,0.6848159998547823,0.7559234495125521
ar1_0.2,NSHO,1979,0.6097633408587948,0.6884604580178575,0.7582993248864991
ar1_0.2,NSHO,1980,0.613891906826195,0.6920257498886513,0.7613108441741162
ar1_0.2,NSHO,1981,0.6174597613742753,0.6959104599985948,0.7643230937858172
ar1_0.2,NSHO,1982,0.6218312737588733,0.6995983827026564,0.7673359904021468
ar1_0.2,NSHO,1983,0.6261359663879658,0.7034310933658862,0.7703493902664812
ar1_0.2,NSHO,1984,0.6319389257161265,0.7067153393554071,0.7734394409109575
ar1_0.2,NSHO,1985,0.6382636986491941,0.7096713565490524,0.776930063693813
ar1_0.2,NSHO,1986,0.6424846199993232,0.7127834256060136,0.7794867096759341
ar1_0.2,NSHO,1987,0.6464351357952842,0.7164871599171696,0.7830875816682094
ar1_0.2,NSHO,1988,0.6492838871995648,0.7194441641943409,0.786302806254217
ar1_0.2,NSHO,1989,0.6528312317694951,0.7235760819941295,0.7883624241358969
ar1_0.2,NSHO,1990,0.6563770720904621,0.7276608154543125,0.790803387899975
ar1_0.2,NSHO,1991,0.6599215041899249,0.7316723804462626,0.7946637149471747
ar1_0.2,NSHO,1992,0.6631316421732624,0.7358951587171847,0.7990359019312265
ar1_0.2,NSHO,1993,0.6658469110547169,0.7396016801639498,0.8033727478759247
ar1_0.2,NSHO,1994,0.6685625611488487,0.7429153229202639,0.8071230199845492
ar1_0.2,NSHO,1995,0.6712787995325589,0.7453888651451226,0.8108925695573082
ar1_0.2,NSHO,1996,0.6739957866142572,0.7480320882881234,0.814661377210042
ar1_0.2,NSHO,1997,0.6767626127599046,0.7508935079338583,0.8189091242903397
ar1_0.2,NSHO,1998,0.6798198982692751,0.754429912833867,0.82369859114469
ar1_0.2,NSHO,1999,0.6825656740554031,0.7575342110184713,0.8284882456591052
ar1_0.2,NSHO,2000,0.6850835939447633,0.7616202932646905,0.8332782814596384
ar1_0.2,NSHO,2001,0.6873660628198845,0.7648145327916595,0.8383483382410315
ar1_0.2,NSHO,2002,0.6891416454401317,0.7679008190585477,0.8431425266067749
ar1_0.2,NSHO,2003,0.6909181004811318,0.7715236862273628,0.8479809361250652
ar1_0.2,NSHO,2004,0.6927295000959235,0.7751076924052536,0.8528190609434757
ar1_0.2,NSHO,2005,0.6949159059845764,0.778305320357584,0.8576567216537929
ar1_0.2,NSHO,2006,0.6971010910152864,0.7825088176323021,0.8626154212764834
ar1_0.2,NSHO,2007,0.6980604792288736,0.7854536746265579,0.8672458221441957
ar1_0.2,NSHO,2008,0.6996580061673121,0.7884355679127082,0.8712392424575278
ar1_0.2,NSHO,2009,0.7014059038500655,0.7914170092575412,0.8764877788718228
ar1_0.2,NSHO,2010,0.7031553209768577,0.7945791949368122,0.8827312146735122
ar1_0.2,NSHO,2011,0.7051528043199202,0.7988620618994353,0.8889318255712372
ar1_0.2,NSHO,2012,0.707074964574798,0.8027967371484397,0.894805754355678
ar1_0.2,NSHO,2013,0.708875073879361,0.8062256743819163,0.900471992347555
ar1_0.2,NSHO,2014,0.7116800867422397,0.8101441071851985,0.9052499341185992
ar1_0.2,NSHO,2015,0.7141413217538302,0.8136316840580009,0.9108972100524015
ar1_0.2,NSHO,2016,0.7164713645308263,0.8175335819788286,0.9164570397692128
ar1_0.2,NSHO,2017,0.718800470652488,0.821232691503909,0.9235619316950883
ar1_0.2,NSHO,2018,0.7209294026354631,0.8244996512729934,0.9281078251893329
ar1_0.2,NSHO,2019,0.722557917942326,0.8278414360459043,0.9326122779038724
ar1_0.2,NSHO,2022,0.7274214861695583,0.8389844167691156,0.9497845623590396
ar1_0.2,NSHO,2023,0.7287613016970096,0.8432875540410246,0.9556150313297707
ar1_0.2,NSHO,2024,0.7300037117691596,0.8469189169860016,0.9614450708418605
ar1_0.2,NSHO,2025,0.7312378251867497,0.8501126672206605,0.9675919870910445
ar1_0.2,NSHO,2026,0.7324719090842762,0.8532581378182811,0.9745882008799278
ar1_0.2,CANV,1956,0.028563853609179186,0.28248976756290733,0.4988299370880753
ar1_0.2,CANV,1957,0.04960385927801165,0.2802392638737718,0.4898680109984231
ar1_0.2,CANV,1958,0.07657296613260446,0.27669178677560974,0.4669716031219511
ar1_0.2,CANV,1959,0.09558743483276061,0.27234821977184587,0.45063138092654137
ar1_0.2,CANV,1960,0.11372481429990738,0.27371431817711245,0.44113881266210586
ar1_0.2,CANV,1961,0.13410708117105616,0.27270215161964545,0.4444054055663509
ar1_0.2,CANV,1962,0.13669120320525815,0.2735080103458881,0.44352112425243684
ar1_0.2,CANV,1963,0.1291833276982553,0.2716525706924546,0.44298115696703877
ar1_0.2,CANV,1964,0.1233456648468087,0.27014683820933527,0.432567124336641
ar1_0.2,CANV,1965,0.1259872717999047,0.265569605532036,0.41846733649957035
ar1_0.2,CANV,1966,0.12416106134378557,0.25754662902900816,0.40561865372076455
ar1_0.2,CANV,1967,0.11823118054929013,0.24840933528159892,0.3933654834600117
ar1_0.2,CANV,1968,0.11496998937892028,0.23803102549922223,0.38477704511394517
ar1_0.2,CANV,1969,0.11560237818711558,0.22727089539622392,0.3713386634132714
ar1_0.2,CANV,1970,0.10385706906673445,0.22050188577961666,0.36355256492826626
ar1_0.2,CANV,1971,0.1022304220888272,0.2146734537208337,0.35170489262226845
ar1_0.2,CANV,1972,0.10243101270520015,0.21241491086756722,0.3424714865618407
ar1_0.2,CANV,1973,0.09266767229110015,0.20771809808188446,0.339577580649855
ar1_0.2,CANV,1974,0.08955413134814542,0.20636951868076453,0.33551833378065987
ar1_0.2,CANV,1975,0.088781780453864,0.20649787824506366,0.33064149598837095
ar1_0.2,CANV,1976,0.09113356037775436,0.2106944154933444,0.33218013187478207
ar1_0.2,CANV,1977,0.09306245317960701,0.21481115185201258,0.33792151204379395
ar1_0.2,CANV,1978,0.09722091704401192,0.21819481620023531,0.34637534300924494
ar1_0.2,CANV,1979,0.10002433681184236,0.22650822606869347,0.3548901670291372
ar1_0.2,CANV,1980,0.10526083016072285,0.2349739043144843,0.3712317358024724
ar1_0.2,CANV,1981,0.12240192958594594,0.24545304956752634,0.381412407378634
ar1_0.2,CANV,1982,0.1381601311515941,0.25868688209140195,0.3889674101487617
ar1_0.2,CANV,1983,0.1523380591253496,0.275460410639753,0.4009874177257773
ar1_0.2,CANV,1984,0.17357461816670244,0.292528275176835,0.410974408788185
ar1_0.2,CANV,1985,0.19301324154651944,0.3114462525755195,0.4279547630668224
ar1_0.2,CANV,1986,0.21175825116409436,0.33007550033954897,0.4530357271553942
ar1_0.2,CANV,1987,0.22699029323207065,0.3478259848052841,0.47138456295529474
ar1_0.2,CANV,1988,0.2360592751034604,0.3632829167406982,0.49088397413873797
ar1_0.2,CANV,1989,0.2560195925503604,0.38589087220409457,0.5112545850373311
ar1_0.2,CANV,1990,0.2848260728907918,0.40463713139285773,0.5334838497465746
ar1_0.2,CANV,1991,0.30656687732955873,0.42297022630607517,0.5583744040962058
ar1_0.2,CANV,1992,0.32213898329096013,0.44425004138919666,0.5774334062816832
ar1_0.2,CANV,1993,0.33142129931878406,0.4611429651080043,0.5993015425307683
ar1_0.2,CANV,1994,0.34729912976468547,0.47626325202619124,0.6208105284973368
ar1_0.2,CANV,1995,0.365337049826179,0.4944224514700644,0.6389327162593039
ar1_0.2,CANV,1996,0.3805871762562111,0.5090960873096121,0.6553687949659692
ar1_0.2,CANV,1997,0.39651848564966136,0.5220102329976957,0.6661195092001955
ar1_0.2,CANV,1998,0.4196451063858373,0.5368461263903436,0.674528765013402
ar1_0.2,CANV,1999,0.4345848819734178,0.5529022231809677,0.6831510376607977
ar1_0.2,CANV,2000,0.4464645203127074,0.5693012013351979,0.6960429014226925
ar1_0.2,CANV,2001,0.4590037786966986,0.5824418352393979,0.7107496834293485
ar1_0.2,CANV,2002,0.46802847838738804,0.5960466052265485,0.7229901872988929
ar1_0.2,CANV,2003,0.4735969102747083,0.6084818727106831,0.7328807199849084
ar1_0.2,CANV,2004,0.4818646638293903,0.6157338292284769,0.7451052479771643
ar1_0.2,CANV,2005,0.48900708963949635,0.6231994334435396,0.7522223058649233
ar1_0.2,CANV,2006,0.4917754645243769,0.6284426012101403,0.7619936083024252
ar1_0.2,CANV,2007,0.495440069332965,0.6348720143669713,0.7656409077464076
ar1_0.2,CANV,2008,0.4974034891605046,0.6380899458233629,0.7699189063086572
ar1_0.2,CANV,2009,0.49183318029698697,0.6399102249973065,0.7718214712905442
ar1_0.2,CANV,2010,0.4892984634575635,0.6417515414723673,0.771347220741329
ar1_0.2,CANV,2011,0.490966983285503,0.6413871379838223,0.7720273344618455
ar1_0.2,CANV,2012,0.4862593882932582,0.6374162740246155,0.7697288967671103
ar1_0.2,CANV,2013,0.47823691564717574,0.6278614501866052,0.7739156614112571
ar1_0.2,CANV,2014,0.47383289503335024,0.6201239571073103,0.7725064329982865
ar1_0.2,CANV,2015,0.4609446359264434,0.6177895044651203,0.7716354580002913
ar1_0.2,CANV,2016,0.4473611089281554,0.6134608264560204,0.7735016247230646
ar1_0.2,CANV,2017,0.4272392927731937,0.606156914138188,0.7750817203822808
ar1_0.2,CANV,2018,0.40376412303915327,0.5938154631916688,0.7690448752767272
ar1_0.2,CANV,2019,0.36754454459503766,0.582658922840667,0.7823154938050026
ar1_0.2,CANV,2022,0.2611817256804846,0.5528943243459199,0.8283118891988639
ar1_0.2,CANV,2023,0.2219047013835429,0.5422414761197598,0.8484529015001656
ar1_0.2,CANV,2024,0.1784854113328026,0.5269614805358855,0.8669289575884944
ar1_0.2,CANV,2025,0.14033654376002505,0.5118854429134875,0.8801037199377383
ar1_0.2,CANV,2026,0.09707736290958008,0.49772165379769884,0.894851821760999
year_re,MALL,1956,0.011482455439826993,0.20583066271487682,0.3821985182973044
year_re,MALL,1957,0.10660983038647781,0.2681577744272067,0.4116347542006977
year_re,MALL,1958,0.19334404242303188,0.3237843532179604,0.443525120752298
year_re,MALL,1959,0.2748600705446407,0.3796026593569889,0.48201571718226405
year_re,MALL,1960,0.33970144659179846,0.4282648233167,0.512017963071856
year_re,MALL,1961,0.3888655742794045,0.4690919130870145,0.5564135972484898
year_re,MALL,1962,0.42195051734893885,0.5050248398098218,0.5962040302559899
year_re,MALL,1963,0.43377690260457813,0.5293569656885811,0.6318442248543769
year_re,MALL,1964,0.44264893262512994,0.5445157816427494,0.6546870038750277
year_re,MALL,1965,0.44699960071117417,0.5505424639460358,0.6575671264169105
year_re,MALL,1966,0.4394436050990639,0.5420588189297583,0.6515540777649459
year_re,MALL,1967,0.4262195512470347,0.5193714732550465,0.630955481362283
year_re,MALL,1968,0.40223491154065755,0.49145766066359187,0.5963267263410805
year_re,MALL,1969,0.37488030929965677,0.45408910266353286,0.5498951730940608
year_re,MALL,1970,0.33931364571031947,0.4113024343289454,0.49931918201354325
year_re,MALL,1971,0.29597763916465875,0.37024590419233294,0.4473743064168044
year_re,MALL,1972,0.25000834950269757,0.3242513467692161,0.4052268082574292
year_re,MALL,1973,0.20217415191317523,0.27766566548106664,0.36904100018179814
year_re,MALL,1974,0.15465848195331677,0.2409750909625733,0.33241832181501324
year_re,MALL,1975,0.11563695058095348,0.2076571348970432,0.30142262306040435
year_re,MALL,1976,0.08844451455870163,0.17999869855291553,0.2778119023645601
year_re,MALL,1977,0.07511124352368441,0.16052115633515643,0.258857933975138
year_re,MALL,1978,0.07012051807095122,0.15293260741954734,0.2461618063684105
year_re,MALL,1979,0.07197569163174167,0.15409331417008637,0.23681244311536298
year_re,MALL,1980,0.08154654317735816,0.16399148749142778,0.2427029284364649
year_re,MALL,1981,0.09419814867539128,0.17997321090322255,0.2505535721880636
year_re,MALL,1982,0.11672214892077745,0.1986143796217374,0.27585670315049426
year_re,MALL,1983,0.1406780300300675,0.2247054032062652,0.3023384833534796
year_re,MALL,1984,0.16821542401034983,0.248043569167275,0.3317054678510134
year_re,MALL,1985,0.18751298914209028,0.2750212699972808,0.36797569308113953
year_re,MALL,1986,0.21151636864571888,0.2996672751802564,0.39514961408345856
year_re,MALL,1987,0.22751249957511638,0.32389008256562674,0.425919425599273
year_re,MALL,1988,0.23756143282471498,0.33873700847274,0.4482899612681277
year_re,MALL,1989,0.2484020420333861,0.3471247353327303,0.4586855938054858
year_re,MALL,1990,0.25651304298750477,0.3505006046455793,0.45446630218808726
year_re,MALL,1991,0.2554041679890077,0.34684149526821756,0.44835961185948675
year_re,MALL,1992,0.24588876643505317,0.34064373350517235,0.4441570162588177
year_re,MALL,1993,0.23344188951645023,0.3271244089019754,0.42730317618719804
year_re,MALL,1994,0.21762150185498516,0.3107743930768891,0.4078036715715931
year_re,MALL,1995,0.2023894311499742,0.28890158454745707,0.3851606461285302
year_re,MALL,1996,0.18431653971953232,0.26786891044227557,0.36415673043086716
year_re,MALL,1997,0.16914175884958385,0.24345870669142228,0.3450114583777645
year_re,MALL,1998,0.15538154466902832,0.22503900929396567,0.3241224880939062
year_re,MALL,1999,0.14196399294490752,0.20801125902810957,0.29731081827797073
year_re,MALL,2000,0.12977930058267104,0.19493977338473062,0.27601041256828784
year_re,MALL,2001,0.11974108583227089,0.18734750692290503,0.25834004736089056
year_re,MALL,2002,0.11309678202781323,0.18190405311120525,0.2528826412741927
year_re,MALL,2003,0.11204855044917092,0.18557251478024406,0.2521174832212411
year_re,MALL,2004,0.11711271075017385,0.19254464733094792,0.25968712732798005
year_re,MALL,2005,0.12806866010808526,0.20378580065523894,0.273571125815107
year_re,MALL,2006,0.14037492227375115,0.21773035917055467,0.2927884150959207
year_re,MALL,2007,0.1510519711196515,0.23936586334418003,0.31632890241090084
year_re,MALL,2008,0.16945025599654973,0.2602713916232755,0.3393329076722633
year_re,MALL,2009,0.1834988364274443,0.28233547389794716,0.3646605065813167
year_re,MALL,2010,0.1973284978671736,0.3050129752766175,0.3918451573934224
year_re,MALL,2011,0.2191653348290581,0.32679962149514397,0.4165649051109758
year_re,MALL,2012,0.23059286966186615,0.34833452791541086,0.4366339621281011
year_re,MALL,2013,0.23728920183485896,0.362726955994086,0.4605523349451466
year_re,MALL,2014,0.2374248893313437,0.37388672260195144,0.4789072982389665
year_re,MALL,2015,0.2389993552189204,0.3763681181308529,0.4873668366300489
year_re,MALL,2016,0.2356662931188078,0.37447532244254,0.49307977421453814
year_re,MALL,2017,0.21729766747404194,0.3682619125073815,0.48473655522139103
year_re,MALL,2018,0.20411947503433844,0.35376509028760983,0.47214789224741394
year_re,MALL,2019,0.18763082852212037,0.3334804881975678,0.45544679490975726
year_re,MALL,2022,0.083507369026527,0.257632347989069,0.4128139487097306
year_re,MALL,2023,0.01785884576311106,0.22769199437490656,0.4042542098559094
year_re,MALL,2024,-0.04633539147089906,0.19298308853399954,0.3947395723539009
year_re,MALL,2025,-0.1030736741936632,0.1590460154940388,0.3925828717845801
year_re,MALL,2026,-0.17428581665647533,0.12409772629381184,0.3936085711686782
year_re,NOPI,1956,0.6564953513218378,0.8806523137095872,1.123277259851581
year_re,NOPI,1957,0.6638317689984785,0.8656637191357546,1.0826111235659368
year_re,NOPI,1958,0.6670881252756915,0.8481604279199424,1.0363788741758644
year_re,NOPI,1959,0.6571116299750431,0.8241116211312889,0.9914434838412176
year_re,NOPI,1960,0.6453873974645172,0.8014767673232679,0.9588787244425683
year_re,NOPI,1961,0.6318232911145423,0.7804765667833199,0.9255822027814371
year_re,NOPI,1962,0.6238650235670715,0.7563021930323393,0.8938104621094554
year_re,NOPI,1963,0.6020515755203829,0.7349433942108956,0.8675522618003774
year_re,NOPI,1964,0.5794406592958834,0.7113589054258909,0.8371863451527712
year_re,NOPI,1965,0.5596477682336747,0.6859185460706321,0.8061956560454923
year_re,NOPI,1966,0.5382432378698145,0.6623768077347316,0.7855265664852624
year_re,NOPI,1967,0.5197730510751538,0.6379246549586531,0.7609257923312926
year_re,NOPI,1968,0.501049097275408,0.614479435839628,0.7431545240671037
year_re,NOPI,1969,0.48344261004987366,0.5977607139591306,0.7229847623147326
year_re,NOPI,1970,0.4737090604580927,0.5803414877388697,0.7047276101248321
year_re,NOPI,1971,0.459400353186585,0.5683469248376976,0.6941451739429072
year_re,NOPI,1972,0.4453301188300096,0.5597823639715735,0.675974294429783
year_re,NOPI,1973,0.43127369162273665,0.5558897895178889,0.677951638708002
year_re,NOPI,1974,0.42974214748266504,0.5573593811765556,0.6793869787170145
year_re,NOPI,1975,0.43501346257540197,0.5636042857050696,0.6861998049118386
year_re,NOPI,1976,0.4440457533939601,0.5791151289050362,0.6928719726502012
year_re,NOPI,1977,0.47203350685567996,0.5986166087505811,0.706124752954158
year_re,NOPI,1978,0.49833075520183356,0.6235179331595839,0.730123264821091
year_re,NOPI,1979,0.5200833747831958,0.6516723822117334,0.7553922852094008
year_re,NOPI,1980,0.5594062292061703,0.681895865870586,0.7854534933194728
year_re,NOPI,1981,0.5939845874610972,0.7135493919585663,0.8208720336709938
year_re,NOPI,1982,0.6175005949351584,0.7493642344213891,0.8634606840904571
year_re,NOPI,1983,0.6411396683407594,0.7835584003638986,0.9126612033621919
year_re,NOPI,1984,0.6561450532535962,0.817019822749118,0.972005058018012
year_re,NOPI,1985,0.6745180999280289,0.849586986781354,1.0117443250630456
year_re,NOPI,1986,0.7027669494980981,0.8812620192437691,1.055816002633494
year_re,NOPI,1987,0.7073092724414285,0.9073402472686711,1.0979693837159785
year_re,NOPI,1988,0.7104057467854085,0.9323388122133318,1.1405208685351838
year_re,NOPI,1989,0.7118957560755834,0.9580291210850465,1.1634735025075953
year_re,NOPI,1990,0.7194505932122038,0.9714121908861346,1.1728980019863324
year_re,NOPI,1991,0.7318921499198714,0.9859261695331942,1.1736791837189737
year_re,NOPI,1992,0.7484082852377354,0.9899292999347826,1.1686840124584568
year_re,NOPI,1993,0.7653023926671474,0.988708177172728,1.1570795676321692
year_re,NOPI,1994,0.781698887848159,0.9862191800624476,1.1470839286074601
year_re,NOPI,1995,0.8048076111676556,0.9818391034436937,1.1417195559623652
year_re,NOPI,1996,0.802679199778392,0.9724852462396647,1.134639181725087
year_re,NOPI,1997,0.8038838079208943,0.9658811841911212,1.1279791220180524
year_re,NOPI,1998,0.8045207881438736,0.9562520523713307,1.1172744676916024
year_re,NOPI,1999,0.7865241756367298,0.9492897442099306,1.1052762682050328
year_re,NOPI,2000,0.7979219335018323,0.9443381776842621,1.104918847416398
year_re,NOPI,2001,0.773509535347656,0.9411051351548887,1.099859328182152
year_re,NOPI,2002,0.7480580989246062,0.9363263187537489,1.0945503365303755
year_re,NOPI,2003,0.7485180847269195,0.9333011925338467,1.0915306501685385
year_re,NOPI,2004,0.7564738617721802,0.933819172424584,1.0922172677052249
year_re,NOPI,2005,0.7605485712779959,0.9342918211077074,1.0959227876846511
year_re,NOPI,2006,0.7675832701718502,0.9398494144792738,1.1100841505518995
year_re,NOPI,2007,0.7775486405829476,0.9485202976921154,1.125280268293954
year_re,NOPI,2008,0.7874995001252721,0.959156982998788,1.1368968621011661
year_re,NOPI,2009,0.7957169195899885,0.9733966843585765,1.154592197296385
year_re,NOPI,2010,0.8016764560586123,0.9852595551115892,1.1761810984588026
year_re,NOPI,2011,0.8257320777461434,1.0014214247211815,1.195342624691653
year_re,NOPI,2012,0.8514411340968879,1.0128239421952592,1.2180285432823261
year_re,NOPI,2013,0.8498229136815771,1.0275506933138736,1.2402530195939603
year_re,NOPI,2014,0.8582118631378873,1.0405753982632648,1.2719685293708656
year_re,NOPI,2015,0.8570192545796436,1.053293573763817,1.2997390553022952
year_re,NOPI,2016,0.8578568818423772,1.0658483280674202,1.3247916950080822
year_re,NOPI,2017,0.8524768032705926,1.077098474944556,1.3671360922036062
year_re,NOPI,2018,0.8413536034244504,1.0889904173367664,1.4029139985420982
year_re,NOPI,2019,0.8309562546683043,1.0966520631181265,1.4330802076816516
year_re,NOPI,2022,0.7565702041728826,1.1234252638320101,1.5252814449964376
year_re,NOPI,2023,0.7342510253268909,1.1222664516171554,1.5689077771973854
year_re,NOPI,2024,0.698535388981389,1.1305988598291599,1.6178195230022951
year_re,NOPI,2025,0.6655639988134092,1.1280520682339343,1.6673577226931846
year_re,NOPI,2026,0.6266428385284492,1.1398384319337085,1.7088558328267573
year_re,BWTE,1956,0.2866101982758047,0.42379910342173166,0.5533537520682741
year_re,BWTE,1957,0.29212935271335094,0.4263757613961416,0.5540140546219513
year_re,BWTE,1958,0.2978691800742119,0.4297751437561076,0.5546740395682411
year_re,BWTE,1959,0.3036087635960284,0.43190498541471645,0.5553332415783896
year_re,BWTE,1960,0.309347911855253,0.43477155370897624,0.556209343186602
year_re,BWTE,1961,0.3145651296610025,0.43751620008259534,0.5574500692014355
year_re,BWTE,1962,0.31956703024210464,0.44040319986944576,0.5585510975066132
year_re,BWTE,1963,0.3244702597005611,0.4435041039517905,0.5591444070371225
year_re,BWTE,1964,0.33111123298781964,0.44735614380764177,0.5605742379011321
year_re,BWTE,1965,0.3380294491150665,0.4498088769668082,0.5618243223100465
year_re,BWTE,1966,0.3437351365234126,0.45188440260255813,0.5631097989298444
year_re,BWTE,1967,0.34941972702585966,0.45519088006206765,0.5643935724992353
year_re,BWTE,1968,0.35510265317242323,0.45815750898028373,0.5656757782899209
year_re,BWTE,1969,0.3607838556058769,0.461284182516589,0.5669566176134704
year_re,BWTE,1970,0.36554434792442814,0.46377722512907626,0.5682363430365479
year_re,BWTE,1971,0.3699253711022814,0.4666584744582338,0.5695152408468906
year_re,BWTE,1972,0.3742338541929622,0.4691684681545665,0.5707936122505497
year_re,BWTE,1973,0.37852034985361616,0.4728150062288914,0.5720717547921683
year_re,BWTE,1974,0.3835626948203018,0.4760261699748263,0.5733499453932742
year_re,BWTE,1975,0.3890699830379631,0.47885934232524885,0.5753782647249868
year_re,BWTE,1976,0.3945765730602414,0.4819442845423587,0.5780768378301919
year_re,BWTE,1977,0.4000825117153507,0.48525110414827133,0.5817157480890489
year_re,BWTE,1978,0.4055878616418913,0.48824723740410186,0.5842493235921101
year_re,BWTE,1979,0.40972077786421324,0.49137453250152696,0.5854212598605999
year_re,BWTE,1980,0.41406937515643394,0.49406889043955227,0.5866093259279686
year_re,BWTE,1981,0.41765884951852417,0.49687537239094093,0.5877979947107996
year_re,BWTE,1982,0.42254152966470304,0.49977205841031247,0.5889868137219951
year_re,BWTE,1983,0.4254387527087403,0.5025319717772696,0.5908949221392847
year_re,BWTE,1984,0.42822019102873154,0.5052442203828675,0.5930877762263501
year_re,BWTE,1985,0.4320926034984004,0.5081423838673056,0.5949774409076262
year_re,BWTE,1986,0.436005032351103,0.5110397746739431,0.5970031529682773
year_re,BWTE,1987,0.4397414266566111,0.5141251477570842,0.5990276228862393
year_re,BWTE,1988,0.44347671599032057,0.5178521206283163,0.6017877723638099
year_re,BWTE,1989,0.4471915957858146,0.5212471793823872,0.603635039092999
year_re,BWTE,1990,0.44965590113192633,0.5244012526736852,0.6056541169584306
year_re,BWTE,1991,0.4511138109668713,0.5278754363802571,0.6085030635050368
year_re,BWTE,1992,0.4525356359908985,0.5307210080966115,0.611975613426437
year_re,BWTE,1993,0.4539584411148732,0.5333530147137583,0.6159693299201436
year_re,BWTE,1994,0.45607184753322627,0.5367319534951818,0.619976919290022
year_re,BWTE,1995,0.4599633677684347,0.5404394022006054,0.6239840915366044
year_re,BWTE,1996,0.4629408619743566,0.5430775596148834,0.6270617958027109
year_re,BWTE,1997,0.4644749528714892,0.545513570726616,0.6289780839469781
year_re,BWTE,1998,0.4662252713957654,0.5487724602041171,0.6312272059551942
year_re,BWTE,1999,0.4696990245100668,0.5532027113351422,0.6339601375302075
year_re,BWTE,2000,0.4721958237469649,0.5557734942512139,0.6376759531248966
year_re,BWTE,2001,0.47359361572670616,0.559410309601238,0.6432224793187742
year_re,BWTE,2002,0.4750837590060525,0.5626641511198048,0.6486794366056435
year_re,BWTE,2003,0.4755033727750563,0.5667927841448284,0.6541389441783128
year_re,BWTE,2004,0.47504429094028716,0.5699264848404693,0.659596899275509
year_re,BWTE,2005,0.4771967785533294,0.5729752563784487,0.6655609211082818
year_re,BWTE,2006,0.4784905768606,0.5765095089950893,0.6726076063309991
year_re,BWTE,2007,0.4789585036853863,0.5801265374153081,0.6797227660766003
year_re,BWTE,2008,0.47891584140534416,0.5838268680650642,0.6868767939444771
year_re,BWTE,2009,0.4788716603029859,0.5865938125465717,0.6932790229386208
year_re,BWTE,2010,0.47874426924595714,0.5887053341859863,0.6986693099598114
year_re,BWTE,2011,0.4786140395701154,0.5923877872813241,0.7040595410905415
year_re,BWTE,2012,0.47848374528249105,0.5952746789929906,0.7094494508269265
year_re,BWTE,2013,0.47894558051504,0.5981194350693485,0.7148850887432505
year_re,BWTE,2014,0.47970408454593993,0.6007844256560696,0.7203354671428128
year_re,BWTE,2015,0.48046098809561144,0.6035767894564383,0.7257842533592884
year_re,BWTE,2016,0.4812167972180067,0.6064079180710742,0.7312311723471835
year_re,BWTE,2017,0.481971955868866,0.6093719776650653,0.7360314432798043
year_re,BWTE,2018,0.4827268192125491,0.6132042142803895,0.7409816974032716
year_re,BWTE,2019,0.48348163467987026,0.6163455857973077,0.7461675061614681
year_re,BWTE,2022,0.48542790564198307,0.6255510375938433,0.7619008592999753
year_re,BWTE,2023,0.4860413961656346,0.6288627173503046,0.7671764561346133
year_re,BWTE,2024,0.48665476608662206,0.6323216171319268,0.772452652106854
year_re,BWTE,2025,0.487268080931894,0.6355933195199381,0.7783931532093484
year_re,BWTE,2026,0.4878813777418828,0.6389664987629198,0.7843658607000576
year_re,GADW,1956,0.2730803210057541,0.39230430312029885,0.5235716096958546
year_re,GADW,1957,0.27379168139578103,0.39059794869772413,0.5200220497053941
year_re,GADW,1958,0.27450300837084873,0.38994562514971937,0.5164724782791275
year_re,GADW,1959,0.27521425441263137,0.38924064684621895,0.5129228745502812
year_re,GADW,1960,0.2758863650252761,0.38792695116128195,0.5093732052277419
year_re,GADW,1961,0.27624785294743986,0.3869974645851415,0.5057572684180066
year_re,GADW,1962,0.2757489689649746,0.38594401991765326,0.502148570627813
year_re,GADW,1963,0.27527008010508486,0.3848992841490222,0.4985833036617706
year_re,GADW,1964,0.2764882945249934,0.383315501980919,0.4952870352279738
year_re,GADW,1965,0.27657576977091985,0.38191568025789874,0.492165347226603
year_re,GADW,1966,0.27772794317748156,0.38154891494117876,0.4894225856677542
year_re,GADW,1967,0.28025032239474,0.3806299237309202,0.4870171085737407
year_re,GADW,1968,0.2829894353812603,0.37912978962388005,0.48388650697448987
year_re,GADW,1969,0.2857277294096903,0.3783041438088254,0.48080109910055596
year_re,GADW,1970,0.2870389072906214,0.37783243797111365,0.47816006801814226
year_re,GADW,1971,0.286037933482868,0.37519070612637906,0.47557746419298486
year_re,GADW,1972,0.28487210248581674,0.3742392757777535,0.4730121588647356
year_re,GADW,1973,0.2839641777399348,0.37401562922869336,0.46952854271872246
year_re,GADW,1974,0.28496979246346055,0.3734142351627061,0.46592175502426536
year_re,GADW,1975,0.2858806761373632,0.3711636058524678,0.4618623944637955
year_re,GADW,1976,0.2860784926604767,0.36831621386643687,0.45787914219840165
year_re,GADW,1977,0.28547659108996826,0.3672798314614337,0.4543479041230579
year_re,GADW,1978,0.28487353117383546,0.3656883652603268,0.45157199233691875
year_re,GADW,1979,0.2842692080547866,0.3645108161766578,0.44882096167450447
year_re,GADW,1980,0.28366355290208245,0.36203878747292073,0.44607059950634653
year_re,GADW,1981,0.2831330904432645,0.36183044788962104,0.4427174350552464
year_re,GADW,1982,0.28376039565030264,0.3602512447227121,0.43865112665785316
year_re,GADW,1983,0.2843405417080074,0.3593548894113977,0.43728751607208427
year_re,GADW,1984,0.28358073788984295,0.3576243185443611,0.43634354823940347
year_re,GADW,1985,0.28277406486091305,0.3555303094898962,0.43421049843261117
year_re,GADW,1986,0.2818679069799799,0.35295437795859436,0.43140268514544877
year_re,GADW,1987,0.2805272706227764,0.3517492851953399,0.4282808997888855
year_re,GADW,1988,0.28060973129672584,0.3510862286092349,0.4257316630233774
year_re,GADW,1989,0.28087326833224757,0.35048676304153203,0.42525655607394075
year_re,GADW,1990,0.2800421977527815,0.34884656520634094,0.42451120561436545
year_re,GADW,1991,0.2781233981720529,0.3475673560052487,0.4230140676667562
year_re,GADW,1992,0.2766252721834673,0.3458770153523434,0.4215169991748643
year_re,GADW,1993,0.2751897248396288,0.3454258510977979,0.41971352969081593
year_re,GADW,1994,0.27375443754534534,0.3437692965408794,0.4171474158050129
year_re,GADW,1995,0.2723885181782416,0.3433359574579344,0.41497186617737375
year_re,GADW,1996,0.2708490307098054,0.34150151684357827,0.4137036553515496
year_re,GADW,1997,0.2693746002627746,0.3408228792725211,0.411779661202166
year_re,GADW,1998,0.268603700588952,0.3404058113909578,0.41260584469906375
year_re,GADW,1999,0.2679654913214248,0.3399251266426324,0.41286034301778296
year_re,GADW,2000,0.26729696594460783,0.3376183260679184,0.41195099531751955
year_re,GADW,2001,0.266079291253318,0.3368477488446304,0.41119880774511214
year_re,GADW,2002,0.2633161536396641,0.33545690747580836,0.4108004959981162
year_re,GADW,2003,0.25964557539829214,0.33418875166236517,0.4104623372063323
year_re,GADW,2004,0.25599743934656993,0.33322941815119606,0.4111778691420195
year_re,GADW,2005,0.25253592653322987,0.3328025133031163,0.4113303493262426
year_re,GADW,2006,0.2484160959591052,0.3310507398484571,0.4107224829109386
year_re,GADW,2007,0.24417126288344357,0.33054053014643725,0.40960932828210156
year_re,GADW,2008,0.23999443141496757,0.32916356731919627,0.4088989114710951
year_re,GADW,2009,0.23602949955135794,0.3285718448543997,0.4076113426452028
year_re,GADW,2010,0.23265923411811135,0.3276824808427252,0.40750832104140455
year_re,GADW,2011,0.23039586458920325,0.3270970462294117,0.4088598463142563
year_re,GADW,2012,0.2280639862438424,0.3263540942217181,0.41117291259580424
year_re,GADW,2013,0.2255838820433939,0.32549008889460185,0.41378789844930153
year_re,GADW,2014,0.2205110186362783,0.32493761389277115,0.4164033140445246
year_re,GADW,2015,0.21543787848867335,0.3233857556788149,0.418576220281603
year_re,GADW,2016,0.21094287616443919,0.3223255002572363,0.42035873351422254
year_re,GADW,2017,0.20821054408144163,0.321570309030918,0.4211893407654408
year_re,GADW,2018,0.2054770140859275,0.32040923678351363,0.4219615912792719
year_re,GADW,2019,0.20273422264818275,0.318392862193371,0.42273435876883586
year_re,GADW,2022,0.19155525635163806,0.3162838166708487,0.4241234643145969
year_re,GADW,2023,0.18763962857335525,0.31449415509168027,0.42524885960843695
year_re,GADW,2024,0.18369195856134007,0.3125436597734791,0.42684619095714693
year_re,GADW,2025,0.1795067344777586,0.3100369785248013,0.42866290841755883
year_re,GADW,2026,0.1753012014183723,0.30806633055120425,0.4303566371432987
year_re,NSHO,1956,0.5590606796646296,0.6741865485189665,0.8175090355220789
year_re,NSHO,1957,0.5620134497149223,0.6754709005488914,0.8148516043693514
year_re,NSHO,1958,0.5650068103883799,0.6773418325395196,0.8133530192809537
year_re,NSHO,1959,0.5682631241828011,0.6788863507180687,0.8119519821746504
year_re,NSHO,1960,0.5714484754952827,0.6804847022953886,0.8105683955191374
year_re,NSHO,1961,0.5737336999432543,0.6821280804090168,0.8092401874206634
year_re,NSHO,1962,0.575745122932645,0.6840812625783608,0.8079125678627592
year_re,NSHO,1963,0.5777569605908595,0.6860426072347486,0.8065856397459464
year_re,NSHO,1964,0.5797693299713975,0.6879394506620953,0.805259471941778
year_re,NSHO,1965,0.5819616629975698,0.689240149903363,0.8047198679723918
year_re,NSHO,1966,0.5842608355206891,0.6897945841818072,0.804256258395057
year_re,NSHO,1967,0.5880129924910554,0.6911222164653508,0.8037938094715671
year_re,NSHO,1968,0.5919745976069593,0.6925635593318341,0.8033325240220452
year_re,NSHO,1969,0.5958823380232817,0.694135314409859,0.8028723796583044
year_re,NSHO,1970,0.5985560467499541,0.6958516000289098,0.8022866910363575
year_re,NSHO,1971,0.6013917781955078,0.697740845114629,0.801300303441786
year_re,NSHO,1972,0.6043496750721067,0.7000606645599863,0.8003611236678748
year_re,NSHO,1973,0.6072345817314867,0.7021419215519286,0.8002877489567474
year_re,NSHO,1974,0.6104451132919575,0.7044833569689588,0.8002370133892476
year_re,NSHO,1975,0.6140230154327062,0.7062669528760321,0.8001329665595833
year_re,NSHO,1976,0.6169428468857616,0.7094563939904257,0.7996796521954548
year_re,NSHO,1977,0.6187148035363016,0.7116098914073112,0.799227260790755
year_re,NSHO,1978,0.6213816407253836,0.7130660638969653,0.7993644624349701
year_re,NSHO,1979,0.6250962130917742,0.7153133966605337,0.7994584074229253
year_re,NSHO,1980,0.628063453777989,0.7172688582918798,0.7990866998224497
year_re,NSHO,1981,0.6310306008705158,0.7184642577622022,0.7984061169388075
year_re,NSHO,1982,0.6339973028214492,0.7207973022529068,0.7976626163893649
year_re,NSHO,1983,0.6369632371334497,0.7218376635652665,0.7975114351334913
year_re,NSHO,1984,0.6399281299203773,0.7231956308696192,0.7976283360588341
year_re,NSHO,1985,0.6429594340746868,0.7249120460394218,0.7978346195391538
year_re,NSHO,1986,0.6461821230886284,0.7260743794636378,0.7980584550916769
year_re,NSHO,1987,0.6487740728762343,0.7274610031233353,0.797843569924918
year_re,NSHO,1988,0.6517115805983951,0.7284814639989563,0.7995889209646344
year_re,NSHO,1989,0.653396032361315,0.7303197860284476,0.7995735960900517
year_re,NSHO,1990,0.6549507079554779,0.7321886590490552,0.7999987504419501
year_re,NSHO,1991,0.6565063711224037,0.7341376441795975,0.8025249150183535
year_re,NSHO,1992,0.6580634467704444,0.7362352074331351,0.8058883621821105
year_re,NSHO,1993,0.6589204509715358,0.7380304857017104,0.8098526943778904
year_re,NSHO,1994,0.6596858526622605,0.7385836030521187,0.8118983456778406
year_re,NSHO,1995,0.6602965552416457,0.7397035660036914,0.8138781410062632
year_re,NSHO,1996,0.6608683621240287,0.7407488061571983,0.8167223200857334
year_re,NSHO,1997,0.662375818731243,0.7426465773993582,0.8190687999455946
year_re,NSHO,1998,0.6634960376320835,0.7439139058184212,0.8221097304489859
year_re,NSHO,1999,0.6646149102441048,0.7451432655266619,0.8257813573903148
year_re,NSHO,2000,0.6657325295197056,0.7465009005799061,0.8302485954824161
year_re,NSHO,2001,0.6667761291330546,0.7477436124700028,0.8347692927911761
year_re,NSHO,2002,0.6655511654766512,0.7487443573295542,0.8393524927558711
year_re,NSHO,2003,0.665783218587488,0.7496849402589535,0.8442278971748394
year_re,NSHO,2004,0.6669340076692235,0.7517699805908225,0.8491025841560096
year_re,NSHO,2005,0.6673700925543942,0.7533851773027453,0.8529741558199735
year_re,NSHO,2006,0.6672736299472277,0.7554034909647782,0.8568541801809599
year_re,NSHO,2007,0.6675057600486094,0.7566687283747275,0.8607185903641317
year_re,NSHO,2008,0.6676841442367749,0.7573360961796656,0.8636838439593271
year_re,NSHO,2009,0.6679812217000375,0.7578037004106404,0.8672738926443555
year_re,NSHO,2010,0.6678264086193626,0.7601019836251803,0.871468121748099
year_re,NSHO,2011,0.66849539966956,0.7621760231621266,0.8758171207962095
year_re,NSHO,2012,0.6685844692207259,0.7633686410135703,0.880165501084589
year_re,NSHO,2013,0.6675115577825471,0.765435330703646,0.8845134811351139
year_re,NSHO,2014,0.6672085201170338,0.7672251910669301,0.8888612647563005
year_re,NSHO,2015,0.6670283204491199,0.7678896748144433,0.893209032502394
year_re,NSHO,2016,0.6668468912958094,0.7681745346268918,0.8975569343281384
year_re,NSHO,2017,0.6670966595886325,0.7689847615432164,0.9019050838080713
year_re,NSHO,2018,0.6670113199359549,0.7706325261124926,0.9062535542212353
year_re,NSHO,2019,0.6665833090471265,0.771732033823614,0.9106023767222253
year_re,NSHO,2022,0.6629369458360607,0.7768495213135457,0.9236507111003027
year_re,NSHO,2023,0.6621204197260584,0.7791313907859405,0.9280006165080623
year_re,NSHO,2024,0.661303573462574,0.7806316701196805,0.9323506668053103
year_re,NSHO,2025,0.6604865429228919,0.7825834687112672,0.9366558804549325
year_re,NSHO,2026,0.6596694377584371,0.783538937074479,0.9401988678231326
year_re,CANV,1956,-0.0411201728128376,0.11236871636620169,0.29892239663758796
year_re,CANV,1957,-0.02770594003068437,0.12108364703674424,0.3040617697451242
year_re,CANV,1958,-0.015119488862251715,0.12985598913188248,0.3092006088632206
year_re,CANV,1959,-0.002990795184340964,0.13893453200108702,0.3143381337351785
year_re,CANV,1960,0.008360313685545552,0.14791482367382947,0.3194999840353627
year_re,CANV,1961,0.019712312428189667,0.15693991031473165,0.32468124960802325
year_re,CANV,1962,0.031065571570739844,0.16582787642445712,0.32985834423563387
year_re,CANV,1963,0.04242049527310236,0.17481293063183656,0.33474052739549565
year_re,CANV,1964,0.05377750821717623,0.18296260672913595,0.33960310172085784
year_re,CANV,1965,0.06513704308898285,0.19136938637581974,0.3444618747098339
year_re,CANV,1966,0.07649952878153546,0.19914569647681718,0.34931697704297526
year_re,CANV,1967,0.08802051994079532,0.20759921740932924,0.3541687763036959
year_re,CANV,1968,0.09994733056322344,0.21670859329118103,0.35901786193473767
year_re,CANV,1969,0.11185310785116598,0.22635674223659827,0.36386501542843597
year_re,CANV,1970,0.12375783444329638,0.23504387897951226,0.3701388406834222
year_re,CANV,1971,0.13549966835286936,0.24439097722721198,0.3769594830597659
year_re,CANV,1972,0.14708843716522674,0.2532811166709955,0.3845007767722586
year_re,CANV,1973,0.15879169188997022,0.2618847532967306,0.38985497338830966
year_re,CANV,1974,0.17050749327707726,0.2709912004622158,0.39528657531873806
year_re,CANV,1975,0.1822235652622175,0.280869824847086,0.4006398464574753
year_re,CANV,1976,0.19417475861569183,0.2902182899644951,0.4059968759836402
year_re,CANV,1977,0.20659999831749887,0.29798969413093596,0.4117566161515499
year_re,CANV,1978,0.21896648330130752,0.30688338164176393,0.41880969569031323
year_re,CANV,1979,0.230258012090995,0.31598715659469867,0.4257509745013829
year_re,CANV,1980,0.24040151448149058,0.3249357819407803,0.4319084389235885
year_re,CANV,1981,0.24940008868032115,0.3337717104629808,0.43769166787751945
year_re,CANV,1982,0.2595412512927878,0.34245847001287066,0.44552529670381347
year_re,CANV,1983,0.2685413555900571,0.3511603070157054,0.4522036437369731
year_re,CANV,1984,0.27784040508521757,0.3602107249743218,0.4588937545194237
year_re,CANV,1985,0.2882850722735549,0.36919028877866167,0.46583029152911304
year_re,CANV,1986,0.2969846285499055,0.3776734823399371,0.472937125041967
year_re,CANV,1987,0.30636028686343764,0.38758186638402026,0.4808799593471935
year_re,CANV,1988,0.3168087128077722,0.3963566083000598,0.48662968070201573
year_re,CANV,1989,0.3271919442335421,0.40506209727285647,0.4929995795412601
year_re,CANV,1990,0.33703800833795916,0.4125428908611357,0.49989098511077007
year_re,CANV,1991,0.34501234484551213,0.4217799680991773,0.5090373554469915
year_re,CANV,1992,0.3526714175750516,0.43085306487165875,0.5191911117079241
year_re,CANV,1993,0.35968161746927035,0.43941128274934155,0.529084576475818
year_re,CANV,1994,0.36743998944722045,0.4473941701580567,0.5391242020387869
year_re,CANV,1995,0.3756014958624462,0.4559584892578119,0.5470678229111148
year_re,CANV,1996,0.3823333617809348,0.46522797428770024,0.5550956847353334
year_re,CANV,1997,0.38740005694757196,0.47499805748397894,0.5660870547230353
year_re,CANV,1998,0.3936749675450978,0.4847370489893045,0.5770799733137477
year_re,CANV,1999,0.3992230228369237,0.494054185680353,0.587773674432549
year_re,CANV,2000,0.4074758527262227,0.5041734896624037,0.5980146941478677
year_re,CANV,2001,0.4145798891211834,0.5117639910945972,0.6077288024730105
year_re,CANV,2002,0.41961954395616347,0.5212198394645922,0.6184529730867234
year_re,CANV,2003,0.4241641691662036,0.529803869532939,0.629991290082357
year_re,CANV,2004,0.4305486877504468,0.5380608091318543,0.6421735342893983
year_re,CANV,2005,0.4382882492769481,0.546866666206086,0.6532120592857016
year_re,CANV,2006,0.44508314637636726,0.5552513424629888,0.6657841462535099
year_re,CANV,2007,0.4525734112197357,0.5642804156027095,0.6784404390041399
year_re,CANV,2008,0.4613841315770113,0.5723751973204929,0.6907313518460236
year_re,CANV,2009,0.4692254779630789,0.5803910910059362,0.7029548340312446
year_re,CANV,2010,0.47695691468095547,0.5883187170394412,0.7137597232055358
year_re,CANV,2011,0.48468867999333476,0.5987484632570226,0.7247803931142527
year_re,CANV,2012,0.4924209081512421,0.6081811691320576,0.7352486240972465
year_re,CANV,2013,0.5001537184717301,0.6166887035333319,0.7461493424615335
year_re,CANV,2014,0.5078872085707016,0.6261492572047718,0.7570543363417287
year_re,CANV,2015,0.5156214487800278,0.6350508192152047,0.7679637888178763
year_re,CANV,2016,0.5224187084997834,0.6439469136666,0.7795693045182881
year_re,CANV,2017,0.5288994614660505,0.6524905301316689,0.79170473485483
year_re,CANV,2018,0.5350870371822909,0.6620687367834532,0.804177096067832
year_re,CANV,2019,0.5411598714616721,0.6718395378620883,0.8168221256802372
year_re,CANV,2022,0.5568401719329228,0.6982733860331531,0.8547772968375891
year_re,CANV,2023,0.5620264027687301,0.7080187265262592,0.8674336936790072
year_re,CANV,2024,0.5672130538028857,0.717904495065901,0.8800914095841655
year_re,CANV,2025,0.5723999383362626,0.7275920537846134,0.8927498811360055
year_re,CANV,2026,0.5775869149338092,0.7366883821709507,0.905408657688801
